acep,kind,basis,status,evidence
D606AW15,overhead,rule: title matches 'independent engineer',draft,"ehz8-ag3n load 2026-03-31, location indicator 'dollar': 'Mta Independent Engineering Services': This project provided funding for Independent Engineering Consultant Services utilized to review and oversee major projects. No Construction involved."
D606AW18,overhead,rule: title matches 'insurance',draft,"ehz8-ag3n load 2026-03-31, location indicator 'dollar': 'All Agency Protective Liability Insurance': This project was for All Agency Protective Liability insurance related to third party claims for property damage, loss, or bodily injury in connection with capital project construction work. No Construction involved."
D606AW21,overhead,rule: title matches 'administration',draft,"ehz8-ag3n load 2026-03-31, location indicator 'dollar': 'Program Administration': This project allocated a budget for B & T project management personnel performing overarching administrative functions related to the Capital Program. These duties might include, but are not limited to: future capital program planning and r"
D606AW22,reserve,rule: title matches '^miscellaneous$',draft,"ehz8-ag3n load 2026-03-31, location indicator 'dollar': 'Miscellaneous': This project allocated a budget for charges related to miscellaneous Capital Program tasks that include, but are not limited to: value engineering, interest payments, and constructability reviews. No Construction involved."
D606AW28,reserve,rule: title matches 'scope development',draft,"ehz8-ag3n load 2026-03-31, location indicator 'dollar': 'Scope Development': This project allocated a budget for the development of scopes for capital projects that are being considered for inclusion in a current or future capital program. No Construction involved."
D606AW85,overhead,rule: title matches 'traffic enforcement',draft,"ehz8-ag3n load 2026-03-31, location indicator 'dollar': 'Traffic Enforcement Support': This project allocated a budget for traffic management work that is performed by NYPD Traffic Enforcement Agents and B & T Operations staff, in support of various construction projects in the Capital Program."
D606AW94,physical,construction contracts through the Small Business Mentoring Program,draft,"ehz8-ag3n load 2026-03-31, location indicator 'dollar': 'Small Business Mentoring Program': The goal of this program was to develop the capabilities of small businesses in the construction trades, to increase the likelihood of their successfully bidding on and completing larger public works projects in the future, ultimately widen"
D706AW10,overhead,rule: title matches 'enterprise asset management',draft,"ehz8-ag3n load 2026-03-31, location indicator 'dollar': 'Enterprise Asset Management Program': This project provides funding for B&T's portion of the MTA Enterprise Asset Management program. This may include, and is not limited to, the acquisition of licenses for and implementation of information systems, software, and hardware."
D706AW15,overhead,rule: title matches 'independent engineer',draft,"ehz8-ag3n load 2026-03-31, location indicator 'dollar': 'Mta Independent Engineering Services': This project provided funding for Independent Engineering Consultant Services utilized to review and oversee major projects. No Construction involved."
D706AW18,overhead,rule: title matches 'insurance',draft,"ehz8-ag3n load 2026-03-31, location indicator 'dollar': 'All Agency Protective Liability Insurance': This project was for All Agency Protective Liability insurance related to third party claims for property damage, loss, or bodily injury in connection with capital project construction work. No Construction involved."
D706AW21,overhead,rule: title matches 'administration',draft,"ehz8-ag3n load 2026-03-31, location indicator 'dollar': 'Program Administration': This project allocated a budget for B&T project management personnel performing overarching administrative functions related to the Capital Program. These duties might include, but are not limited to future capital program planning, review,"
D706AW22,reserve,rule: title matches 'miscellaneous design and administrative',draft,"ehz8-ag3n load 2026-03-31, location indicator 'dollar': 'Miscellaneous Design And Administrative Activities': This project allocated a budget for charges related to miscellaneous Capital Program tasks that include, but are not limited to: value engineering, interest payments, and biddability/constructability/operability reviews (BCOR). No Construct"
D706AW28,reserve,rule: title matches 'scope development',draft,"ehz8-ag3n load 2026-03-31, location indicator 'dollar': 'Scope Development': This project allocates a budget for the development of scopes for capital projects that are being considered for inclusion in a current or future capital program. No Construction involved."
D706AW85,overhead,rule: title matches 'traffic enforcement',draft,"ehz8-ag3n load 2026-03-31, location indicator 'dollar': 'Traffic Enforcement Support': This project is a budgetary reserve that supports traffic management work that is performed by NYPD Traffic Enforcement Agents and B&T Operations staff, in support of various construction projects in the Capital Program."
D706AW94,physical,construction contracts through the Small Business Mentoring Program,draft,"ehz8-ag3n load 2026-03-31, location indicator 'dollar': 'Small Business Mentoring Program': The goal of the MTA Small Business Mentoring program was to develop the capabilities of small businesses in the construction trades, to increase the likelihood of their successfully bidding on and completing larger public works projects in "
D801AWX3,physical,program reserve: defined physical work not yet awarded,reviewed,"ehz8-ag3n load 2026-03-31, location indicator 'systemwide': 'Structural Health Monitoring': Under this project, the need for long term bridge health monitoring systems to monitor and collect data on any number of issues, such as fatigue, will be designed. Prototypes will be installed where recommended. This project is a reserve. B"
D801VN8Q,physical,physical work,draft,"ehz8-ag3n load 2026-03-31, location indicator 'base': 'Dehumidification Of The Main Cables At The  Verrazzano-Narrows Bridge': This project will install a dehumidification system on the main cables at the VNB to preserve the main cables."
D802VN84,physical,review: reconstruction of a named structure (a study is only part of its scope),reviewed,"ehz8-ag3n load 2026-03-31, location indicator 'base': 'Reconstruction Of The Of Upper Level Approaches At The Verrazzano-Narrows Bridge - Phase 2': The project is part of a multi-phased effort to replace the upper level approaches at the Verrazzano-Narrows Bridge. The study phase for this project was completed under the 2010-2014 Capital Program. The 2015-2019 Capital Program funded Ph"
D803AW36,physical,physical work,draft,"ehz8-ag3n load 2026-03-31, location indicator 'systemwide': 'Install And Integrate Ip Traffic Cameras At All B&T Facilities': This project will upgrade all nine B&T facility analog traffic cameras to digital IP cameras and integrate them to Advanced Traffic Management System, and implement additional IP cameras at B&T facilities for full traffic coverage. It will "
D803AW57,physical,physical work,draft,"ehz8-ag3n load 2026-03-31, location indicator 'systemwide': 'Enhancement And Upgrade Of Existing Advanced Management System (Atms) And Subsystems At All Nine Facilities And Operations Control And Command Center (Occc)': This project will provide for the enhancement and upgrade of B&T agency wide Advanced Traffic Management System and subsystem hardware and software, integration of new ITS devices and systems implemented by other programs and incorporate ne"
D806AW10,overhead,rule: title matches 'enterprise asset management',draft,"ehz8-ag3n load 2026-03-31, location indicator 'systemwide': 'Enterprise Asset Management Program': This project provides funding for B&T's portion of the MTA Enterprise Asset Management program. This may include, and is not limited to, the acquisition of licenses for and implementation of information systems, software, and hardware. This"
D806AW15,overhead,rule: title matches 'independent engineer',draft,"ehz8-ag3n load 2026-03-31, location indicator 'systemwide': 'Mta Independent Engineering Services': This project provided funding for Independent Engineering Consultant Services utilized to review and oversee major projects. No Construction involved."
D806AW18,overhead,rule: title matches 'insurance',draft,"ehz8-ag3n load 2026-03-31, location indicator 'systemwide': 'Protective Liability Insurance': This project was for insurance related to third party claims for property damage, loss, or bodily injury in connection with construction work for B&T's Capital Program. No Construction involved."
D806AW21,overhead,rule: title matches 'administration',draft,"ehz8-ag3n load 2026-03-31, location indicator 'systemwide': 'Program Administration': This project allocated a budget for B&T project management personnel performing overarching administrative functions related to the Capital Program. These duties might include, but are not limited to future capital program planning, review,"
D806AW28,reserve,rule: title matches 'scope development',draft,"ehz8-ag3n load 2026-03-31, location indicator 'systemwide': 'Scope Development': This project allocated a budget for the development of scopes for capital projects that are being considered for inclusion in a current or future capital program. No Construction involved."
D806AW29,reserve,rule: title matches 'reserve for preliminary designs',draft,"ehz8-ag3n load 2026-03-31, location indicator 'systemwide': 'Reserve For Preliminary Designs': This project allocates a budget for the development of preliminary design for capital projects that are being considered for inclusion in a current or future capital program. No Construction involved."
D806AW94,physical,construction contracts through the Small Business Mentoring Program,draft,"ehz8-ag3n load 2026-03-31, location indicator 'systemwide': 'Small Business Mentoring Program': The goal of the MTA Small Business Mentoring program is to develop the capabilities of small businesses in the construction trades, to increase the likelihood of their successfully bidding on and completing larger public works projects in t"
D901AW9V,physical,program reserve: defined physical work not yet awarded,reviewed,"ehz8-ag3n load 2026-03-31, location indicator 'dollar': 'Structural Health Monitoring': Under this project, bridge health monitoring systems to monitor and collect long-term data on any number of issues, such as fatigue, will be designed, and prototypes will be installed where recommended. This project is a reserve. Budget dol"
D901AW9Y,physical,program reserve: defined physical work not yet awarded,reviewed,"ehz8-ag3n load 2026-03-31, location indicator 'dollar': 'Miscellaneous Security Upgrades': Under this project, any recommended upgrades to improve either physical or electronic security for the various facilities will be designed and installed. This project is a reserve. Budget dollars may be reallocated into other Authority proj"
D901BW9Q,physical,physical work,draft,"ehz8-ag3n load 2026-03-31, location indicator 'base': 'Main Cable Dehumidification And Related Improvements At The Bronx-Whitestone Bridge': This project will install a dehumidification system on the main cables at the Bronx-Whitestone Bridge to preserve the main cables."
D901RK9I,physical,review: preliminary design of a defined retrofit at a named structure,reviewed,"ehz8-ag3n load 2026-03-31, location indicator 'base': 'Preliminary Design For The Substructure Retrofit At The Robert F. Kennedy Bridge': This project will perform an overall study of the remaining original viaduct substructures on the RFK Bridge complex to determine the need for structural retrofit and prepare the preliminary design for this work. Design Only Project."
D901TN9Q,physical,physical work,draft,"ehz8-ag3n load 2026-03-31, location indicator 'base': 'Main Cable Dehumidification And Related Improvements At The Throgs Neck Bridge': This project will install a dehumidification system on the main cables at the Throgs Neck Bridge to preserve the main cables."
D902AW9Q,physical,physical work,draft,"ehz8-ag3n load 2026-03-31, location indicator 'dollar': 'Authority -Wide Traffic Safety Improvements': This project will identify and implement any necessary traffic safety improvements at various facilities."
D902VN9I,physical,review: project development of a defined replacement (feasibility study of a named deck),reviewed,"ehz8-ag3n load 2026-03-31, location indicator 'base': 'Replacement Of The Suspended Span Lower Level Deck At The Verrazzano-Narrows Bridge': This project will perform a feasibility study for the replacement of the lower-level suspended span deck of the Verrazzano-Narrows bridge. Design Only Project."
D902VN9L,physical,program reserve: defined physical work not yet awarded,reviewed,"ehz8-ag3n load 2026-03-31, location indicator 'base': 'Replacement Of The Suspended Span Overlay On The Upper Level Of The Verrazano-Narrows Bridge': This is a reserve. This project will provide funding for the replacement of the suspended span overlay on the upper-level of the VNB if necessary."
D903AW9J,physical,program reserve: defined physical work not yet awarded,reviewed,"ehz8-ag3n load 2026-03-31, location indicator 'dollar': 'Weather Information Systems': Roadway Weather Information Systems (RWIS) provide information about the roadway surface temperatures as well as wind conditions at our facilities. This project is a reserve. This project will support Roadway Weather Information System (RWI"
D903AW9K,physical,physical work,draft,"ehz8-ag3n load 2026-03-31, location indicator 'dollar': 'Replacement Of Fiberoptic Communications Infrastructure': Targeted replacement of fiber optic communications infrastructure as needed at various facilities."
D903AW9L,physical,physical work,draft,"ehz8-ag3n load 2026-03-31, location indicator 'dollar': 'Advanced Traffic Detection / Management System': This project will provide life cycle replacement of Traffic Detection and Queue Warning Systems various facilities."
D903AW9M,physical,physical work,draft,"ehz8-ag3n load 2026-03-31, location indicator 'base': 'Enhancement And Upgrade Of Existing Advanced Management System (Atms) And Subsystems At All Nine Facilities And Operations Control And Command Center (Occc)': ATMS computer infrastructure life cycle replacement. Replace the ATMS servers and workstations at OCCC and all facilities operations centers. Update ATMS to support interfaces to the new data sources."
D903AW9N,physical,physical work,draft,"ehz8-ag3n load 2026-03-31, location indicator 'dollar': 'Toll System Upgrades At Various Facilities': Tolling system replacement/upgrades at all facilities."
D903AW9R,physical,physical work,draft,"ehz8-ag3n load 2026-03-31, location indicator 'dollar': 'Supervisory Control And Data Acquisition (Scada)': SCADA system upgrades at various facilities"
D903AW9S,physical,physical work,draft,"ehz8-ag3n load 2026-03-31, location indicator 'dollar': 'Advanced Traveler Information Systems & Vms Upgrades': Safety related Variable Message Sign (VMS) life cycle replacement at various facilities"
D904AW9X,physical,physical work,draft,"ehz8-ag3n load 2026-03-31, location indicator 'dollar': 'Replacement And Upgrades Of Fueling Systems': This project will address the need to upgrade aging fueling systems at various facilities."
D904AW9Z,physical,physical work,draft,"ehz8-ag3n load 2026-03-31, location indicator 'dollar': 'Uninterruptible Power Supply Overhaul': Replacement of UPS backup at each facility as needed."
D904RK9R,physical,program reserve: defined physical work not yet awarded,reviewed,"ehz8-ag3n load 2026-03-31, location indicator 'dollar': 'Miscellaneous Utility Upgrades At The Robert F. Kennedy Bridge - Reserve': This is a reserve. This project will provide funding for any utility upgrade identified at the Robert F. Kennedy Bridge."
D905AW9B,physical,program reserve: defined physical work not yet awarded,reviewed,"ehz8-ag3n load 2026-03-31, location indicator 'systemwide': 'Service Building Upgrade Reserve': Under this project, any recommended upgrades to the service buildings and their mechanical/electrical systems at the various facilities will be designed and installed. This project is a reserve. Budget dollars may be reallocated into other "
D905AW9C,physical,physical work,draft,"ehz8-ag3n load 2026-03-31, location indicator 'dollar': 'Agency-Wide Hazardous Materials Abatement': This project will address all hazardous materials and asbestos abatement work within the Bridges and Tunnels 2025-2029 capital program."
D906AW9A,overhead,rule: title matches 'enterprise asset management',draft,"ehz8-ag3n load 2026-03-31, location indicator 'dollar': 'Enterprise Asset Management Program': This project provides funding for B&T's portion of the MTA Enterprise Asset Management program. No Construction involved."
D906AW9D,overhead,rule: title matches 'independent engineer',draft,"ehz8-ag3n load 2026-03-31, location indicator 'dollar': 'Mta Independent Engineering Services': This project provides funding for Independent Engineering Consultant Services utilized to review and oversee major projects. No Construction involved."
D906AW9E,overhead,rule: title matches 'insurance',draft,"ehz8-ag3n load 2026-03-31, location indicator 'dollar': 'Protective Liability Insurance': This project is for insurance related to third party claims for property damage, loss, or bodily injury in connection with construction work for B&T's Capital Program. No Construction involved."
D906AW9F,overhead,rule: title matches 'administration',draft,"ehz8-ag3n load 2026-03-31, location indicator 'dollar': 'Program Administration': This project allocates a budget for B&T project management personnel performing overarching administrative functions related to the Capital Program. These duties might include, but are not limited to future capital program planning, review,"
D906AW9G,reserve,rule: title matches '^miscellaneous$',draft,"ehz8-ag3n load 2026-03-31, location indicator 'dollar': 'Miscellaneous': This project allocates a budget for charges related to miscellaneous Capital Program tasks that include, but are not limited to: risk assessments, value engineering, interest payments, and design-build stipends. No Construction involved."
D906AW9H,reserve,rule: title matches 'scope development',draft,"ehz8-ag3n load 2026-03-31, location indicator 'dollar': 'Scope Development': This project allocates a budget for the development of scopes for capital projects that are being considered for inclusion in a current or future capital program. No Construction involved."
D906AW9I,reserve,review: reserve for preliminary designs of projects not yet defined,draft,"ehz8-ag3n load 2026-03-31, location indicator 'dollar': 'Reserve For Preliminary Designs': This project allocates a budget for the development of preliminary designs for capital projects that are being considered for inclusion in a current or future capital program. No Construction involved."
D906AW9T,overhead,rule: title matches 'traffic enforcement',draft,"ehz8-ag3n load 2026-03-31, location indicator 'dollar': 'Traffic Enforcement Support': This project allocates a budget for traffic management work that is performed by NYPD Traffic Enforcement Agents and B&T Operations staff, in support of various construction projects at B&T crossings. No Construction involved."
D906AW9U,physical,construction contracts through the Small Business Mentoring Program,draft,"ehz8-ag3n load 2026-03-31, location indicator 'dollar': 'Small Business Mentoring Program': The goal of the MTA Small Business Mentoring program is to develop the capabilities of small businesses in the construction trades, to increase the likelihood of their successfully bidding on and completing larger public works projects in t"
D907AW9P,physical,program reserve: defined physical work not yet awarded,reviewed,"ehz8-ag3n load 2026-03-31, location indicator 'dollar': 'Miscellaneous Agency Wide Painting': This reserve project will facilitate removal of lead paint and repainting of the bridge structures with new high performance coating or performing overcoating to extend the service life of existing coatings. The overall strategy is to minim"
ED060201,overhead,rule: title matches 'administration',draft,"ehz8-ag3n load 2026-03-31, location indicator 'dollar': 'Mta B&T Administration Related To Sandy Funding And Program Implementation.': This project covered effort by MTA B&T personnel for administration related to Sandy funding and program implementation."
EM040208,physical,program reserve: defined physical work not yet awarded,reviewed,"ehz8-ag3n load 2026-03-31, location indicator 'systemwide': 'Mnr Comm & Signal Infrastructure Restoration': This project will provide reserve funding for the Sandy restoration program."
EM040303,physical,program reserve: defined physical work not yet awarded,reviewed,"ehz8-ag3n load 2026-03-31, location indicator 'systemwide': 'Mnr Communication & Signal Infrastructure Resiliency': This project will provide reserve funding for the Sandy mitigation program."
EM050211,physical,program reserve: defined physical work not yet awarded,reviewed,"ehz8-ag3n load 2026-03-31, location indicator 'systemwide': 'This Project Will Provide Reserve Funding For The Sandy Program.': This project will provide reserve funding for the Sandy restoration program."
ET040301,physical,program reserve: defined physical work not yet awarded,reviewed,"ehz8-ag3n load 2026-03-31, location indicator 'systemwide': 'Mitigation Reserve: Sealing System Openings From Floodwaters': This project is a budgetary reserve; it funds projects to develop and implement efficient and effective methods of sealing off street-level openings at entrances and other system segments vulnerable to flooding during a major storm event. E"
ET060337,physical,physical work,draft,"ehz8-ag3n load 2026-03-31, location indicator 'dollar': 'Mitigation: Department Of Buses Generators': This project will purchase new portable emergency diesel generators for the Department of Buses to supply power during emergency outages. Schedule dates are not available, due to project being under development."
ET090231,overhead,rule: title matches 'integrity monitor',draft,"ehz8-ag3n load 2026-03-31, location indicator 'dollar': 'Recovery: Sandy Repair Mta Independent Integrity Monitor': This project will fund the services of an independent integrity monitor to perform oversight of Sandy Recovery funds."
ET090308,physical,program reserve: defined physical work not yet awarded,reviewed,"ehz8-ag3n load 2026-03-31, location indicator 'systemwide': 'Mitigation Reserve: Deployable Substations': This project is a budgetary reserve; it funds projects to procure deployable substations to be used in the event of a storm or other emergency that renders an existing substation out of service for an extended period of time. As these mitig"
G6150101,physical,program reserve: defined physical work not yet awarded,reviewed,"ehz8-ag3n load 2026-03-31, location indicator 'car': 'Rolling Stock Reserve To Support Esa: Reserve For Rolling Stock (M-9a)': Rolling Stock Reserve to Support East Side Access: Project provides for a portion of the funds for the purchase of up to 160 rail cars needed to support Long Island Rail Road services to Grand Central Terminal, pending completion of a fleet"
G6160101,overhead,rule: title matches 'engineering and program support',draft,"ehz8-ag3n load 2026-03-31, location indicator 'systemwide': 'Miscellaneous Engineering And Program Support': Network Expansion: This program element provided for the planning, design, construction management, and overall program management requirements for the MTA's system expansion projects."
G6160102,overhead,rule: title matches 'independent engineer',draft,"ehz8-ag3n load 2026-03-31, location indicator 'dollar': 'Independent Engineering Consultant': Network Expansion: The Independent Engineering Consultant provided construction oversight services for MTACC projects. Work will include monitoring projects and reporting findings and recommendations relating to oversight, budget and schedu"
G7090150,overhead,rule: title matches 'operational readiness',draft,"ehz8-ag3n load 2026-03-31, location indicator 'dollar': 'Esa: Operational Readiness Training': East Side Access: Provide LIRR railroad force account support to the functions of operational readiness for Revenue Service Date."
G7090152,overhead,rule: title matches 'force account support',draft,"ehz8-ag3n load 2026-03-31, location indicator 'dollar': 'Esa: Force Account Support': East Side Access: Provide force account support, as required, to the project level contracts."
G7090168,physical,physical work,draft,"ehz8-ag3n load 2026-03-31, location indicator 'systemwide': 'Force Account Design Support': Miscellaneous design support."
G7090198,reserve,"review: mixed: insurance, construction, force account, soft costs and unallocated contingency",draft,"ehz8-ag3n load 2026-03-31, location indicator 'dollar': 'Esa: Program Support': East Side Access: Program Support project was created by deferring ESA work from the 2010-2014 and 2015-2019 capital programs to the next capital program in order to support increased needs for OCIP, construction, force account, soft costs,"
G7100104,overhead,rule: title matches 'construction management',draft,"ehz8-ag3n load 2026-03-31, location indicator 'systemwide': 'Sas 2: Construction Management': Second Avenue Subway Phase 2: Construction management resources."
G7100105,overhead,rule: title matches 'project support',draft,"ehz8-ag3n load 2026-03-31, location indicator 'dollar': 'Sas 2: Project Support': Second Avenue Subway Phase 2: Project management and support resources."
G7100107,physical,program reserve: defined physical work not yet awarded,reviewed,"ehz8-ag3n load 2026-03-31, location indicator 'base': 'Sas 2: Preliminary Construction/Utilities': Second Avenue Subway Phase 2: This is a reserve for preliminary construction and utility work."
G7100198,overhead,rule: title matches 'real estate',draft,"ehz8-ag3n load 2026-03-31, location indicator 'dollar': 'Sas 2: Real Estate': Second Avenue Subway Phase 2: This project funds real estate acquisitions, relocations, and other real estate costs."
G7100199,reserve,rule: scope matches 'project reserve',draft,"ehz8-ag3n load 2026-03-31, location indicator 'dollar': 'Sas 2: Reserve': Second Avenue Subway Phase 2: This funding is project reserve."
G7110102,overhead,rule: title matches 'program management',draft,"ehz8-ag3n load 2026-03-31, location indicator 'dollar': 'Psa: Program Management': Penn Station Access: Scope includes in-house and consultant program management services such as scheduling, estimating, and program controls."
G7110110,overhead,rule: title matches 'general engineering consultant',draft,"ehz8-ag3n load 2026-03-31, location indicator 'dollar': 'Psa: General Engineering Consultant': Penn Station Access: This is a consultant engineering contract which includes engineering design services and design support services during construction."
G7110113,physical,physical work,draft,"ehz8-ag3n load 2026-03-31, location indicator 'base': 'Arts At Stations': This budget is meant to support Arts for Transit at four new stations as well as a substation. Scope and budget are in development."
G7110199,reserve,rule: title matches 'contingenc',draft,"ehz8-ag3n load 2026-03-31, location indicator 'dollar': 'Penn Access Program Contingency': Program Contingency Reserve to support the Penn Access Project."
G7130113,physical,program reserve: defined physical work not yet awarded,reviewed,"ehz8-ag3n load 2026-03-31, location indicator 'base': 'Lirr Expansion Project: Lirr Force Account Reserve': LIRR Expansion Project: Force Account Reserve"
G7130121,reserve,rule: title matches 'project reserve',draft,"ehz8-ag3n load 2026-03-31, location indicator 'dollar': 'Lirr Expansion Project: Project Reserve': LIRR Expansion Project: These reserve funds support the LIRR Expansion Project."
G7140107,physical,physical work,draft,"ehz8-ag3n load 2026-03-31, location indicator 'base': 'Regional Investment To Support Esa: Gct Concourse & Facilities Part 2': Regional Investments related to East Side Access: Construction of grant-funded ADA enhancements at 45th Street."
G7140108,reserve,rule: title matches 'contingenc',draft,"ehz8-ag3n load 2026-03-31, location indicator 'dollar': 'Regional Investment To Support Esa: Program Contingency': Regional Investments related to East Side Access: Program Contingency."
G7140109,overhead,review: consultant engineering contract supporting the program,draft,"ehz8-ag3n load 2026-03-31, location indicator 'dollar': 'Regional Investment: Engineering And Design': Regional Investments related to East Side Access: This is a consultant engineering contract which includes engineering design services and design support services during construction."
G7140111,overhead,review: consultant construction management,draft,"ehz8-ag3n load 2026-03-31, location indicator 'systemwide': 'Regional Investment To Support Esa: Construction Management': Regional Investments related to East Side Access: Provides consultant and in-house construction management services during design, construction and closeout phase."
G7140198,reserve,"review: mixed: insurance, construction, force account, soft costs and unallocated contingency",draft,"ehz8-ag3n load 2026-03-31, location indicator 'dollar': 'Regional Investment: Program Support': Regional Investments related to East Side Access: Program Support project was created by deferring Regional Investment work from the 2010-2014 and 2015-2019 capital programs to the next capital program in order to support increased needs fo"
G7150102,reserve,review: risk reserve,draft,"ehz8-ag3n load 2026-03-31, location indicator 'dollar': 'Risk Reserve To Support East Side Access Project Completion.': Risk Reserve to Support East Side Access Project completion."
G7160101,overhead,review: engineering and program support,draft,"ehz8-ag3n load 2026-03-31, location indicator 'dollar': 'Network Expansion: Misc Engineering/Prog Support': Network Expansion: This program element provides for the planning, design, construction management, and overall program management requirements for the MTA's system expansion projects."
G7160102,overhead,rule: title matches 'independent engineer',draft,"ehz8-ag3n load 2026-03-31, location indicator 'dollar': 'Network Expansion: Mta Independent Engineering Consultant': Network Expansion: The Independent Engineering Consultant provided construction oversight services for MTACC projects. Work will include monitoring projects and reporting findings and recommendations relating to oversight, budget and schedu"
G7160103,overhead,rule: title matches 'administration',draft,"ehz8-ag3n load 2026-03-31, location indicator 'dollar': 'Mentoring Program Administration': This ACEP was for administration costs associated with the Small Business Development Program. It was closed unused, pursuant to the July 2017 Plan amenddment."
G8080101,overhead,rule: title matches '\bgec\b',draft,"ehz8-ag3n load 2026-03-31, location indicator 'dollar': 'Interborough Express Gec': The MTA intends to engage a general engineering consultant to provide design services for the Interborough Express Transit project to advance design. This contract will include the base award. Base scope is expected to include certain Work "
G8080103,overhead,rule: title matches 'general engineering consultant',draft,"ehz8-ag3n load 2026-03-31, location indicator '': 'Support Costs For The Ibx General Engineering Consultant Contract.': Third-party force account to support fieldwork; Third-party engineering consultants and outside counsel; C&D outside consultants and counsel support."
G8080104,overhead,rule: scope matches '\bgec\b',draft,"ehz8-ag3n load 2026-03-31, location indicator 'base': 'Project Management For Ibx': This ACEP will provide initial project management support for the GEC contract in Program 9 and the early stages of IBX."
G8080105,overhead,rule: title matches 'force account support',draft,"ehz8-ag3n load 2026-03-31, location indicator 'base': 'Force Account Support For Ibx': This ACEP will provide initial force account support for the GEC contract in Program 9 and early stages of IBX."
G8090106,physical,physical work,draft,"ehz8-ag3n load 2026-03-31, location indicator 'base': 'Esa: In-House & Amtrak Indirect Construction': Funds estimate at completion for ESA in-house or Amtrak Access & Protection and other indirect force account costs"
G8090108,overhead,rule: title matches 'program management',draft,"ehz8-ag3n load 2026-03-31, location indicator 'base': 'Esa: In-House & 3rd Party Program Management': Funds estimate at completion for ESA 3rd Party and internal program management costs"
G8090109,overhead,rule: title matches 'construction management',draft,"ehz8-ag3n load 2026-03-31, location indicator 'base': 'Esa: In-House & 3rd Party Construction Management': Funds estimate at completion for ESA 3rd Party and internal construction management costs"
G8090110,overhead,rule: title matches 'real estate',draft,"ehz8-ag3n load 2026-03-31, location indicator 'base': 'Esa: Real Estate': Funds estimate at completion for ESA real estate costs"
G8090112,physical,physical work,draft,"ehz8-ag3n load 2026-03-31, location indicator 'base': 'Esa: Rolling Stock (M-9a) Fleet': Project provides for a portion of the funds for the purchase of rail cars needed to support Long Island Rail Road services to Grand Central Terminal."
G8090113,overhead,rule: title matches 'real estate',draft,"ehz8-ag3n load 2026-03-31, location indicator 'base': 'Esa: 48th Street Entrance Real Estate': ESA Real estate funds needed for the 48th Street Entrance acquisition at 415 Madison Avenue"
G8090115,physical,physical work,draft,"ehz8-ag3n load 2026-03-31, location indicator 'base': 'Esa: Lirr Harold Stage 4': LIRR direct force account for work in Harold Interlocking"
G8090119,overhead,review: railroad force account providing project-wide support,draft,"ehz8-ag3n load 2026-03-31, location indicator 'base': 'Esa: Lirr Operating Support Services': LIRR force account providing project wide support"
G8090120,physical,physical work,draft,"ehz8-ag3n load 2026-03-31, location indicator 'base': 'Esa: Fa System Testing & Commissioning': LIRR force account providing system testing and commissioning associated with service operations"
G8090121,physical,physical work,draft,"ehz8-ag3n load 2026-03-31, location indicator 'base': 'Esa: Lirr Harold Stage 3': LIRR direct force account for work in Harold Interlocking"
G8090126,physical,physical work,draft,"ehz8-ag3n load 2026-03-31, location indicator 'base': 'Esa: Amtrak Operating Support Services': Amtrak force account providing project wide support"
G8090199,reserve,rule: scope matches 'project reserve',draft,"ehz8-ag3n load 2026-03-31, location indicator 'base': 'Esa: Program Reserve': ESA project reserve"
G8100102,overhead,review: reserve for future support costs,reviewed,"ehz8-ag3n load 2026-03-31, location indicator 'multilocation': 'Sas Ph 2: Pm/Cm/Support Reserve': SAS Phase 2 reserve for future support costs needed to complete the project"
G8100103,overhead,rule: title matches 'real estate',draft,"ehz8-ag3n load 2026-03-31, location indicator 'dollar': 'Sas Ph 2: Real Estate Reserve': SAS Phase 2 reserve for future real estate costs needed to complete the project"
G8100108,overhead,rule: title matches 'insurance',draft,"ehz8-ag3n load 2026-03-31, location indicator 'dollar': 'Sas 2 Owner Controlled Insurance Program': This ACEP covers insurance for Second Avenue Subway phase 2."
G8100109,physical,physical work,draft,"ehz8-ag3n load 2026-03-31, location indicator 'dollar': 'Sas 2 Artwork': This ACEP represents the budget for artwork to be installed at the new Second Avenue Subway phase 2 stations."
G8100198,reserve,rule: scope matches 'project reserve',draft,"ehz8-ag3n load 2026-03-31, location indicator 'dollar': 'Sas 2 Reserve': This ACEP is the project Reserve."
G8100201,reserve,rule: title matches 'project reserve',draft,"ehz8-ag3n load 2026-03-31, location indicator 'dollar': '125th Street Subway Project Reserve': $16 million is being provided by the State of New York for the feasibility study, environmental review, and preliminary engineering work for the western expansion of the Second Avenue Subway."
G8110102,overhead,rule: title matches 'program management',draft,"ehz8-ag3n load 2026-03-31, location indicator 'base': 'Penn Station Access: Program Management': Scope includes in-house and consultant program management services such as scheduling, estimating, and program controls"
G8110103,overhead,rule: title matches 'construction management',draft,"ehz8-ag3n load 2026-03-31, location indicator 'base': 'Penn Station Access: Construction Management': Scope includes consultant management of contracts during construction and closeout"
G8110110,overhead,rule: title matches 'general engineering consultant',draft,"ehz8-ag3n load 2026-03-31, location indicator 'base': 'Penn Station Access: General Engineering Consultant': This is a consultant engineering contract which includes engineering design services and design support services during PSA construction"
G8110111,physical,physical work,draft,"ehz8-ag3n load 2026-03-31, location indicator 'base': 'Penn Station Access: Force Account': PSA In-House and Amtrak force account work, including direct construction, access & protection and other indirect construction"
G8110112,overhead,rule: title matches 'real estate',draft,"ehz8-ag3n load 2026-03-31, location indicator 'base': 'Penn Station Access: Real Estate': Potential acquisition, appraisals and legal fees for PSA"
G8110113,overhead,rule: title matches '\bocip\b',draft,"ehz8-ag3n load 2026-03-31, location indicator 'base': 'Penn Station Access: Ocip': Provides insurance coverage under an Owner Controlled Insurance Program for PSA 3rd Party construction work"
G8110120,physical,program reserve: defined physical work not yet awarded,reviewed,"ehz8-ag3n load 2026-03-31, location indicator 'car': 'Fleet Purchase Reserve For Penn Station Access': $312 million was allocated in the 2020-24 amendment #2 as the initial investment to begin the purchase of rolling stock equipment necessary for Metro North to provide service into Penn Station."
G8110122,physical,physical work,draft,"ehz8-ag3n load 2026-03-31, location indicator 'car': 'Penn Station Access: Locomotive Purchase': The scope includes the design, manufacture, delivery, and testing of 13 Dual Mode Locomotives, in support of Penn Station Access Rolling Stock requirements."
G8110199,reserve,rule: scope matches 'project reserve',draft,"ehz8-ag3n load 2026-03-31, location indicator 'base': 'Penn Station Access: Program Reserve': PSA project reserve"
G8130119,overhead,rule: title matches 'real estate',draft,"ehz8-ag3n load 2026-03-31, location indicator 'base': 'Lirr Expansion Project: Real Estate': LIRR Expansion Project: Real estate acquisitions, relocations, and related costs for the LIRR Expansion Project."
G8130199,reserve,rule: scope matches 'project reserve',draft,"ehz8-ag3n load 2026-03-31, location indicator 'base': 'Lirr Expansion Project: Program Reserve': LIRR Expansion project reserve"
G8140104,physical,physical work,draft,"ehz8-ag3n load 2026-03-31, location indicator 'base': 'Regional Investments: Amtrak Direct Force Account': This element provides railroad force account work for the East Bound Reroute, which eliminates existing train conflicts between Amtrak and LIRR and increases speeds heading east and north, and the West Bound Reroute, which will allow Amtrak"
G8140105,physical,physical work,draft,"ehz8-ag3n load 2026-03-31, location indicator 'base': 'Regional Investments: Lirr Direct Force Account': This element provides railroad force account work for the East Bound Reroute, which eliminates existing train conflicts between Amtrak and LIRR and increases speeds heading east and north, and the West Bound Reroute, which will allow Amtrak"
G8140106,overhead,rule: title matches 'program management',draft,"ehz8-ag3n load 2026-03-31, location indicator 'base': 'Regional Investments: Program Management/Construction Management': Provides both in-house and 3rd Party program management and construction management services for the Regional Investments program"
G8140107,overhead,rule: title matches 'design/cps',draft,"ehz8-ag3n load 2026-03-31, location indicator 'base': 'Regional Investments; Design/Cps': Provides both in-house and 3rd Party design and construction phase services for the Regional Investments program"
G8140108,physical,physical work,draft,"ehz8-ag3n load 2026-03-31, location indicator 'base': 'Regional Investments: Rolling Stock (M-9a)': Project provides for a portion of the funds for the purchase of rail cars needed to support Long Island Rail Road services to Grand Central Terminal."
G8140110,overhead,rule: title matches '\bocip\b',draft,"ehz8-ag3n load 2026-03-31, location indicator 'base': 'Regional Investments: Ocip': It provides Owner-Controlled Insurance Program (OCIP) insurance coverage for third party construction work"
G8140116,physical,physical work,draft,"ehz8-ag3n load 2026-03-31, location indicator 'base': 'Regional Investments: Harold Catenary Work': Harold Interlocking Catenary Construction is a third-party Design-Build contract to perform Amtrak Force Account work. The scope includes: Catenary transfers In support of the Midday Yard; Port Washington Overrun Wire and 39th Street Bridge"
G8140118,overhead,rule: title matches 'amtrak access and protection',draft,"ehz8-ag3n load 2026-03-31, location indicator 'dollar': 'Amtrak Access And Protection': This ACEP covers AMTRAK construction support"
G8140119,overhead,review: railroad access and protection support,draft,"ehz8-ag3n load 2026-03-31, location indicator 'base': 'Lirr Access And Protection-Various': LIRR support for Mid-Day Storage Yard, Harold Catenary, and Harold B/C Structures"
G8140120,overhead,rule: title matches 'other regional investments support',draft,"ehz8-ag3n load 2026-03-31, location indicator 'dollar': 'Other Regional Investments Support': This ACEP covers miscellaneous support charges associated with various MTA Expansion projects"
G8140199,reserve,rule: scope matches 'project reserve',draft,"ehz8-ag3n load 2026-03-31, location indicator 'base': 'Regional Investments: Program Reserve': Regional Investments project reserve"
G8160101,overhead,review: engineering and program support,draft,"ehz8-ag3n load 2026-03-31, location indicator 'dollar': 'Miscellaneous: Engineering/Prog Support': This program element provides for the planning, design, construction management, and overall program management requirements for the MTA's system expansion projects"
G8160102,overhead,rule: title matches 'independent engineer',draft,"ehz8-ag3n load 2026-03-31, location indicator 'dollar': 'Miscellaneous: Independent Engineering Consultant': The Independent Engineering Consultant provides construction oversight services for legacy Network Expansion projects. Work will include monitoring projects and reporting findings and recommendations relating to oversight, budget and schedu"
G8160104,overhead,rule: title matches 'program control',draft,"ehz8-ag3n load 2026-03-31, location indicator 'dollar': 'Program Control & Data Mgmnt. Prog.-Wsp': Program Control & Data Mgmnt. Prog. Services-WSP"
G9080101,physical,"review: project development of a defined project (design, environmental review, early utility work); MTA titles it project development",reviewed,"ehz8-ag3n load 2026-03-31, location indicator 'base': 'Ibx: Project Development': IBX: Interborough Express advance design and environmental review, as well as early utility work and real estate acquisition."
G9080102,overhead,rule: scope matches 'general engineering consultant',draft,"ehz8-ag3n load 2026-03-31, location indicator 'base': 'Ibx General Enegineering Consultant Services': This project includes the general engineering consultant for the IBX preliminary engineering. This project will provide light rail service connecting Brooklyn and Queens. As contemplated, the project will be delivered in two phases. The fir"
G9120101,physical,review: project development of a defined project; MTA titles it project development,reviewed,"ehz8-ag3n load 2026-03-31, location indicator 'base': 'Grand Central Artery: Trainshed & Park Ave Tunnel Project Development Reserve.': Grand Central Artery: Trainshed & Park Ave Tunnel Project Development"
G9170102,overhead,rule: title matches 'real estate',draft,"ehz8-ag3n load 2026-03-31, location indicator 'systemwide': 'Sas 2 Real Estate': Additional real estate funding needs for SAS2."
L60904NA,overhead,rule: title matches 'administration',draft,"ehz8-ag3n load 2026-03-31, location indicator 'dollar': 'Program Administration': This project funded the LIRR costs associated with the support, administration and management of the 2010-2014 Capital Program."
L60904NB,reserve,rule: title matches 'program development',draft,"ehz8-ag3n load 2026-03-31, location indicator 'systemwide': 'Program Development': This project allowed the LIRR to prepare for future capital projects and undertake capital planning efforts by funding various designs, studies, and other preliminary planning efforts related to future capital projects."
L60904NC,overhead,rule: title matches 'insurance',draft,"ehz8-ag3n load 2026-03-31, location indicator 'dollar': 'Insurance': This project funded insurance needs associated with construction effort in the LIRR 2010-2014 Capital Program."
L60904ND,overhead,rule: title matches 'independent engineer',draft,"ehz8-ag3n load 2026-03-31, location indicator 'dollar': 'Mta Independent Engineer': This project funded the LIRR share of the MTA independent engineering work for projects throughout the capital program."
L60904NE,overhead,rule: title matches 'administration',draft,"ehz8-ag3n load 2026-03-31, location indicator 'dollar': 'Mentoring Program Administration': This project funded the LIRR share of the MTA Small Business Development Program."
L60904NF,overhead,rule: title matches '\bocip\b',draft,"ehz8-ag3n load 2026-03-31, location indicator 'dollar': 'Ocip': This project allocated funds for the MTA Owner Controlled Insurance Program (OCIP) for 3rd party contractors."
L60904NH,physical,physical work,draft,"ehz8-ag3n load 2026-03-31, location indicator 'systemwide': 'Sandy Mitigation Grant Support': Consultant support to the LIRR for preparation of the FTA Grant for Hurricane Sandy resiliency funding, due by March 31, 2014. Consultant provided Hazard Mitigation Cost Effectiveness Analysis; Project Implementation Strategy; Local and Reg"
L60904NQ,overhead,rule: title matches 'administration',draft,"ehz8-ag3n load 2026-03-31, location indicator 'dollar': '2015 Program Administration': This project funded the LIRR costs associated with the support, administration and management of the Capital Program."
L70604YJ,physical,review: program reserve: construction funding through the Small Business Mentoring Program,draft,"ehz8-ag3n load 2026-03-31, location indicator 'dollar': 'Mentor Allowance - Shops & Yards': This project is a budgetary reserve that will provide construction funding for individual projects. Various contracts supporting the shops and yards program will be awarded through the MTA Small Business Development Program (SBDP). This inc"
L70604YW,physical,program reserve: defined physical work not yet awarded,reviewed,"ehz8-ag3n load 2026-03-31, location indicator 'systemwide': 'Rehabilitation Of Employee Facilities': This project is a budgetary reserve that will provide construction funding for individual projects. It supports the restoration and improvement of select employee facilities to address various building systems within selected shops, yard fa"
L70904NJ,reserve,rule: title matches 'program development',draft,"ehz8-ag3n load 2026-03-31, location indicator 'dollar': 'Program Development': This project studied the feasibility of reactivating the Rockaway Beach Branch to provide a one-seat ride between midtown Manhattan and JFK International Airport and produced a comprehensive detailed Evaluation Report."
L70904NK,overhead,rule: title matches 'insurance',draft,"ehz8-ag3n load 2026-03-31, location indicator 'dollar': 'Insurance': This project funded insurance costs associated with capital projects. It supported programmatic needs."
L70904NL,overhead,rule: title matches 'independent engineer',draft,"ehz8-ag3n load 2026-03-31, location indicator 'dollar': 'Independent Engineer': This project reflected LIRR's share of the MTA-wide Independent Engineering Consultant contract. It supported programmatic needs and will remain in the ""planning"" phase throughout the life of this capital plan."
L70904NM,overhead,rule: title matches 'administration',draft,"ehz8-ag3n load 2026-03-31, location indicator 'dollar': 'Mentoring Program Administration': This project was to support the administration of the Small Business Development Program (SBDP). This need has since been centralized on an all-agency basis."
L70904NN,overhead,rule: title matches 'insurance',draft,"ehz8-ag3n load 2026-03-31, location indicator 'dollar': 'Ocip Insurance': This project will fund insurance costs under the Owner Controlled Insurance Program (OCIP). It supports programmatic needs."
L70904NQ,overhead,rule: title matches 'administration',draft,"ehz8-ag3n load 2026-03-31, location indicator 'dollar': 'Program Administration': This project supported programmatic needs and will remain in the ""planning"" phase throughout the life of this capital plan."
L70904NR,overhead,rule: title matches '\beam\b',draft,"ehz8-ag3n load 2026-03-31, location indicator 'dollar': 'Eam Reserve': This project allocated funds for a new MTA-wide initiative, Enterprise Asset Management. It supported programmatic needs and remained in the ""planning"" phase throughout the life of this capital plan."
L70904NS,physical,program reserve: defined physical work not yet awarded,reviewed,"ehz8-ag3n load 2026-03-31, location indicator 'base': 'Pcb Clean-Up - Penn Station': This project is a budgetary reserve. It funds the LIRR's cost share of an Amtrak-effort to undertake environmental remediation work in the track area of Penn Station, cleaning up polychlorinated biphenyl (PCB)."
L8020401,physical,program reserve: defined physical work not yet awarded,reviewed,"ehz8-ag3n load 2026-03-31, location indicator 'systemwide': 'Station Renewals: Various Locations': This project is a reserve for design and construction of station renewals such as platform replacement, lighting replacement, plaza and parking renewal will be performed at various stations."
L8020402,physical,program reserve: defined physical work not yet awarded,reviewed,"ehz8-ag3n load 2026-03-31, location indicator 'systemwide': 'Station Platform Components: Various Locations': This project is a reserve for design and construction of station platform renewals such as railing installation, signage, ESI amenities, platform replacement, stairs and shelter sheds at various stations"
L8020403,physical,program reserve: defined physical work not yet awarded,reviewed,"ehz8-ag3n load 2026-03-31, location indicator 'systemwide': 'Station Building Components: Various Locations': This project is a reserve for design and construction that includes replacement of roof and gutters at St. James Station Building (Mentor) Demolish Country Life Press Building and replace with ESI shelter and rehabilitate retaining walls an"
L8020405,physical,program reserve: defined physical work not yet awarded,reviewed,"ehz8-ag3n load 2026-03-31, location indicator 'systemwide': 'Elevator Replacement': This project will include a new elevator system at Mineola Parking Garage and remove, furnish, and install elevators at Auburndale, Bellmore, and Valley Stream stations. This is a Reserve ACEP."
L8020408,physical,construction contracts through the Small Business Mentoring Program,draft,"ehz8-ag3n load 2026-03-31, location indicator 'systemwide': 'Small Business Mentoring Program - Stations': This project is a reserve for design and construction of 3rd Party Contracts for Mentor Candidate Projects."
L8020498,overhead,rule: title matches 'project support',draft,"ehz8-ag3n load 2026-03-31, location indicator 'systemwide': 'C&D Project Support For Stations And Buildings Projects': This project includes LIRR administrative support for the Capital Program"
L80204RR,physical,program reserve: defined physical work not yet awarded,reviewed,"ehz8-ag3n load 2026-03-31, location indicator 'multilocation': 'Ada: 7 Stations': This project is a reserve for seven Stations, including St. Albans, Hollis, Hunterspoint, Locust Manor, Mets-Willets Point, and Forest Hills, to be rehabilitated to make them ADA compliant"
L8020501,physical,program reserve: defined physical work not yet awarded,reviewed,"ehz8-ag3n load 2026-03-31, location indicator 'systemwide': 'Parking Rehabilitation & Access Improvements': This project is a reserve that includes Ronkonkoma Garage interior steel painting and rehabilitation and expansion of existing surface parking lots."
L8020502,physical,construction contracts through the Small Business Mentoring Program,draft,"ehz8-ag3n load 2026-03-31, location indicator 'systemwide': 'Small Business Mentoring Program - Parking': This project is a reserve for the design and construction of 3rd Party Contracts for Mentor Candidate Projects"
L8020601,physical,program reserve: defined physical work not yet awarded,reviewed,"ehz8-ag3n load 2026-03-31, location indicator 'base': 'Penn Station Hvac, Platform,& Building Improvement Reserve': This reserve is intended to fund the design or floor surfacing, column cladding, LED lighting, new tactile stripes vertical surface painting, line-of-sight ceilings for platforms 7-11 and the construction of four stair replacements and twel"
L8020701,physical,review: program reserve: allowance for defined physical work at Grand Central Terminal,draft,"ehz8-ag3n load 2026-03-31, location indicator 'base': 'Gct Facility Needs': This project includes an allowance to address various GCT facility needs such as back of house elements, Fire Brigade equipment & material, toilet servicing & other equipment, and signage for Main Area and Joint Area in GCT"
L8030404,physical,program reserve: defined physical work not yet awarded,reviewed,"ehz8-ag3n load 2026-03-31, location indicator 'systemwide': 'Other Track Improvements - Reserve': This is a reserve project to fund track improvements."
L8030498,overhead,rule: title matches 'project support',draft,"ehz8-ag3n load 2026-03-31, location indicator 'systemwide': 'C&D Project Support For Other Track Improvement Projects': This project includes LIRR administrative support for the Capital Program"
L8040101,physical,program reserve: defined physical work not yet awarded,reviewed,"ehz8-ag3n load 2026-03-31, location indicator 'systemwide': 'Painting, Drainage, & Waterproofing Of Bridges': The project is a reserve for the painting of the Manhasset Viaduct, Wreck Lead Bridge, and Main Street and Waterproofing and drainage at Beaver Viaduct."
L8040102,physical,program reserve: defined physical work not yet awarded,reviewed,"ehz8-ag3n load 2026-03-31, location indicator 'multilocation': 'Replacement & Rehabilitation Of Bridges': This project is a reserve for design and construction that includes Cherry Valley Road Bridge Replacement, Webster Avenue Highway Bridge Replacement, Ralph Ave and Remsen Ave Bridges Rehabilitation, English Kills Bridge Rehabilitation, and "
L8040103,physical,program reserve: defined physical work not yet awarded,reviewed,"ehz8-ag3n load 2026-03-31, location indicator 'systemwide': 'Miscellaneous Bridge Work': This project is a reserve for design and construction that includes the mechanical overhaul of the movable Wreck Lead bridge components of the LIRR single leaf rolling lift thru-truss Bascule Bridge over Reynolds Channel [aka Wreck Lead Cha"
L8040104,physical,construction contracts through the Small Business Mentoring Program,draft,"ehz8-ag3n load 2026-03-31, location indicator 'systemwide': 'Small Business Mentoring Program - Bridges': This project is a reserve for the design and construction of 3rd Party Contracts for Mentor Candidate Projects"
L8040198,overhead,rule: title matches 'project support',draft,"ehz8-ag3n load 2026-03-31, location indicator 'systemwide': 'C&D Project Support For Bridge Projects': This project includes LIRR administrative support for the Capital Program"
L8040204,physical,construction contracts through the Small Business Mentoring Program,draft,"ehz8-ag3n load 2026-03-31, location indicator 'base': 'Small Business Mentoring Program - Tunnels': This project is a reserve for the Small Business Mentoring Program - Tunnels"
L8050103,physical,physical work,draft,"ehz8-ag3n load 2026-03-31, location indicator 'systemwide': 'Fiber Optic Network': This project includes the replacement of 57 out of the 112 legacy DWDM core and stations access nodes installed under the 2010 - 2014 capital program (Phase 5) with new industry carrier class IP/MPLS equipment supporting high bandwidth at s"
L8050207,physical,physical work,draft,"ehz8-ag3n load 2026-03-31, location indicator 'base': 'Positive Train Control (East Side Access)': This project is to support ESA 3P Contractor activities and costs associated with installation associated with PTC needs for ESA project."
L8050298,overhead,rule: title matches 'project support',draft,"ehz8-ag3n load 2026-03-31, location indicator 'systemwide': 'C&D Project Support For Signal Improvement Projects': This project includes LIRR administrative support for the Capital Program"
L8060101,physical,physical work,draft,"ehz8-ag3n load 2026-03-31, location indicator 'base': 'Rolling Stock Support Shop Equipment': This project includes various upgrades to support shop equipment such as replacement of wheel truers, car movers, train car wash replacement, and other priority equipment."
L8060104,physical,construction contracts through the Small Business Mentoring Program,draft,"ehz8-ag3n load 2026-03-31, location indicator 'systemwide': 'Small Business Mentoring Program - Shops & Yards': This project is a reserve for design and construction of 3rd Party Contracts for Mentor Candidate Projects."
L8060198,overhead,rule: title matches 'project support',draft,"ehz8-ag3n load 2026-03-31, location indicator 'systemwide': 'C&D Project Support For Shops And Yards Projects': This project includes LIRR administrative support for the Capital Program"
L8060407,physical,program reserve: defined physical work not yet awarded,reviewed,"ehz8-ag3n load 2026-03-31, location indicator 'base': 'Rehab Of Employee Facilities - Bethpage Sbmp': This is a funding reserve project that funds the Bethpage Employee Facility 3rd Party Contracts. It funds the HVAC contract and Fire Suppression contract."
L8060408,physical,construction contracts through the Small Business Mentoring Program,draft,"ehz8-ag3n load 2026-03-31, location indicator 'base': 'Hillside Facility Freight Elevator # 8 - Small Business Mentoring Program': The project entails component upgrades for the Hillside Support Facility freight elevator 8. Replacement of components, reconditioning of structural elements, upgrades to ventilation systems, and safety controls by converting to a fully aut"
L8070198,overhead,rule: title matches 'project support',draft,"ehz8-ag3n load 2026-03-31, location indicator 'systemwide': 'C&D Project Support For Power Projects': This project includes LIRR administrative support for the Capital Program"
L8090409,overhead,rule: title matches '\beam\b',draft,"ehz8-ag3n load 2026-03-31, location indicator 'dollar': 'Eam Development': This project includes the development of LIRR system geospatial infrastructure survey"
L8090410,overhead,rule: title matches 'administration',draft,"ehz8-ag3n load 2026-03-31, location indicator 'dollar': 'Program Administration': This project includes LIRR administrative support for the Capital Program"
L8090411,reserve,rule: title matches 'program development',draft,"ehz8-ag3n load 2026-03-31, location indicator 'dollar': 'Program Development': This project includes surveying to support future capital projects; includes 3rd party facility inspections"
L8090412,overhead,rule: title matches 'insurance',draft,"ehz8-ag3n load 2026-03-31, location indicator 'dollar': 'Insurance': This project includes Liability Insurance & Protective Liability insurance"
L8090413,overhead,rule: title matches 'independent engineer',draft,"ehz8-ag3n load 2026-03-31, location indicator 'dollar': 'Independent Engineer': This project provides funds for the Independent Engineering Consultant which provides construction oversight services for LIRR projects included in the MTA 2020-2024 Capital Program. Work includes monitoring projects from the planning phase"
L8090414,overhead,rule: title matches 'administration',draft,"ehz8-ag3n load 2026-03-31, location indicator 'dollar': 'Sbdp Administration': This project is a reserve that funds LIRR's contribution towards administration of the MTA's Small Business Mentoring Program."
L8090415,overhead,rule: title matches '\bocip\b',draft,"ehz8-ag3n load 2026-03-31, location indicator 'dollar': 'Ocip': This project is the Owner Controlled Insurance Program (OCIP)"
L8090417,overhead,rule: title matches '^engineering services$',draft,"ehz8-ag3n load 2026-03-31, location indicator 'systemwide': 'Engineering Services': Third party engineering services for Capital Projects"
L9020403,physical,construction contracts through the Small Business Mentoring Program,draft,"ehz8-ag3n load 2026-03-31, location indicator 'systemwide': 'Small Business Mentoring Program - Stations': Construction contracts for Small Business Mentoring firms, in support of Stations projects in the 2025 - 2029 Capital Program."
L9020405,reserve,review: design for future station work not yet defined,draft,"ehz8-ag3n load 2026-03-31, location indicator 'systemwide': 'Station Improvements: Various Locations': Project provides for design work in support of station infrastructure improvements at selected locations. Design work will allow station elements to be brought up to current codes and LIRR standards and to address station operational requir"
L9020407,reserve,review: design for future station renewals not yet defined,draft,"ehz8-ag3n load 2026-03-31, location indicator 'systemwide': 'Station Design - Various Locations': Undertake station design work necessary to support future station renewal."
L9030102,physical,physical work,draft,"ehz8-ag3n load 2026-03-31, location indicator 'systemwide': 'M Of W Equipment Purchases': Purchase of various new construction equipment and replacement of outdated equipment to support regular track maintenance."
L9030103,physical,physical work,draft,"ehz8-ag3n load 2026-03-31, location indicator 'systemwide': 'Renewal Of Right Of Way Culverts, Drainage, Retaining Walls': Renewal of culverts, drainage, retaining walls, and other right-of-way infrastructure, in support of state of good repair, enhanced safety and climate resiliency."
L9030404,physical,review: a study of work at particular places (LIRR grade crossings),reviewed,"ehz8-ag3n load 2026-03-31, location indicator 'systemwide': 'Grade Crossing Renewals': Project will fund a study to focus on grade crossing improvements, with the aim of enhancing safety, improving reliability and reducing conflicts between roadway and train traffic."
L9030432,physical,review: a study of work at a particular place (Jamaica),reviewed,"ehz8-ag3n load 2026-03-31, location indicator 'base': 'Jamaica Capacity Improvements Phase 2 Study': The purpose of this study is to determine whether the current design of the JCI Phase 2 project still meets the LIRR's present and future needs. LIRR has made significant changes to its operating plans, and has raised concerns about constru"
L9040102,physical,construction contracts through the Small Business Mentoring Program,draft,"ehz8-ag3n load 2026-03-31, location indicator 'systemwide': 'Small Business Mentoring Program - Bridges': Construction contracts for Small Business Mentoring firms, in support of Line Structures projects in the 2025 - 2029 Capital Program."
L9040104,physical,physical work,draft,"ehz8-ag3n load 2026-03-31, location indicator 'systemwide': 'Miscellaneous Line Structures': Project provides for design and preliminary engineering to support future Line Structures construction projects."
L9040201,physical,physical work,draft,"ehz8-ag3n load 2026-03-31, location indicator 'base': 'Atlantic Avenue Tunnel Structural Work': Project will begin to address deteriorated structural conditions in the Atlantic Avenue Tunnel in Brooklyn, which supports all LIRR train operations between Atlantic Terminal and Jamaica. Focus will be on the tunnel's floor beam system, whi"
L9050101,physical,physical work,draft,"ehz8-ag3n load 2026-03-31, location indicator 'systemwide': 'Communications Sgr': Replace and upgrade selected Communications components across the LIRR network, in order to maintain infrastructure in a state of good repair. Project will include replacement of communication poles and associated hardware, support by asbes"
L9050203,physical,physical work,draft,"ehz8-ag3n load 2026-03-31, location indicator 'systemwide': 'Signal Replacement And Interlocking Upgrades': Project provides for switch replacement and upgrades within selected interlockings while also advancing signal system design work, to support future signal renewal projects."
L9050206,overhead,rule: a study ('\bstud(y|ies)\b'); physical instead if it concerns work at a particular place,draft,"ehz8-ag3n load 2026-03-31, location indicator 'systemwide': 'Signal Modernization': Study and design work to support future modernization and upgrades to the LIRR signal system. This will address areas of the LIRR which do not have signal systems which meet the current industry standards."
L9060102,physical,construction contracts through the Small Business Mentoring Program,draft,"ehz8-ag3n load 2026-03-31, location indicator 'systemwide': 'Small Business Mentoring Program - Shops & Yards': Construction contracts for Small Business Mentoring firms, in support of Shops & Yards projects in the 2025 - 2029 Capital Program."
L9060103,physical,physical work,draft,"ehz8-ag3n load 2026-03-31, location indicator 'systemwide': 'Rolling Stock Support Shop Equipment': Project provides for the cyclical replacement of Rolling Stock Support Equipment, located in various LIRR shops, which supports the maintenance and repair of various rolling stock systems and components."
L9060104,physical,physical work,draft,"ehz8-ag3n load 2026-03-31, location indicator 'systemwide': 'Design And Preliminary Engineering For A New Shop': Provides for the design and preliminary engineering in support of a future new fleet maintenance shop."
L9060402,physical,construction contracts through the Small Business Mentoring Program,draft,"ehz8-ag3n load 2026-03-31, location indicator 'systemwide': 'Small Business Mentoring Program - Employee Facilities': Construction contracts for Small Business Mentoring firms, in support of Employee Facilities projects in the 2025 - 2029 Capital Program."
L9070101,physical,physical work,draft,"ehz8-ag3n load 2026-03-31, location indicator 'systemwide': 'Substation Replacements': Project will provide for the replacement of LIRR traction power substations, supporting the operations of the LIRR electric train fleet. Substations identified for replacement include: Winfield, Murray Hill, Laurelton, West Hempstead, Utica"
L9070102,physical,physical work,draft,"ehz8-ag3n load 2026-03-31, location indicator 'systemwide': 'Substation Component Renewal': Provides for the replacement of selected substation components, in support of continued reliability of the LIRR's traction power system. Components identified for replacement may include but are not limited to: transformers, rectifiers, AC "
L9070106,overhead,rule: a study ('\bstud(y|ies)\b'); physical instead if it concerns work at a particular place,draft,"ehz8-ag3n load 2026-03-31, location indicator 'systemwide': 'Power Modernization: Various Locations': Study and design work to support future power upgrades to a branch or branch segment. This will address areas of the LIRR which currently have insufficient infrastructure to address operational needs."
L9070132,physical,physical work,draft,"ehz8-ag3n load 2026-03-31, location indicator 'systemwide': 'Signal Power Line & Pole Replacement': The removal and replacement of associated hardware (switches, Transformers, EO's, insulators, cross arms and control cables) in conjunction with power line and power pole replacement that support signal power across the LIRR system."
L9090404,overhead,rule: title matches 'enterprise asset management',draft,"ehz8-ag3n load 2026-03-31, location indicator 'dollar': 'Enterprise Asset Management (Eam) Development': Continued rollout of LIRR Enterprise Asset Management program."
L9090405,overhead,rule: title matches 'administration',draft,"ehz8-ag3n load 2026-03-31, location indicator 'dollar': 'Program Administration': This project includes LIRR administrative support for the Capital Program."
L9090406,reserve,rule: title matches 'program development',draft,"ehz8-ag3n load 2026-03-31, location indicator 'dollar': 'Program Development': This project includes surveying to support future capital projects; includes 3rd party facility inspections."
L9090407,overhead,rule: title matches 'insurance',draft,"ehz8-ag3n load 2026-03-31, location indicator 'dollar': 'Railroad Liability And Protective Liability Insurance': This project includes Liability Insurance & Protective Liability insurance."
L9090408,overhead,rule: title matches 'independent engineer',draft,"ehz8-ag3n load 2026-03-31, location indicator 'dollar': 'Independent Engineer Consultant': This project provides funds for the Independent Engineering Consultant which provides construction oversight services for LIRR projects included in the MTA 2025 - 2029 Capital Program. Work includes monitoring projects from the planning pha"
L9090409,overhead,rule: title matches 'administration',draft,"ehz8-ag3n load 2026-03-31, location indicator 'dollar': 'Small Business Mentoring (Sbmp) Administration': This project is a reserve that funds LIRR's contribution towards administration of the MTA's Small Business Mentoring Program."
L9090410,overhead,rule: title matches 'insurance',draft,"ehz8-ag3n load 2026-03-31, location indicator 'dollar': 'Owner Controlled Insurance Program (Ocip)': This project is the Owner Controlled Insurance Program (OCIP)."
M6040119,overhead,rule: title matches 'settlement',draft,"ehz8-ag3n load 2026-03-31, location indicator 'dollar': 'Superstorm Sandy Settlement': This was an allocation for a settlement agreement between Metro-North Railroad and Judlau-TC Electric JV for the Superstorm Sandy project that was paid in January 2025 under M7040114."
M6080103,overhead,rule: title matches 'protective liability',draft,"ehz8-ag3n load 2026-03-31, location indicator 'dollar': 'Railroad Protective Liability': This project allocated for Metro-North's share of the MTA program to provide protection from liability losses in connection with construction work related to capital projects, eliminating the need for each contractor to obtain Railroad Prot"
M6080104,overhead,rule: title matches 'independent engineer',draft,"ehz8-ag3n load 2026-03-31, location indicator 'dollar': 'Mta Independent Engineer': This project funded the Metro-North share of the MTA independent engineering oversight work for projects throughout the capital program."
M6080105,overhead,rule: title matches 'administration',draft,"ehz8-ag3n load 2026-03-31, location indicator 'dollar': 'Mentoring Program Administration': This project funded the Metro-North share of the costs to administer the MTA Small Business Development Program."
M6080106,overhead,rule: title matches 'administration',draft,"ehz8-ag3n load 2026-03-31, location indicator 'dollar': 'Program Administration': This project allocated to provide administrative support for the 2010-2014 Capital Program."
M6080107,reserve,rule: title matches 'scope development',draft,"ehz8-ag3n load 2026-03-31, location indicator 'dollar': 'Program Scope Development': This allocation sets aside funds to develop scopes-of-work for as of yet undefined potential capital projects."
M6080108,overhead,rule: title matches 'insurance',draft,"ehz8-ag3n load 2026-03-31, location indicator 'dollar': 'Owner Controlled Insurance Program (Ocip)': This project allocated funds for the MTA Owner Controlled Insurance Program (OCIP) for 3rd party contractors."
M6080111,reserve,rule: title matches 'scope development',draft,"ehz8-ag3n load 2026-03-31, location indicator 'systemwide': '2015 Program Scope Development': This project set aside funds to develop scopes-of-work for as of yet undefined potential capital projects."
M6080112,overhead,rule: title matches 'administration',draft,"ehz8-ag3n load 2026-03-31, location indicator 'dollar': '2015 Program Administration': This project funded for the 2015 Capital Program Administration costs on an interim basis."
M6080113,overhead,rule: title matches 'c&d engineering',draft,"ehz8-ag3n load 2026-03-31, location indicator 'systemwide': 'C&D Engineering': This project provided data management for C&D Engineering."
M7010104,physical,physical work,draft,"ehz8-ag3n load 2026-03-31, location indicator 'car': 'Fleet Support (Design Only)': This project is for the development of coach specifications and support during the proposal process to procure a vendor to design, build, and deliver coaches."
M7030113,physical,review: a study of work at a particular place (Harlem Line third track),reviewed,"ehz8-ag3n load 2026-03-31, location indicator 'systemwide': 'Harlem Third Track Conceptual Planning. Design Only.': This project is for the Harlem Line Third Track Conceptual Planning."
M7030201,physical,physical work,draft,"ehz8-ag3n load 2026-03-31, location indicator 'systemwide': 'Overhead Bridge Program  - E Of H': Funding from the 2015-2019 Capital Program will support the construction of the Broadway (Harrison) and Fulton Avenue (Mount Vernon) overhead bridges through third party contractors. The project schedule is sequenced so that some bridges ar"
M7030203,physical,physical work,draft,"ehz8-ag3n load 2026-03-31, location indicator 'systemwide': 'Undergrade Bridge Rehabilitation **': The purpose of the project is to replace bridges, rehabilitate and maintain existing bridges that are not in a State of Good Repair (SGR) in ""deficient but serviceable"" condition and arrest continuing deterioration as feasible. The project "
M7040114,overhead,rule: title matches 'settlement',draft,"ehz8-ag3n load 2026-03-31, location indicator 'dollar': 'Superstorm Sandy Settlement Agreement': This project was for the Superstorm Sandy settlement agreement."
M7080103,overhead,rule: title matches 'protective liability',draft,"ehz8-ag3n load 2026-03-31, location indicator 'dollar': 'Railroad Protective Liability': This project represented Metro-North's share of the cost for the All Agency Protective Liability contract."
M7080104,overhead,rule: title matches 'independent engineer',draft,"ehz8-ag3n load 2026-03-31, location indicator 'dollar': 'Independent Engineer': This project was to fund Metro North's share of the Independent Engineer Contract."
M7080105,overhead,rule: title matches 'administration',draft,"ehz8-ag3n load 2026-03-31, location indicator 'dollar': 'Mentoring Program Administration': This project is for the MNR share of the bonding for the work associated with the small business federal program (SBFP)."
M7080106,overhead,rule: title matches 'administration',draft,"ehz8-ag3n load 2026-03-31, location indicator 'dollar': 'Program Administration': This project provided administrative support for the 2015-2019 Capital Program."
M7080107,reserve,rule: title matches 'scope development',draft,"ehz8-ag3n load 2026-03-31, location indicator 'dollar': 'Program Scope Development': This allocation set aside funds to develop scopes-of-work for undefined capital projects."
M7080108,overhead,rule: title matches 'insurance',draft,"ehz8-ag3n load 2026-03-31, location indicator 'dollar': 'Ocip - Insurance': This project was for OCIP insurance for the Metro North Capital Construction Program. The program ran through the end of the 2015 - 2019 Capital Program and beyond until the last eligible/included project is completed."
M7080110,physical,physical work,draft,"ehz8-ag3n load 2026-03-31, location indicator 'dollar': 'Systemwide Security Initiatives': This project supports the MTA-wide Facilities Security initiative."
M7080111,overhead,rule: title matches '\beam\b',draft,"ehz8-ag3n load 2026-03-31, location indicator 'dollar': 'Eam Reserve': This Reserve ACEP funds the MTA-wide Enterprise Asset Management initiative."
M8010102,physical,physical work,draft,"ehz8-ag3n load 2026-03-31, location indicator 'car': 'Locomotive Replacement': This project will support development of specifications and the process of procurement up to award, anticipated the future for a fleet of Dual Mode locomotives, All-Electric locomotives, and Multi-Level Coaches."
M80101RW,overhead,retroactive wage adjustment,draft,"ehz8-ag3n load 2026-03-31, location indicator 'dollar': 'Retroactive Wage Adjustment': This is a reserve for the administrative adjustments for retroactive wage adjustments."
M80201RW,overhead,retroactive wage adjustment,draft,"ehz8-ag3n load 2026-03-31, location indicator 'dollar': 'Retroactive Wage Adjustment': This is a reserve for the administrative adjustments for retroactive wage adjustments."
M8020203,physical,program reserve: defined physical work not yet awarded,reviewed,"ehz8-ag3n load 2026-03-31, location indicator 'systemwide': 'Harlem Ada Improvements': The project is a reserve for ADA improvements at select stations on the Harlem Line. Improvement will include wheelchair accessibility for access to each platform in both directions of travel."
M8020209,physical,"review: station project at three named stations (Woodlawn, Botanical Garden, Williams Bridge)",draft,"ehz8-ag3n load 2026-03-31, location indicator 'multilocation': '3 Bronx Stations: Woodlawn, Botanical Gardens & Williams Bridge': MTA Construction & Development has secured the services of a consultant, to provide professional services for the scope development, preliminary design development, and production of Request for Proposals documents for Americans with Disabi"
M80202RW,overhead,retroactive wage adjustment,draft,"ehz8-ag3n load 2026-03-31, location indicator 'dollar': 'Retroactive Wage Adjustment': This is a reserve for the administrative adjustments for retroactive wage adjustments."
M8020302,physical,construction contracts through the Small Business Mentoring Program,draft,"ehz8-ag3n load 2026-03-31, location indicator 'systemwide': 'Small Business Mentoring Program - Parking': This project is a reserve to fund the design and construction of MTA Small Business Mentoring Program awards for parking enhancements. These enhancements will address select deteriorated conditions in the parking and station access elements"
M8030104,physical,physical work,draft,"ehz8-ag3n load 2026-03-31, location indicator 'systemwide': 'Rock Slope Remediation - East Of Hudson': This project includes funding for the following: a design consultant contract for the annual inspection of rock slopes sites and the development of remediation designs for the future Capital Program; a 3rd party construction contract with e"
M8030105,physical,physical work,draft,"ehz8-ag3n load 2026-03-31, location indicator 'base': 'Rebuild Marble Hill Retaining Wall - Phase 1 Design Only': The object of this project is to procure Design/Engineering services for the replacement of an existing retaining wall located at Marble Hill. Phase 1 includes the inspection and design for the replacement of the existing retaining wall, pr"
M8030107,physical,physical work,draft,"ehz8-ag3n load 2026-03-31, location indicator 'systemwide': 'Maintenance Of Way Equipment': This project is for procurement of Maintenance of Way equipment and rolling stock to replace current equipment based on need, in support of in-house cyclical right-of-way investments."
M80301RW,overhead,retroactive wage adjustment,draft,"ehz8-ag3n load 2026-03-31, location indicator 'dollar': 'Retroactive Wage Adjustment': This is a reserve for the administrative adjustments for retroactive wage adjustments."
M8030202,physical,program reserve: defined physical work not yet awarded,reviewed,"ehz8-ag3n load 2026-03-31, location indicator 'systemwide': 'Undergrade Bridge Program - East Of Hudson': This project is a reserve to replace bridges, rehabilitate and maintain existing bridges that are not in a State of Good Repair (SGR) in ""deficient but serviceable"" condition and arrest continuing deterioration as feasible. This project was"
M8030203,physical,program reserve: defined physical work not yet awarded,reviewed,"ehz8-ag3n load 2026-03-31, location indicator 'systemwide': 'Overhead Bridge Program': This project is a reserve that will support the construction of overhead bridges through third party contractors. The project schedule is sequenced so that some bridges are in the construction phase while others are in design. This project "
M80302RW,overhead,retroactive wage adjustment,draft,"ehz8-ag3n load 2026-03-31, location indicator 'dollar': 'Retroactive Wage Adjustment': This is a reserve for the administrative adjustments for retroactive wage adjustments."
M8030301,physical,program reserve: defined physical work not yet awarded,reviewed,"ehz8-ag3n load 2026-03-31, location indicator 'systemwide': 'West Of Hudson Rock Slope Remediation - Pt Jervis Line': This is a reserve for the safety of Metro North Railroad passengers on the West of Hudson (WOH) lines through rock slope remediation."
M8030306,physical,construction contracts through the Small Business Mentoring Program,draft,"ehz8-ag3n load 2026-03-31, location indicator 'systemwide': 'Small Business Mentoring Program - West Of Hudson': This project is a reserve to fund the design and construction of MTA Small Business Development Program awards on the West of Hudson Line."
M8030307,physical,program reserve: defined physical work not yet awarded,reviewed,"ehz8-ag3n load 2026-03-31, location indicator 'systemwide': 'West Of Hudson Capacity Improvements - Pt Jervis Line': This project is a reserve for the construction of three passing sidings and associated infrastructure along the PJL in Orange County and the construction of a diesel train yard mid-point along the PJL to accommodate up to eight train consis"
M80303RW,overhead,retroactive wage adjustment,draft,"ehz8-ag3n load 2026-03-31, location indicator 'dollar': 'Retroactive Wage Adjustment': This is a reserve for the administrative adjustments for retroactive wage adjustments."
M8040103,physical,physical work,draft,"ehz8-ag3n load 2026-03-31, location indicator 'systemwide': 'Voice Recorder Replacement': This project will support the MTA-wide Voice Recorder replacement initiative."
M8040105,physical,physical work,draft,"ehz8-ag3n load 2026-03-31, location indicator 'systemwide': 'Station Public Address System': This project provides for system integration and construction management services for the PA system for various stations."
M80401RW,overhead,retroactive wage adjustment,draft,"ehz8-ag3n load 2026-03-31, location indicator 'dollar': 'Retroactive Wage Adjustment': This is a reserve for the administrative adjustments for retroactive wage adjustments."
M80501RW,overhead,retroactive wage adjustment,draft,"ehz8-ag3n load 2026-03-31, location indicator 'dollar': 'Retroactive Wage Adjustment': This is a reserve for the administrative adjustments for retroactive wage adjustments."
M8060103,physical,construction contracts through the Small Business Mentoring Program,draft,"ehz8-ag3n load 2026-03-31, location indicator 'systemwide': 'Small Business Mentoring Program - Shops & Yards': This project is a reserve that will fund design and construction of MTA Small Business Development Program awards in the Shops and Yards category."
M8080103,overhead,rule: title matches 'protective liability',draft,"ehz8-ag3n load 2026-03-31, location indicator 'dollar': 'Railroad Protective Liability': This project represented Metro-North's share of the cost for the All Agency Protective Liability contract."
M8080104,overhead,rule: title matches 'independent engineer',draft,"ehz8-ag3n load 2026-03-31, location indicator 'dollar': 'Independent Engineer': This project will provide funds for the Independent Engineering Consultant which provides construction oversight services for MNR projects included in the MTA 2020-2024 Capital Program. Work will include monitoring projects from the plannin"
M8080105,overhead,rule: title matches 'administration',draft,"ehz8-ag3n load 2026-03-31, location indicator 'dollar': 'Program Administration': This project provides administrative support for the 2020-2024 Capital Program."
M8080106,reserve,rule: title matches 'scope development',draft,"ehz8-ag3n load 2026-03-31, location indicator 'dollar': 'Program Scope Development': This allocation sets aside funds to develop scopes-of-work for as of yet undefined potential capital projects."
M8080107,overhead,rule: title matches 'insurance',draft,"ehz8-ag3n load 2026-03-31, location indicator 'dollar': 'Owner Controlled Insurance Program (Ocip)': This project is for OCIP insurance for the Metro North Capital Construction Program. The program runs through the end of the 2020 - 2024 Capital Program and beyond until the last eligible/included project is completed."
M8080108,physical,physical work,draft,"ehz8-ag3n load 2026-03-31, location indicator 'dollar': 'Systemwide Security Initiatives': This project will support the MTA-wide Facilities Security initiative."
M8080109,overhead,rule: title matches 'administration',draft,"ehz8-ag3n load 2026-03-31, location indicator 'dollar': 'Small Business Mentoring Program Administration': This project is a reserve that funds MNR's contribution towards administration of the MTA's Small Business Mentoring Program."
M9020202,physical,review: accessibility work at named stations,draft,"ehz8-ag3n load 2026-03-31, location indicator 'systemwide': 'Ada Accessibility Improvements': This will provide ADA Accessibility Improvements at Ludlow and Wakefield Stations and a feasibility study will be conducted for ADA Accessibility at various locations on the East-of-Hudson."
M9030101,physical,program reserve: defined physical work not yet awarded,reviewed,"ehz8-ag3n load 2026-03-31, location indicator 'systemwide': 'Annual Track Program': This will act as a reserve to fund the cyclical replacement of rail, ties, insulated joints, interlocking track, turnouts (Mainline, Grand Central Terminal, Yards), and the repair and upgrade of track related components of vehicular grade c"
M9030104,physical,program reserve: defined physical work not yet awarded,reviewed,"ehz8-ag3n load 2026-03-31, location indicator 'systemwide': 'Slope Remediation: Hudson Line': This reserve represents part of the Metro-North's Resiliency efforts for the 2025-2029 Capital Program. This work includes: inspection, design, and construction for the slope stabilization efforts and resiliency improvements for the Hudson "
M9030201,physical,program reserve: defined physical work not yet awarded,reviewed,"ehz8-ag3n load 2026-03-31, location indicator 'systemwide': 'Undergrade Bridge Program': This project is a reserve to fund the replacement and/or rehabilitation of bridges to maintain a State of Good Repair."
M9030203,physical,review: program reserve: allowance for defined physical work (overhead bridge repairs on named lines),draft,"ehz8-ag3n load 2026-03-31, location indicator 'systemwide': 'Overhead Bridge Program': This is the allowance for Overhead Bridge repairs along the Hudson, Harlem, and the New Haven Lines."
M9030204,physical,physical work,draft,"ehz8-ag3n load 2026-03-31, location indicator 'systemwide': 'Right Of Way (R.O.W.) Force Account Structure Rehabilitation': This will fund activities that may include substation roof repair/replacement, catenary painting, steel transmission tower repair, and/or the replacement of bridge timbers."
M9030213,physical,physical work,draft,"ehz8-ag3n load 2026-03-31, location indicator 'multilocation': '2025 Overhead Bridge Repairs Force Account East Of Hudson': This project will support the construction/repairs of overhead bridges on the East of Hudson through IH Forces."
M9030214,physical,physical work,draft,"ehz8-ag3n load 2026-03-31, location indicator 'multilocation': '2025 Replace Timbers Undergrade Bridges': This project will support the replacement of Timbers on Undergrade Bridges."
M9030219,physical,physical work,draft,"ehz8-ag3n load 2026-03-31, location indicator 'multilocation': '2025 Undergrade Bridge Repairs Force Account East Of Hudson': This project will support the construction/repairs of undergrade bridges on the East of Hudson through IH Forces."
M9030227,physical,physical work,draft,"ehz8-ag3n load 2026-03-31, location indicator 'systemwide': '2026 Force Account Capital Tower Restoration': The purpose of this project is to rehabilitate and reinforce steel tower structures that hold vital communication lines along the Hudson and Harlem lines. Structural deficiencies have been identified in the towers selected for this project."
M9030306,physical,physical work,draft,"ehz8-ag3n load 2026-03-31, location indicator 'base': 'Undergrade Bridge Js31.52 Hillburn': This project is for the force account work for undergrade bridge JS31.52 Hillburn."
M9040104,physical,physical work,draft,"ehz8-ag3n load 2026-03-31, location indicator 'systemwide': 'Positive Train Control (Ptc) Federal Mandates : Systemwide': This supports the work that is required for system enhancements to retain Federal Railroad Administration (FRA) certification."
M9040106,physical,physical work,draft,"ehz8-ag3n load 2026-03-31, location indicator 'systemwide': 'Signal Infrastructure Replacement : Systemwide': This will fund the replacement of field assets according to their end-of-life cyclical replacement schedules. This work also includes completing upgrades that address technological obsolescence and upgrades that support the migration to eth"
M9060102,physical,program reserve: defined physical work not yet awarded,reviewed,"ehz8-ag3n load 2026-03-31, location indicator 'systemwide': 'Shops Improvements': This reserve will fund projects like the replacement of the Harmon Car Wash and the new fuel station for MNR vehicles in North White Plains."
M9060103,physical,program reserve: defined physical work not yet awarded,reviewed,"ehz8-ag3n load 2026-03-31, location indicator 'systemwide': 'Yard Improvements': This reserve will fund the expansion and reconfiguration of Brewster Yard so that it can accommodate future M9A Railcars."
M9080103,overhead,rule: title matches 'protective liability',draft,"ehz8-ag3n load 2026-03-31, location indicator 'dollar': 'Railroad Protective Liability': This project represented Metro-North's share of the cost for the All Agency Protective Liability contract."
M9080104,overhead,rule: title matches 'independent engineer',draft,"ehz8-ag3n load 2026-03-31, location indicator 'dollar': 'Independent Engineer': This project will provide funds for the Independent Engineering Consultant which provides construction oversight services for MNR projects included in the MTA 2025-2029 Capital Program. Work will include monitoring projects from the plannin"
M9080105,overhead,rule: title matches 'administration',draft,"ehz8-ag3n load 2026-03-31, location indicator 'dollar': 'Program Administration': This project provides administrative support for the 2025-2029 Capital Program."
M9080106,reserve,rule: title matches 'scope development',draft,"ehz8-ag3n load 2026-03-31, location indicator 'dollar': 'Program Scope Development': This allocation sets aside funds to develop scopes-of-work for as of yet undefined potential capital projects."
M9080107,overhead,rule: title matches 'insurance',draft,"ehz8-ag3n load 2026-03-31, location indicator 'dollar': 'Owner Controlled Insurance Program (Ocip)': This Reserve is for the Owner Controlled Insurance Program (OCIP) for the Metro North Capital Construction Program."
M9080108,physical,physical work,draft,"ehz8-ag3n load 2026-03-31, location indicator 'dollar': 'Systemwide Security Initiatives': This project will support the MTA-wide Facilities Security initiative."
M9080109,overhead,rule: title matches 'enterprise asset management',draft,"ehz8-ag3n load 2026-03-31, location indicator 'dollar': 'Enterprise Asset Management Reserve': This Reserve ACEP will fund the Enterprise Asset Management Initiative."
N7000101,overhead,rule: title matches 'construction management',draft,"ehz8-ag3n load 2026-03-31, location indicator 'systemwide': 'Mta Sbdp Construction Management (Scope A)': This project consolidated agency shares of the funds to administer the MTA Small Business Development Program to facilitate management of the initiative."
N7000102,overhead,rule: title matches 'sbdp (business development|administration)',draft,"ehz8-ag3n load 2026-03-31, location indicator 'systemwide': 'Mta Sbdp Business Development (Scope B)': This project consolidated agency shares of the funds to administer the MTA Small Business Development Program to facilitate management of the initiative."
N7130101,physical,physical work,draft,"ehz8-ag3n load 2026-03-31, location indicator 'systemwide': 'Mta Construction & Development Support': This was a management project to support various activities needed by MTA C&D to administer the capital program. Such activities do not necessarily allow for direct encumbrances in individual agency programs."
N8000102,overhead,review: Small Business Development Program administration,draft,"ehz8-ag3n load 2026-03-31, location indicator 'dollar': 'Mta Sbdp Business Development': Administration of the MTA's Small Business Development Program."
N8000103,overhead,review: Small Business Development Program administration,draft,"ehz8-ag3n load 2026-03-31, location indicator 'dollar': 'Mta Sbdp Business Development': This is a project which helps to administer the MTA's Small Business Development Program across the agencies."
N8110101,overhead,review: a planning study not about a particular place,reviewed,"ehz8-ag3n load 2026-03-31, location indicator 'systemwide': 'Core Planning Support': Projects in Core Planning initiatives directly provide for the activities needed to support investments for the future. Activities will be defined as broken out and needed. These may include surveys, studies and other evaluations."
N8110102,overhead,review: a planning study not about a particular place,reviewed,"ehz8-ag3n load 2026-03-31, location indicator 'systemwide': 'Corridor Planning Support': Projects in Corridor Planning initiatives directly provide for the activities needed to support investments for the future. Activities will be defined as broken out and needed. These may include surveys, studies and other evaluations."
N8110104,physical,physical work,draft,"ehz8-ag3n load 2026-03-31, location indicator 'base': 'Demolish Madison Ave Hq Campus (Add'L Support)': This project addresses additional costs associated with the demolition and sale of the former MTA headquarters at 343 - 347 Madison Avenue."
N8130101,overhead,review: management project supporting C&D activities,draft,"ehz8-ag3n load 2026-03-31, location indicator 'systemwide': 'Mta Construction & Development Support': This is a management project to support various activities needed by MTA C&D to administer the capital program. Such activities do not necessarily allow for direct encumbrances in individual agency programs."
N8130102,overhead,review: budget reserve for additional program support,draft,"ehz8-ag3n load 2026-03-31, location indicator 'dollar': 'Mta Construction And Development Additional Support': Project (a budget reserve) was added in Amendment #3 for Additional support for the Capital Program. Activities will be defined and broken out as needed in order to support Capital Program project needs and initiatives."
N8130103,overhead,rule: title matches 'insurance',draft,"ehz8-ag3n load 2026-03-31, location indicator 'systemwide': 'Safety Consultants For Owner Controlled Insurance Program': The OCIP Program hires Safety Consultants through Insurance Brokers to inspect Capital Construction work being conducted on behalf of the MTA."
N8130104,overhead,review: management project supporting C&D activities,draft,"ehz8-ag3n load 2026-03-31, location indicator 'systemwide': 'Mta Construction & Development Support': This is a management project to support various activities needed by MTA C&D to administer the capital program. Such activities do not necessarily allow for direct encumbrances in individual agency programs."
N9000101,overhead,rule: title matches 'business development program',draft,"ehz8-ag3n load 2026-03-31, location indicator 'systemwide': 'Mta Small Business Development Program': Administration of the MTA's Small Business Development Program"
N9100104,overhead,review: reserve for administrative needs,reviewed,"ehz8-ag3n load 2026-03-31, location indicator 'systemwide': 'Other Facility, Vehicle And Admin Support': This is a reserve for administrative needs to support the MTAPD's Program."
N9110101,overhead,review: planning studies not about a particular place,reviewed,"ehz8-ag3n load 2026-03-31, location indicator 'systemwide': 'Core And Capital Planning Studies': This is a placeholder for any Core or Corridor Planning Studies that will be needed to support investments for the future. Activities will be defined and broken out as needed."
N9110201,overhead,review: capital program support activities,draft,"ehz8-ag3n load 2026-03-31, location indicator 'systemwide': 'Capital Program Support': Projects in Capital Program Support directly provide for the activities needed to support the Capital Program. Activities will be defined and broken out as needed in order to support Capital Program project needs and initiatives."
N9110301,overhead,rule: title matches 'administration',draft,"ehz8-ag3n load 2026-03-31, location indicator 'systemwide': 'Construction & Development Program Administration': The purpose of this reserve is to provide a budget for MTA Construction & Development Administrative and Capital Program support functions."
N9110303,physical,physical work,draft,"ehz8-ag3n load 2026-03-31, location indicator 'systemwide': 'Mta C&D?S  Project Management Information System (Pmis)': This project will help support MTA C&D?s purchase and development of a new Project Management Information System (PMIS).? This system is being developed with assistance from a system integrator.?? The new PMIS system will eventually replace"
S8070101,physical,program reserve: defined physical work not yet awarded,reviewed,"ehz8-ag3n load 2026-03-31, location indicator 'systemwide': 'Station Components: Various Locations': This project is a reserve that will fund projects that will repair select structural and architectural defects at various stations on the Staten lsland Railway."
S8070103,physical,program reserve: defined physical work not yet awarded,reviewed,"ehz8-ag3n load 2026-03-31, location indicator 'systemwide': 'Bridge Structures: Various Locations': This project is a reserve and will fund projects for rehabilitation and or painting of SIR bridges."
S8070104,physical,program reserve: defined physical work not yet awarded,reviewed,"ehz8-ag3n load 2026-03-31, location indicator 'car': 'Purchase Various Work Train Cars': This project is a reserve that will fund projects to purchase various types of work train cars to replace those that have reached the end of their useful life."
S8070105,physical,program reserve: defined physical work not yet awarded,reviewed,"ehz8-ag3n load 2026-03-31, location indicator 'car': 'Purchase Rubber Tire Vehicles': This project is a reserve that will fund projects to purchase various types of non-revenue rubber tire support vehicles; types to be selected based on condition and performance."
S8070113,physical,physical work,draft,"ehz8-ag3n load 2026-03-31, location indicator 'base': 'Rehabilitate Garretson Avenue Bridge': This project will rehabilitate Garretson Avenue Bridge located at the north end of the Dongan Hills Station on the Staten Island Railway. This is a 65-foot steel through girder bridge consisting of three spans that are supported by concrete"
S8070114,physical,physical work,draft,"ehz8-ag3n load 2026-03-31, location indicator 'multilocation': 'Overcoat 6 Sir Bridges': This project will address overcoat painting and priority steel and concrete repairs for 6 right-of-way bridges that support the Staten Island Railway. The 6 SIR bridges include Wave Street Bridge, Prospect Street Bridge, Water Street Bridge"
S8070115,physical,physical work,draft,"ehz8-ag3n load 2026-03-31, location indicator 'base': 'Rehabilitate Stapleton Viaduct': This project will rehabilitate the 87 spans of Stapleton Viaduct supporting tracks on the Staten Island Railway. This project is part of a contractual bundle of SIR stations and structures work."
S80701DD,reserve,rule: scope matches 'design reserve',draft,"ehz8-ag3n load 2026-03-31, location indicator 'systemwide': 'Ada Design': This project is a design reserve that will fund in-house and consultant services for the coordination and preparation of master plans and design-build packages for all accessibility upgrades included in the Staten Island Railway (SIR) ADA p"
S80701RR,physical,program reserve: defined physical work not yet awarded,reviewed,"ehz8-ag3n load 2026-03-31, location indicator 'systemwide': 'Ada: Reserve (Clifton)': This project is a reserve; it will fund projects that will provide full ADA (Americans with Disabilities Act) accessibility at stations on the Staten Island Railway."
S9070101,physical,program reserve: defined physical work not yet awarded,reviewed,"ehz8-ag3n load 2026-03-31, location indicator 'systemwide': 'Station Components: Various Locations': This project is a reserve that will fund projects that will repair select structural and architectural defects at various stations on the Staten lsland Railway."
S9070102,physical,program reserve: defined physical work not yet awarded,reviewed,"ehz8-ag3n load 2026-03-31, location indicator 'systemwide': 'Track And Switch Replacement': This project is a reserve that will fund the rehabilitation of mainline track and switches on the Staten Island Railway."
S9070103,physical,program reserve: defined physical work not yet awarded,reviewed,"ehz8-ag3n load 2026-03-31, location indicator 'systemwide': 'Structure Repairs: Various Locations': This project is a reserve that will fund structural repair projects at various locations on the Staten Island Railway."
S9070104,physical,program reserve: defined physical work not yet awarded,reviewed,"ehz8-ag3n load 2026-03-31, location indicator 'systemwide': 'Paint Bridges: Various Locations': This project is a reserve that will fund projects to paint and repair bridges on the Staten Island Railway."
S9070105,physical,program reserve: defined physical work not yet awarded,reviewed,"ehz8-ag3n load 2026-03-31, location indicator 'systemwide': 'Employee Facility Repairs': This project is a reserve that will fund projects to repair and upgrade employee facilities in the Staten Island Railway."
S9070106,physical,program reserve: defined physical work not yet awarded,reviewed,"ehz8-ag3n load 2026-03-31, location indicator 'systemwide': 'Power Improvements: Various Locations': This project is a reserve that will fund various traction power projects to improve performance and reliability on the Staten Island Railway."
S9070107,physical,program reserve: defined physical work not yet awarded,reviewed,"ehz8-ag3n load 2026-03-31, location indicator 'systemwide': 'Various Technology / System Improvements': This project is a reserve that will fund various technology and system improvement projects on the Staten Island Railway."
S9070108,physical,program reserve: defined physical work not yet awarded,reviewed,"ehz8-ag3n load 2026-03-31, location indicator 'car': 'Purchase Various Work Train Cars': This project is a reserve that will fund projects to purchase various types of work train cars to replace those that have reached the end of their useful life."
S9070109,physical,program reserve: defined physical work not yet awarded,reviewed,"ehz8-ag3n load 2026-03-31, location indicator 'car': 'Purchase Various Rubber Tire Vehicles': This project is a reserve that will fund projects to purchase various types of non-revenue rubber tire support vehicles; types to be selected based on condition and performance."
S9070110,physical,program reserve: defined physical work not yet awarded,reviewed,"ehz8-ag3n load 2026-03-31, location indicator 'base': 'Ada: Staten Island Railway': This project is a reserve; it will fund investment in full ADA (Americans with Disabilities Act) accessibility at Prince's Bay station on the Staten Island Railway."
S9070111,reserve,rule: scope matches 'scope development',draft,"ehz8-ag3n load 2026-03-31, location indicator 'dollar': 'Sir Right Of Way Design': This project is a design reserve that will fund in-house and consultant services for scope development, design, and procurement activities for various work on the Staten Island Railway. Construction will be addressed under separate projects"
S90701DD,reserve,rule: scope matches 'scope development',draft,"ehz8-ag3n load 2026-03-31, location indicator 'dollar': 'Ada Design': This project is a design reserve that will fund in-house and consultant services for scope development, design, and procurement activities for ADA accessibility projects at stations on the Staten Island Railway (SIR). Construction will be a"
T60412J3,physical,physical work,draft,"ehz8-ag3n load 2026-03-31, location indicator 'dollar': 'Sandy Mitigation: Substation Hardening At 24 Locations': This project provides supplemental funding for the Sandy program project ""Mitigation: Substation Hardening at 24 Locations"" (see Project ID: ET090307). As the total estimate of protecting the 24 locations exceeds its grant allocation, and a"
T6070343,physical,physical work,draft,"ehz8-ag3n load 2026-03-31, location indicator 'dollar': 'Sandy Mitigation: Steinway Portal': This project provides supplemental funding for the Sandy program project ""Mitigation: Steinway Portal"" (see Project ID: ET070308). As the total estimate of the flexible flood gate work exceeds the federal grant allocation, and additional Sa"
T6080338,physical,physical work,draft,"ehz8-ag3n load 2026-03-31, location indicator 'dollar': 'Sandy Mitigation: Rockaway Line Resiliency': This project provides supplemental funding for the Sandy program project ""Mitigation: New Crossover at Beach 105 Street on the Rockaway Line"" (see Project ID: ET070311). As the total estimate of the new crossover exceeds the federal grant a"
T6080623,physical,physical work,draft,"ehz8-ag3n load 2026-03-31, location indicator 'multilocation': 'Passenger Station Local Area Network At 68 Stations': This project will design Passenger Station Local Area Network (PSLAN) infrastructure at 68 stations, which will support the rollout both of Help Points and the New Fare Payment System. PSLAN is a digital communications network providing con"
T6090219,physical,physical work,draft,"ehz8-ag3n load 2026-03-31, location indicator 'dollar': 'Sandy Mitigation: Substation Hardening At 24 Locations': This project provides supplemental funding for the Sandy program project ""Mitigation: Substation Hardening at 24 Locations"" (see Project ID: ET090307). As the total estimate of protecting the 24 locations exceeds its grant allocation, and a"
T6090417,physical,physical work,draft,"ehz8-ag3n load 2026-03-31, location indicator 'dollar': 'Sandy Mitigation: Substation Hardening At 24 Locations': This project provides supplemental funding for the Sandy program project ""Mitigation: Substation Hardening at 24 Locations"" (see Project ID: ET090307). As the total estimate of protecting the 24 locations exceeds its grant allocation, and a"
T6160205,physical,small-scale construction work or equipment purchases (capital revolving fund),draft,"ehz8-ag3n load 2026-03-31, location indicator 'systemwide': 'Capital Revolving Fund - 2014': This project supported programmatic needs. It implemented various small-scale construction work or miscellaneous equipment purchases."
T6160206,overhead,rule: title matches 'insurance',draft,"ehz8-ag3n load 2026-03-31, location indicator 'systemwide': 'All Agency Protective Liability Insurance Deductible': This project provided funding for certain claims from losses in connection with construction work related to the capital program."
T6160207,overhead,rule: title matches 'insurance',draft,"ehz8-ag3n load 2026-03-31, location indicator 'systemwide': 'All Agency Protective Liability Insurance Premiums': This project was for annual premiums for a protective liability insurance policy providing contingent coverage from losses in connection with construction work related to the capital program."
T6160209,overhead,rule: title matches 'insurance',draft,"ehz8-ag3n load 2026-03-31, location indicator 'systemwide': 'Owner Controlled Insurance Program': This project supported programmatic needs. It represented New York City Transit's contribution for the insurance of the 2012-2014 owner-controlled insurance program."
T6160210,physical,program reserve: defined physical work not yet awarded,reviewed,"ehz8-ag3n load 2026-03-31, location indicator 'systemwide': 'Reserve: Superstorm Sandy Recovery Work': This project will provide temporary interim funding for emergency efforts to clean-up and restore service to the New York City Transit system in response to damage as a result of Superstorm Sandy."
T6160212,physical,program reserve: defined physical work not yet awarded,reviewed,"ehz8-ag3n load 2026-03-31, location indicator 'systemwide': 'Reserve: Superstorm Sandy Mitigation Work': This project will provide temporary interim funding for preliminary engineering activities for mitigation initiatives in response to damage as a result of Superstorm Sandy."
T6160508,overhead,rule: title matches 'construction support',draft,"ehz8-ag3n load 2026-03-31, location indicator 'systemwide': 'Construction Support Services': This project helped NYC Transit reduce the possibility of contractor work cancellations or delays due to the unavailability of track flaggers and allowed increased staffing of flaggers."
T6160509,reserve,rule: title matches 'scope development',draft,"ehz8-ag3n load 2026-03-31, location indicator 'systemwide': 'Reserve: Scope Development': This project funded the development of master plans for various projects that were in the capital program. Work included the creation of a project scope (description of work, location and limits, etc.), budget estimate, preliminary project "
T6160510,reserve,review: design funding for projects to be built in a later plan,reviewed,"ehz8-ag3n load 2026-03-31, location indicator 'systemwide': 'Reserve: Design': This project was a budgetary reserve that provided design funding for various capital projects, especially those for which construction would begin in a later capital program."
T6160516,overhead,rule: title matches 'administration',draft,"ehz8-ag3n load 2026-03-31, location indicator 'systemwide': 'Mentoring Program Administration': This project funded NYC Transit's contribution towards the MTA's bonding costs associated with administering the Small Business Federal Program."
T6160730,physical,physical work,draft,"ehz8-ag3n load 2026-03-31, location indicator 'dollar': 'Sandy Mitigation: Substation Hardening At 24 Locations': This project provides supplemental funding for the Sandy program project ""Mitigation: Substation Hardening at 24 Locations"" (see Project ID: ET090307). As the total estimate of protecting the 24 locations exceeds its grant allocation, and a"
T7030224,physical,physical work,draft,"ehz8-ag3n load 2026-03-31, location indicator 'multilocation': 'All-Electric Bus (Aeb) Chargers For 5 Bus Depots': This project will provide charging infrastructure to support all-electric bus (AEB) deployment at 5 depots, including East New York, Charleston, Grand Avenue, Kingsbridge, and Michael J. Quill."
T7040405,reserve,review: risk reserve,draft,"ehz8-ag3n load 2026-03-31, location indicator 'dollar': 'Fare Collection Reserve For Omny': This project was a budgetary reserve to address potential risks to the implementation of OMNY, the MTA's New Fare Payment System and was funded by a settlement with the vendor."
T7070353,physical,physical work,draft,"ehz8-ag3n load 2026-03-31, location indicator 'base': 'Contract Support For Various Superstorm Sandy Projects': This project will provide temporary funding to support the contractual budget reconciliation for various Superstorm Sandy projects."
T7080653,physical,physical work,draft,"ehz8-ag3n load 2026-03-31, location indicator 'systemwide': 'Installation Of Passenger Identification Cameras At Various Stations (Sbdp) - Design Only': This project will fund design activities for the installation of passenger identification CCTV cameras at various stations systemwide. Construction will be addressed in a future capital program as part of the MTA's small business developmen"
T7090431,physical,physical work,draft,"ehz8-ag3n load 2026-03-31, location indicator 'systemwide': 'New Negative Side Feeders On The 8th Avenue Line - Design Only': This project will fund design activities for the upgrade of the negative cables on the 8th Avenue Line to improve power distribution and support higher train throughput eventually made possible by Communications-Based Train Control (CBTC). "
T7160201,overhead,rule: title matches 'insurance',draft,"ehz8-ag3n load 2026-03-31, location indicator 'systemwide': 'All-Agency Liability Insurance & Deductible': This project provided funding for certain claims from losses in connection with construction work related to the capital program."
T7160202,overhead,rule: title matches 'insurance',draft,"ehz8-ag3n load 2026-03-31, location indicator 'systemwide': 'Reserve: Property Insurance Self-Insured Retention': This project was a budgetary reserve that provided funding in the event of certain claims from losses in connection with construction work related to the capital program."
T7160203,physical,small-scale construction work or equipment purchases (capital revolving fund),draft,"ehz8-ag3n load 2026-03-31, location indicator 'systemwide': 'Capital Revolving Fund 2015': This project supported programmatic needs. It implemented various small-scale construction work or miscellaneous equipment purchases."
T7160204,physical,small-scale construction work or equipment purchases (capital revolving fund),draft,"ehz8-ag3n load 2026-03-31, location indicator 'systemwide': 'Capital Revolving Fund 2016': This project supported programmatic needs. It implemented various small-scale construction work or miscellaneous equipment purchases."
T7160205,physical,small-scale construction work or equipment purchases (capital revolving fund),draft,"ehz8-ag3n load 2026-03-31, location indicator 'systemwide': 'Capital Revolving Fund 2017': This project supported programmatic needs. It implemented various small-scale construction work or miscellaneous equipment purchases."
T7160206,physical,small-scale construction work or equipment purchases (capital revolving fund),draft,"ehz8-ag3n load 2026-03-31, location indicator 'systemwide': 'Capital Revolving Fund 2018': This project supported programmatic needs. It implemented various small-scale construction work or miscellaneous equipment purchases."
T7160207,physical,small-scale construction work or equipment purchases (capital revolving fund),draft,"ehz8-ag3n load 2026-03-31, location indicator 'systemwide': 'Capital Revolving Fund 2019': This project supports programmatic needs. It will implement various small-scale construction work or miscellaneous equipment purchases."
T7160298,overhead,rule: title matches 'insurance',draft,"ehz8-ag3n load 2026-03-31, location indicator 'dollar': 'Owner Controlled Insurance Program': This project supported programmatic needs. It represented New York City Transit's contribution for the insurance of the 2015-2019 owner controlled insurance program."
T7160408,overhead,rule: title matches 'enterprise asset management',draft,"ehz8-ag3n load 2026-03-31, location indicator 'systemwide': 'Enterprise Asset Management (Eam)': This project procured and installed Enterprise Asset Management (EAM) information system to aid in optimal reinvestment in assets across the NYCT system."
T7160501,reserve,rule: title matches 'scope development',draft,"ehz8-ag3n load 2026-03-31, location indicator 'systemwide': 'Reserve: Scope Development': This project funded the development of master plans for various projects that were in the capital program. Work included the creation of a project scope (description of work, location and limits, etc.), budget estimate, preliminary project "
T7160502,reserve,review: design funding for projects to be built in a later plan,reviewed,"ehz8-ag3n load 2026-03-31, location indicator 'systemwide': 'Reserve: Design': This project was a reserve that funded the design of various capital projects, especially those for which construction would begin in a later capital program."
T7160503,overhead,rule: title matches '^engineering services$',draft,"ehz8-ag3n load 2026-03-31, location indicator 'systemwide': 'Engineering Services': This project procured architecture/engineering Indefinite Quantity design services and specialty consultant services. Work included various architectural and engineering services needed over the course of various projects."
T7160504,overhead,rule: title matches 'independent engineer',draft,"ehz8-ag3n load 2026-03-31, location indicator 'systemwide': 'Mta Independent Engineering Consultant': The Independent Engineering Consultant provided construction oversight services for NYCT projects included in the MTA 2015-2019 Capital Program. Work included monitoring projects from the planning phase through completion and reporting find"
T7160505,overhead,rule: title matches 'traffic checkers',draft,"ehz8-ag3n load 2026-03-31, location indicator 'systemwide': 'General Order Support Traffic Checkers': This project provided in-house staff to post, track and remove service notices and brochures in stations and on trains plus provided assistance to customers during planned or emergency temporary service diversions."
T7160506,overhead,rule: scope matches 'independent engineer',draft,"ehz8-ag3n load 2026-03-31, location indicator 'systemwide': 'Value Engineering Services': This project procured an independent engineering consultant that conducted value engineering design reviews of selected NYCT projects. Work included review of project plans and specifications plus the identification of alternative construct"
T7160507,overhead,rule: title matches 'administration',draft,"ehz8-ag3n load 2026-03-31, location indicator 'systemwide': 'Small Business Development Program Administration': This project provided funding for NYC Transit's portion of the MTA Small Business Development Program."
T7160508,overhead,rule: title matches 'construction support',draft,"ehz8-ag3n load 2026-03-31, location indicator 'systemwide': 'Construction Support Services': This project helped NYC Transit reduce the possibility of contractor work cancellations or delays due to the unavailability of track flaggers and allowed increased staffing of flaggers."
T7160520,physical,review: a study of work at a particular place (Staten Island West Shore),reviewed,"ehz8-ag3n load 2026-03-31, location indicator 'dollar': 'Staten Island West Shore Light Rail Alternatives Analysis': This project is for a study that will explore transportation improvements along the West Shore of Staten Island."
T8010101,physical,program reserve: defined physical work not yet awarded,reviewed,"ehz8-ag3n load 2026-03-31, location indicator 'car': 'New/Upgrade Car Investments': This project is a reserve that will fund new and/or upgrade car investments."
T8030214,reserve,rule: scope matches 'design reserve',draft,"ehz8-ag3n load 2026-03-31, location indicator 'dollar': 'Bus Purchase Design': This project is a design reserve that will fund in-house and consultant services for design activities in the buses category. Purchases will be addressed under separate projects."
T8030219,physical,physical work,draft,"ehz8-ag3n load 2026-03-31, location indicator 'base': 'Battery Electric Bus Charging Infrastructure: Jamaica Gantries': This project will provide gantry supports for the pantograph dispensers that will be installed as part of the Jamaica Depot Reconstruction project."
T8030230,physical,physical work,draft,"ehz8-ag3n load 2026-03-31, location indicator 'multilocation': 'Electric Bus Charging Infrastructure': This project will fund the purchase and installation of battery-electric charging equipment and other depot upgrades as needed. Work will proceed in multiple contracts and phases to support the growth of the battery-electric fleet."
T8040403,physical,physical work,draft,"ehz8-ag3n load 2026-03-31, location indicator 'systemwide': 'Low Turnstiles: Procurement': This project will fund projects that will purchase low turnstiles and end cabinets and support improvements at fare control areas at various stations throughout the system."
T8040404,physical,physical work,draft,"ehz8-ag3n load 2026-03-31, location indicator 'systemwide': 'Wide Turnstiles: Procurement/Installation': This project will fund the purchase and installation of wide turnstile equipment to support improvements at fare control areas at various stations throughout the system."
T8040406,physical,physical work,draft,"ehz8-ag3n load 2026-03-31, location indicator 'systemwide': 'Purchase 80 Automated Farecard Access System (Afas) Units': This project will purchase 80 automated farecard access system (AFAS) units in support of planned or in progress ADA upgrade projects at several stations."
T8040704,physical,program reserve: defined physical work not yet awarded,reviewed,"ehz8-ag3n load 2026-03-31, location indicator 'systemwide': 'Replace 2 Escalators': This project is a reserve that will fund projects that will replace escalators at various stations systemwide in order to achieve more reliable and efficient operations."
T8040705,reserve,rule: scope matches 'design reserve',draft,"ehz8-ag3n load 2026-03-31, location indicator 'systemwide': 'Escalators Design': This project is a design reserve that will fund in-house and consultant services for the coordination and preparation of master plans and design-build packages for all escalator replacement projects in the passenger stations category. Const"
T8040706,reserve,rule: scope matches 'design reserve',draft,"ehz8-ag3n load 2026-03-31, location indicator 'systemwide': 'Elevators Design': This project is a design reserve that will fund in-house and consultant services for the coordination and preparation of master plans and design-build packages for all elevator replacement projects in the passenger stations category. Constr"
T8041201,physical,program reserve: defined physical work not yet awarded,reviewed,"ehz8-ag3n load 2026-03-31, location indicator 'systemwide': 'Station Renewals At 5 Ada Locations': This project is a reserve and will fund projects involving renewal work at various stations systemwide that will also be receiving ADA upgrades. Stations with a high number of defective components will be considered for repair."
T8041202,physical,program reserve: defined physical work not yet awarded,reviewed,"ehz8-ag3n load 2026-03-31, location indicator 'systemwide': 'Station Renewals At 2 Locations': This project is a reserve and will fund projects involving renewal work at various stations systemwide. Stations with a high number of defective components will be considered for repair."
T8041203,physical,program reserve: defined physical work not yet awarded,reviewed,"ehz8-ag3n load 2026-03-31, location indicator 'systemwide': 'Plat, Mezz, & Interior Stair Comps: Ada Locations': This project is a reserve to fund projects to repair select station components in conjunction with accessibility work at various stations systemwide. Work will vary by location and may include repair / replacement of components such as floo"
T8041204,physical,program reserve: defined physical work not yet awarded,reviewed,"ehz8-ag3n load 2026-03-31, location indicator 'systemwide': 'Platform Components: Various Locations': This project is a reserve that will fund projects to repair select platform components at various stations systemwide. Work will vary by location and may include repair / replacement of components such as platform floors, columns, wall tile"
T8041208,physical,program reserve: defined physical work not yet awarded,reviewed,"ehz8-ag3n load 2026-03-31, location indicator 'systemwide': 'Misc. Station Component/Renewal Work': This project is a reserve and will fund projects that will repair select station elements at various stations systemwide. Work will vary by location and may include repair / replacement of components such as floors, columns, and wall tiles "
T8041211,physical,program reserve: defined physical work not yet awarded,reviewed,"ehz8-ag3n load 2026-03-31, location indicator 'systemwide': 'Miscellaneous Station Investments': This project is a reserve and will fund various miscellaneous investments in the stations program, including station signage, systemwide condition survey and outstanding work on Second Avenue Subway."
T8041215,reserve,rule: scope matches 'design reserve',draft,"ehz8-ag3n load 2026-03-31, location indicator 'systemwide': 'Station Components Design': This project is a design reserve that will fund in-house and consultant services for the coordination and preparation of master plans and design-build packages for all station component projects in the passenger stations category. Construct"
T8041220,reserve,rule: scope matches 'design reserve',draft,"ehz8-ag3n load 2026-03-31, location indicator 'dollar': 'Miscellaneous Stations Work Design': This project is a design reserve that will fund in-house and consultant services for the coordination and preparation of master plan and design activities for miscellaneous station work at various locations systemwide. Construction will be "
T8041237,physical,physical work,draft,"ehz8-ag3n load 2026-03-31, location indicator 'dollar': 'Platform Screen Doors Pilot': This pilot project consists of design-build activities to develop, furnish, install, and maintain Platform Screen Doors (PSD) at multiple locations to be determined. Some schedule dates are not available, due to project being under developm"
T8041241,physical,program reserve: defined physical work not yet awarded,reviewed,"ehz8-ag3n load 2026-03-31, location indicator 'systemwide': 'Track Safety Stations Initiatives': This project is a reserve that will fund projects to implement track safety stations initiatives as recommended by the MTA Track Trespassing Task Force."
T8041253,physical,program reserve: defined physical work not yet awarded,reviewed,"ehz8-ag3n load 2026-03-31, location indicator 'systemwide': 'Stormwater Mitigation: Various Stations': This project is a reserve and will fund projects for stormwater mitigation at various stations systemwide. Along with complementary projects in the Line Structures category, this project represents a comprehensive approach to reducing flood"
T8041263,physical,physical work,draft,"ehz8-ag3n load 2026-03-31, location indicator 'systemwide': 'Replacement Of Signage At Various Stations': This project will replace approximately 5000 temporary wayfinding signs and 400 Tactile/Braille signs. As well as, provide approximately 1600 permanent wayfinding signs and 240 Tactile/Braille signs in support of planned station improvement"
T80412DD,reserve,rule: scope matches 'design reserve',draft,"ehz8-ag3n load 2026-03-31, location indicator 'systemwide': 'Station Renewals Design': This project is a design reserve that will fund in-house and consultant services for the coordination and preparation of master plan and design activities for station renewal work at various locations systemwide. Construction will be addres"
T8041378,overhead,rule: title matches 'insurance',draft,"ehz8-ag3n load 2026-03-31, location indicator 'dollar': 'Owner Controlled Insurance Program - Ada': This project represents NYC Transit's contribution from the ADA element for the owner controlled insurance program (OCIP)."
T80413DD,reserve,rule: scope matches 'design reserve',draft,"ehz8-ag3n load 2026-03-31, location indicator 'systemwide': 'Ada Design': This project is a design reserve that will fund in-house and consultant services for the coordination and preparation of master plans and design-build packages for all accessibility upgrades included in the ADA program initiative. Construct"
T80413RR,physical,program reserve: defined physical work not yet awarded,reviewed,"ehz8-ag3n load 2026-03-31, location indicator 'systemwide': 'Ada: 23 Stations': This project is a reserve; it will fund projects that will provide full ADA (Americans with Disabilities Act) accessibility at selected stations systemwide. This initiative will increase the pace and investment in accessibility with the goa"
T8050201,physical,program reserve: defined physical work not yet awarded,reviewed,"ehz8-ag3n load 2026-03-31, location indicator 'systemwide': 'Mainline Track Replacement': This project is a reserve and will fund various mainline track reconstruction projects systemwide. Work will include the replacement of track and associated equipment/materials (e.g. signals, contact rail, ballast, etc.)."
T8050298,overhead,rule: title matches 'support costs',draft,"ehz8-ag3n load 2026-03-31, location indicator '': 'Mainline Track Replacement 2024 / Support Costs': This project will provide design, construction administration and other miscellaneous support services for 2024 track reconstruction projects."
T8050301,physical,program reserve: defined physical work not yet awarded,reviewed,"ehz8-ag3n load 2026-03-31, location indicator 'systemwide': 'Switch Replacement: Sigmod Locations': This project is a reserve and will fund mainline switch replacement projects at locations that align with investments in signal modernization (signal work is being done under the project, ""SigMod: 4 Lines and Associated Interlockings"" in th"
T8050342,overhead,rule: title matches 'support costs',draft,"ehz8-ag3n load 2026-03-31, location indicator '': 'Mainline Track Switches 2024 / Support Costs': This project will provide design, construction administration and other miscellaneous support services for the 2024 switch replacement projects."
T8060502,physical,program reserve: defined physical work not yet awarded,reviewed,"ehz8-ag3n load 2026-03-31, location indicator 'systemwide': 'Fan Plants: Various Locations': This project is a reserve and will fund projects for fan plant investments systemwide."
T8060503,physical,program reserve: defined physical work not yet awarded,reviewed,"ehz8-ag3n load 2026-03-31, location indicator 'systemwide': 'Pump Rooms & Deep Wells: Various Locations': This project is a reserve and will fund projects for pump room and deep well investments at various locations systemwide."
T8060504,physical,program reserve: defined physical work not yet awarded,reviewed,"ehz8-ag3n load 2026-03-31, location indicator 'systemwide': 'Additional Work: Line Equipment': This project is a reserve and will fund projects for various types of line equipment investments, including pump rooms, fan plants and deep wells."
T8060508,reserve,rule: scope matches 'design reserve',draft,"ehz8-ag3n load 2026-03-31, location indicator 'dollar': 'Pump Rooms & Deep Wells Design': This project is a design reserve that will fund in-house and consultant services for the coordination and preparation of master plan and design activities for all pump room and deep well projects in the line equipment category. Construction"
T8060512,reserve,rule: scope matches 'design reserve',draft,"ehz8-ag3n load 2026-03-31, location indicator 'dollar': 'Fan Plants Design': This project is a design reserve that will fund in-house and consultant services for design activities for all fan plant projects in the line equipment category. Construction will be addressed under separate projects."
T8060513,reserve,rule: scope matches 'design reserve',draft,"ehz8-ag3n load 2026-03-31, location indicator 'dollar': 'Tunnel Lighting Design': This project is a design reserve that will fund in-house and consultant services for the coordination and preparation of master plan and design activities for tunnel lighting work at various locations systemwide. Construction will be addres"
T8070301,physical,program reserve: defined physical work not yet awarded,reviewed,"ehz8-ag3n load 2026-03-31, location indicator 'systemwide': 'Subway Structure Repairs: Various Locations': This project is a reserve for projects that will address structural component repairs of subway segments at various locations systemwide. In addition, select projects will repair vents between stations and emergency exits."
T8070302,physical,program reserve: defined physical work not yet awarded,reviewed,"ehz8-ag3n load 2026-03-31, location indicator 'systemwide': 'Elevated Structure Repairs: Various Locations': This project is a reserve for projects that will address structural component repairs of elevated segments at various locations systemwide. In addition to component repairs, select projects will feature more robust scopes, such as comprehen"
T8070303,physical,program reserve: defined physical work not yet awarded,reviewed,"ehz8-ag3n load 2026-03-31, location indicator 'systemwide': 'Elevated Structure Painting And Repair': This project is a reserve to fund projects that will paint portions of various elevated steel structure throughout the system. Elevated structural painting projects also repair priority component defects that are within their limits."
T8070304,physical,program reserve: defined physical work not yet awarded,reviewed,"ehz8-ag3n load 2026-03-31, location indicator 'systemwide': 'Elevated Structure Netting': This project is a reserve and will fund projects to install protective netting underneath elevated structures in priority locations systemwide."
T8070305,physical,program reserve: defined physical work not yet awarded,reviewed,"ehz8-ag3n load 2026-03-31, location indicator 'systemwide': 'Miscellaneous Line Structure Investments': This project is a reserve that will provide funding for miscellaneous investments in line structure work, such as demolish abandoned structures or repair abutment walls."
T8070309,reserve,rule: scope matches 'design reserve',draft,"ehz8-ag3n load 2026-03-31, location indicator 'dollar': 'Subway Structure Repairs Design': This project is a design reserve that will fund in-house and consultant services for the coordination and preparation of master plan and design activities for all subway structure repair projects in the line structures category. Constructio"
T8070310,reserve,rule: scope matches 'design reserve',draft,"ehz8-ag3n load 2026-03-31, location indicator 'systemwide': 'Special/Misc. Structures Design': This project is a design reserve that will fund in-house and consultant services for the coordination and preparation of master plans and design-build packages for special/miscellaneous structure projects in the line structures category. Co"
T8070313,reserve,rule: scope matches 'design reserve',draft,"ehz8-ag3n load 2026-03-31, location indicator 'dollar': 'Line Structures Painting And Repair Design': This project is a design reserve that will fund in-house and consultant services for the coordination and preparation of master plan and design activities for line structure overcoating work at various locations systemwide. Construction wil"
T8070314,reserve,rule: scope matches 'design reserve',draft,"ehz8-ag3n load 2026-03-31, location indicator 'dollar': 'Elevated Structure Repairs Design': This project is a design reserve that will fund in-house and consultant services for the coordination and preparation of master plan and design activities for elevated structure repair work at various locations systemwide. Construction will"
T8070331,physical,physical work,draft,"ehz8-ag3n load 2026-03-31, location indicator 'base': 'Structure Repairs: 61 Street-Woodside On The Flushing Line': This project will replace the thru-spans and repair support beams and girders at 61 Street-Woodside station on the Flushing line in Queens."
T8070340,physical,program reserve: defined physical work not yet awarded,reviewed,"ehz8-ag3n load 2026-03-31, location indicator 'dollar': 'Stormwater Mitigation: Various Locations': This project is a reserve and will fund projects for stormwater mitigation at various locations systemwide. Along with complementary projects in the Passenger Stations category, this project represents a comprehensive approach to reducing f"
T8070368,physical,physical work,draft,"ehz8-ag3n load 2026-03-31, location indicator 'base': 'Structural Rehabilitation From Boston Road To East 180th Street Abutment On White Plains Road Line (Additional Costs)': This project will provide additional support costs for the structural rehab project from Boston Road to East 180 Street abutment on White Plains Road Line, which is funded in a prior capital program."
T8070369,physical,physical work,draft,"ehz8-ag3n load 2026-03-31, location indicator 'multilocation': 'Overcoat Painting And Steel Repairs At 17 Bridges On The Dyre Line (Additional Costs)': This project will provide additional support costs for the structural painting and repair project at 17 bridges along the Dyre Avenue Line, which is funded in a prior capital program."
T8070370,physical,physical work,draft,"ehz8-ag3n load 2026-03-31, location indicator 'base': 'Overcoat Painting At East 180 Street Flyover On The Dyre Line (Additional Costs)': This project will provide additional support costs for the structural painting project at the East 180 Street flyover on the Dyre Avenue Line, which is funded in a prior capital program."
T8070372,physical,physical work,draft,"ehz8-ag3n load 2026-03-31, location indicator 'dollar': 'Line Structure Component Repairs On The Nassau Line - Design Only': This project will fund design activities to address select priority line structure defects on the Nassau Line in Manhattan."
T8080302,physical,program reserve: defined physical work not yet awarded,reviewed,"ehz8-ag3n load 2026-03-31, location indicator 'systemwide': 'System-Wide Signal Improvements': This project is a reserve that will provide funding for various systemwide signal improvements."
T8080303,physical,program reserve: defined physical work not yet awarded,reviewed,"ehz8-ag3n load 2026-03-31, location indicator 'systemwide': 'Sigmod Equipment For Cars And Locomotives': This project is a reserve and will fund the purchase of CBTC car borne equipment for various railcars and locomotives."
T8080304,physical,program reserve: defined physical work not yet awarded,reviewed,"ehz8-ag3n load 2026-03-31, location indicator 'multilocation': 'Sigmod: 8 Av And 2 Interlockings (Add Supp Costs)': This project is a reserve that will provide additional funding for the CBTC 8 Avenue and 2 Signal Interlockings at 30 Street and 42 Street North projects, which are funded in a prior capital program."
T8080305,physical,program reserve: defined physical work not yet awarded,reviewed,"ehz8-ag3n load 2026-03-31, location indicator 'systemwide': 'Miscellaneous Sigmod Supporting Investments': This project is a reserve that will provide funding for miscellaneous investments in support of signal modernization."
T8080316,overhead,rule: title matches 'general engineering consultant',draft,"ehz8-ag3n load 2026-03-31, location indicator 'dollar': 'Cbtc: General Engineering Consultant': This project will utilize the services of a General Engineering Consultant (GEC) to prepare conceptual and preliminary design documents for the NYCT Communications-Based Train Control (CBTC) signal modernization program."
T8080330,overhead,review: a study not about a particular place,reviewed,"ehz8-ag3n load 2026-03-31, location indicator 'dollar': 'Rail Simulation Study': This project is for consultant services to perform a rail simulation study to analyze increasing demand for track access and associated service diversions."
T80803DD,reserve,rule: scope matches 'design reserve',draft,"ehz8-ag3n load 2026-03-31, location indicator 'dollar': 'Signal Modernization Design': This project is a design reserve that will fund in-house and consultant services for design activities for all signal modernization projects in the signals category. Construction will be addressed under separate projects."
T80803RR,physical,program reserve: defined physical work not yet awarded,reviewed,"ehz8-ag3n load 2026-03-31, location indicator 'systemwide': 'Sigmod: 3 Lines And Associated Interlockings': This project is a reserve and will provide funding for projects to modernize signals and interlockings on segments of three lines, including Fulton, 63rd Street and 6th Avenue."
T8080603,physical,program reserve: defined physical work not yet awarded,reviewed,"ehz8-ag3n load 2026-03-31, location indicator 'systemwide': 'Fiber Optic Cable Replacement: Various Locations': This project is a reserve and will fund projects that will replace deteriorated fiber optic cable along the right-of-way to improve network reliability and installation of higher capacity cables in certain areas to alleviate network congest"
T8080604,physical,program reserve: defined physical work not yet awarded,reviewed,"ehz8-ag3n load 2026-03-31, location indicator 'systemwide': 'Copper Cable Replacement: Various Locations': This project is a reserve and will fund an initiative to install new copper communications cable along the right-of-way, to maintain the reliability of NYC Transit's communications infrastructure."
T8080605,physical,program reserve: defined physical work not yet awarded,reviewed,"ehz8-ag3n load 2026-03-31, location indicator 'systemwide': 'Antenna Cable Replacement: Various Locations': This project is a reserve and will fund projects to install new antenna cable along the underground right-of-way to provide for improved radio transmission quality and coverage area."
T8080607,physical,program reserve: defined physical work not yet awarded,reviewed,"ehz8-ag3n load 2026-03-31, location indicator 'systemwide': 'Station Comm Room Upgrades: Various Locations': This project is a reserve to fund projects that will provide space at selected station complexes for additional electronic equipment related to new communication and security systems as well as scheduled and future equipment upgrades."
T8080608,physical,program reserve: defined physical work not yet awarded,reviewed,"ehz8-ag3n load 2026-03-31, location indicator 'systemwide': 'Station Information Systems: Various Locations': This project is a reserve that will fund projects to upgrade various internal and customer-facing communications applications in stations, including public address systems and customer information signs (PA/CIS), and elevator and escalator "
T8080610,physical,program reserve: defined physical work not yet awarded,reviewed,"ehz8-ag3n load 2026-03-31, location indicator 'systemwide': 'Security Technology Upgrades: Various Locations': This project is a reserve to fund projects that will ensure that the security systems and physical security infrastructure are kept up to date and in a state of good repair. An updated system will provide an ability to better protect NYCT's"
T8080648,physical,program reserve: defined physical work not yet awarded,reviewed,"ehz8-ag3n load 2026-03-31, location indicator 'systemwide': 'Track Safety Communications Initiatives': This project is a reserve that will fund projects to implement track safety communications initiatives as recommended by the MTA Track Trespassing Task Force."
T8090201,physical,program reserve: defined physical work not yet awarded,reviewed,"ehz8-ag3n load 2026-03-31, location indicator 'systemwide': 'Substation Renewals: Various Locations': This project is a reserve that will fund projects that will involve the renewal of various substations."
T8090203,physical,program reserve: defined physical work not yet awarded,reviewed,"ehz8-ag3n load 2026-03-31, location indicator 'systemwide': 'Substation Enclosures: Various Locations': This project is a reserve and will fund projects that will rehabilitate substation roofs and enclosures at various locations systemwide."
T8090204,physical,program reserve: defined physical work not yet awarded,reviewed,"ehz8-ag3n load 2026-03-31, location indicator 'systemwide': 'Power Improvements: Various Locations': This project is a reserve and will fund power improvements on various lines to improve reliability and support higher train throughput made possible by signal modernization."
T8090210,reserve,rule: scope matches 'design reserve',draft,"ehz8-ag3n load 2026-03-31, location indicator 'dollar': 'Substations Design': This project is a design reserve that will fund in-house and consultant services for the coordination and preparation of master plan and design activities for substation work at various locations systemwide. Construction will be addressed u"
T8090403,physical,program reserve: defined physical work not yet awarded,reviewed,"ehz8-ag3n load 2026-03-31, location indicator 'systemwide': 'Miscellaneous Power Investments': This project is a reserve and will fund projects for various investments in the traction power system on various lines systemwide."
T8090407,reserve,rule: scope matches 'design reserve',draft,"ehz8-ag3n load 2026-03-31, location indicator 'systemwide': 'Power Distribution Design': This project is a design reserve that will fund in-house and consultant services for the coordination and preparation of master plan and design activities for power distribution work at various locations systemwide. Construction will be add"
T8100401,physical,program reserve: defined physical work not yet awarded,reviewed,"ehz8-ag3n load 2026-03-31, location indicator 'systemwide': 'Shop Component Repairs: Various Locations': This project is a reserve and will fund projects that will rehabilitate high-priority deficient components of various shops systemwide. Work will vary depending on the individual needs at each location. This project enables immediate repair"
T8100405,physical,program reserve: defined physical work not yet awarded,reviewed,"ehz8-ag3n load 2026-03-31, location indicator 'systemwide': 'Yard Fencing/Lighting/Misc. Investments': This project is a reserve and will fund projects for fencing and lighting at select yards."
T8100409,reserve,rule: scope matches 'design reserve',draft,"ehz8-ag3n load 2026-03-31, location indicator 'dollar': 'Shop Components Design': This project is a design reserve that will fund in-house and consultant services for the coordination and preparation of master plan and design activities for work at various railcar maintenance shops and other shops systemwide. Constructio"
T8100410,reserve,rule: scope matches 'design reserve',draft,"ehz8-ag3n load 2026-03-31, location indicator 'dollar': 'Yard Track & Switch Design': This project is a design reserve that will fund in-house services for design activities for the yard track and switch program at various locations systemwide. Construction will be addressed under separate projects."
T8100419,physical,physical work,draft,"ehz8-ag3n load 2026-03-31, location indicator 'base': 'Jamaica Yard Expansion Phase 1 - Design Only': This project will fund design activities for the first of two phases of an overall expansion and increase in train storage capacity of the Jamaica Yard located in the borough of Queens. Work under the first phase will include installation o"
T8100429,reserve,rule: scope matches 'design reserve',draft,"ehz8-ag3n load 2026-03-31, location indicator 'systemwide': 'Miscellaneous Yard Work Design': This project is a design reserve that will fund in-house and consultant services for the coordination and preparation of master plan and design activities for miscellaneous yard work at various locations systemwide. Construction will be add"
T8100430,physical,physical work,draft,"ehz8-ag3n load 2026-03-31, location indicator 'dollar': 'Improvements To New Cable Shop (Pitkin Avenue)': This project will outfit a leased site at Pitkin Avenue in Brooklyn for the operation usage of the power cable maintenance shop and administration building."
T8120301,physical,program reserve: defined physical work not yet awarded,reviewed,"ehz8-ag3n load 2026-03-31, location indicator 'systemwide': 'Depot Component Repairs: Various Locations': This project is a reserve and will fund projects that will address deficient components such as roofs, heating/ventilation systems, and lighting, in addition to the normal replacement of depot equipment. Facilities with higher concentration"
T8120306,overhead,review: a study not about a particular place,reviewed,"ehz8-ag3n load 2026-03-31, location indicator 'bus': 'Zero Emission Fleet Transformation Study': This project is a study of the Zero Emission Fleet Transformation (ZEFT) efforts regarding bus purchases and related investments for battery electric buses."
T8120308,reserve,rule: scope matches 'design reserve',draft,"ehz8-ag3n load 2026-03-31, location indicator 'dollar': 'Depot Component Repairs Design': This project is a design reserve that will fund in-house and consultant services for the coordination and preparation of master plan and design activities for depot component repair work at various locations systemwide. Construction will be"
T8120402,physical,program reserve: defined physical work not yet awarded,reviewed,"ehz8-ag3n load 2026-03-31, location indicator 'systemwide': 'Miscellaneous Depot Investments': This project is a reserve to fund the continued investment in miscellaneous depot equipment, including bus lifts and facility elevators."
T8120403,reserve,rule: scope matches 'design reserve',draft,"ehz8-ag3n load 2026-03-31, location indicator 'dollar': 'Depot Improvements Design': This project is a design reserve that will fund in-house and consultant services for the coordination and preparation of master plan and design activities for depot improvement work at various locations systemwide. Construction will be addr"
T8130201,physical,physical work,draft,"ehz8-ag3n load 2026-03-31, location indicator 'car': 'Purchase Rubber Tire Vehicles': This project will fund projects to purchase various types of non-revenue rubber tire support vehicles; types to be selected based on condition and performance."
T8130202,physical,program reserve: defined physical work not yet awarded,reviewed,"ehz8-ag3n load 2026-03-31, location indicator 'car': 'Purchase Various Work Train Cars': This project is a reserve that will fund the purchase of flat cars, and selected other classes of work train cars, such as tampers, crane cars, signal supply cars, and a track geometry car."
T8130208,physical,physical work,draft,"ehz8-ag3n load 2026-03-31, location indicator 'systemwide': 'Non-Revenue Vehicles 2023': This project will provide for the normal replacement of non-revenue rubber tire support vehicles with a cost of $50,000 or greater. These vehicles are used by NYCT for essential services such as emergency response, material transportation, "
T8160201,physical,small-scale construction work or equipment purchases (capital revolving fund),draft,"ehz8-ag3n load 2026-03-31, location indicator 'dollar': 'Capital Revolving Fund': This project was a reserve that will fund projects for various small-scale construction work or miscellaneous equipment purchases."
T8160202,overhead,rule: title matches 'insurance',draft,"ehz8-ag3n load 2026-03-31, location indicator 'dollar': 'Insurance To Support Capital Program': This project is a reserve and represents NYC Transit's contribution to various types of insurance that support the 2020-2024 Capital Program."
T8160203,physical,small-scale construction work or equipment purchases (capital revolving fund),draft,"ehz8-ag3n load 2026-03-31, location indicator 'dollar': 'Capital Revolving Fund 2020': This project supports programmatic needs. It will implement various small-scale construction work or miscellaneous equipment purchases."
T8160204,overhead,rule: title matches 'insurance',draft,"ehz8-ag3n load 2026-03-31, location indicator 'dollar': 'All-Agency Liability Insurance & Deductible': This project provides funding for certain claims from losses in connection with construction work related to the capital program."
T8160205,overhead,rule: title matches 'insurance',draft,"ehz8-ag3n load 2026-03-31, location indicator 'dollar': 'Owner Controlled Insurance Program (2021)': This project represents New York City Transit's contribution for the owner controlled insurance program."
T8160206,overhead,rule: title matches 'insurance',draft,"ehz8-ag3n load 2026-03-31, location indicator 'dollar': 'Owner Controlled Insurance Program (2022)': This project represented New York City Transit's contribution for the owner controlled insurance program covering the period of June 30, 2022 to June 30, 2023."
T8160208,physical,small-scale construction work or equipment purchases (capital revolving fund),draft,"ehz8-ag3n load 2026-03-31, location indicator 'systemwide': 'Capital Revolving Fund 2021': This project supports programmatic needs. It will implement various small-scale construction work or miscellaneous equipment purchases."
T8160209,physical,small-scale construction work or equipment purchases (capital revolving fund),draft,"ehz8-ag3n load 2026-03-31, location indicator 'systemwide': 'Capital Revolving Fund 2022': This project supports programmatic needs. It will implement various small-scale construction work or miscellaneous equipment purchases."
T8160210,physical,small-scale construction work or equipment purchases (capital revolving fund),draft,"ehz8-ag3n load 2026-03-31, location indicator 'systemwide': 'Capital Revolving Fund 2023': This project supports programmatic needs. It will implement various small-scale construction work or miscellaneous equipment purchases."
T8160211,overhead,rule: title matches 'insurance',draft,"ehz8-ag3n load 2026-03-31, location indicator 'dollar': 'Owner Controlled Insurance Program (2023)': This project represents New York City Transit's contribution for the owner controlled insurance program."
T8160212,overhead,rule: title matches 'insurance',draft,"ehz8-ag3n load 2026-03-31, location indicator 'dollar': 'Owner Controlled Insurance Program (2023, 2024, 2025)': This project represents New York City Transit's contribution for the owner controlled insurance program."
T8160213,physical,small-scale construction work or equipment purchases (capital revolving fund),draft,"ehz8-ag3n load 2026-03-31, location indicator 'dollar': 'Capital Revolving Fund 2024': This project supports programmatic needs. It will implement various small-scale construction work or miscellaneous equipment purchases."
T8160214,overhead,rule: title matches 'insurance',draft,"ehz8-ag3n load 2026-03-31, location indicator 'dollar': 'Owner Controlled Insurance Program (2015-2019)': This project represented New York City Transit's contribution for the additional premiums for the 2015-2019 owner controlled insurance program."
T8160402,overhead,rule: title matches 'upgrade information systems',draft,"ehz8-ag3n load 2026-03-31, location indicator 'dollar': 'Upgrade Information Systems / Data Centers': This project is a reserve that will fund projects that include miscellaneous investments in information technology systemwide."
T8160403,physical,physical work,draft,"ehz8-ag3n load 2026-03-31, location indicator 'multilocation': 'Improved Resiliency Of Rcc Critical Systems': This project will construct a redundant server system for all Rail Control Center (RCC) critical applications used to support rail operations. Schedule dates are not available, due to project being under development."
T8160502,overhead,review: engineering services supporting the program,draft,"ehz8-ag3n load 2026-03-31, location indicator 'dollar': 'Engineering Services To Support Capital Program': This project is a reserve that will fund the procurement of architecture/engineering and Indefinite Quantity design services and specialty consultant services. Work will include various architectural and engineering services needed over the"
T8160503,reserve,rule: title matches 'scope development',draft,"ehz8-ag3n load 2026-03-31, location indicator 'dollar': 'Scope Development And Design Reserve': This project is a reserve that will fund the preliminary development of various projects in the capital program. Work will include the creation of a project scope (description of work, location and limits, etc.), budget estimate, preliminar"
T8160504,overhead,rule: title matches 'independent engineer',draft,"ehz8-ag3n load 2026-03-31, location indicator 'dollar': 'Mta Independent Engineering Consultant': This project will provide funds for the Independent Engineering Consultant which provides construction oversight services for NYCT projects included in the MTA 2020-2024 Capital Program. Work will include monitoring projects from the planni"
T8160505,overhead,rule: title matches 'administration',draft,"ehz8-ag3n load 2026-03-31, location indicator 'dollar': 'Small Business Mentoring Program Administration': This project funds NYC Transit's contribution towards administration of the MTA's Small Business Mentoring Program."
T8160506,overhead,rule: title matches 'traffic checkers',draft,"ehz8-ag3n load 2026-03-31, location indicator 'dollar': 'General Order Support: Traffic Checkers 2022': This project provides in-house staff to post, track and remove service notices and brochures in stations and on trains plus provide assistance to customers during planned or emergency temporary service diversions."
T8160514,overhead,rule: title matches 'traffic checkers',draft,"ehz8-ag3n load 2026-03-31, location indicator 'dollar': 'General Order Support Traffic Checkers': This project provided in-house staff to post, track and remove service notices and brochures in stations and on trains plus provide assistance to customers during planned or emergency temporary service diversions."
T8160515,overhead,rule: title matches 'traffic checkers',draft,"ehz8-ag3n load 2026-03-31, location indicator 'dollar': 'General Order Support: Traffic Checkers 2021': This project provided in-house staff to post, track and remove service notices and brochures in stations and on trains plus provide assistance to customers during planned or emergency temporary service diversions."
T8160519,overhead,rule: title matches 'construction support',draft,"ehz8-ag3n load 2026-03-31, location indicator 'dollar': 'Construction Support 2022': This project for TA Labor services supports NYC Transit's on-going initiative to reduce the possibility of contractor's work being cancelled due to insufficient flagging resources and to provide support for warranty related issues along the"
T8160520,physical,review: study and pilot implementation of bike enhancements,draft,"ehz8-ag3n load 2026-03-31, location indicator 'dollar': 'Bike Ped Study And Pilot': This project will study and implement a variety of bike enhancements for buses and subway stations."
T8160521,overhead,rule: title matches 'traffic checkers',draft,"ehz8-ag3n load 2026-03-31, location indicator 'dollar': 'General Order Support: Traffic Checkers 2023': This project provided in-house staff to post, track and remove service notices and brochures in stations and on trains plus provide assistance to customers during planned or emergency temporary service diversions."
T8160522,overhead,rule: title matches 'traffic checkers',draft,"ehz8-ag3n load 2026-03-31, location indicator '': 'General Order Support: Traffic Checkers 2024': This project provided in-house staff to post, track and remove service notices and brochures in stations and on trains plus provided assistance to customers during planned or emergency temporary service diversions."
T8160523,physical,physical work,draft,"ehz8-ag3n load 2026-03-31, location indicator 'systemwide': 'Structural Testing Systemwide': This project will perform structural testing systemwide to access the condition of supporting structures and define project scopes for structural repair. Schedule dates are not available, due to project being under development."
T8160603,physical,review: investigation and remediation of contamination at locations systemwide,draft,"ehz8-ag3n load 2026-03-31, location indicator 'dollar': 'Environmental Remediation': This project is a reserve and will provide funds to procure the services of Consultants to provide technical, environmental, and engineering expertise for investigating and remediating various contamination at locations systemwide on a task"
T8160701,physical,program reserve: defined physical work not yet awarded,reviewed,"ehz8-ag3n load 2026-03-31, location indicator 'systemwide': 'Subways Employee Facility Repairs: Various Locs': This project is a reserve and will fund projects that will provide structural and/or utility repairs of various divisions' employee facilities throughout the system."
T8160703,physical,program reserve: defined physical work not yet awarded,reviewed,"ehz8-ag3n load 2026-03-31, location indicator 'systemwide': 'Misc./Administrative Facility Investments': This project is a reserve that will fund various administrative facility investments throughout the system."
T8160707,reserve,rule: scope matches 'design reserve',draft,"ehz8-ag3n load 2026-03-31, location indicator 'dollar': 'Employee Facilities Design': This project is a design reserve that will fund in-house and consultant services for the coordination and preparation of master plan and design activities for employee facilities work at various locations systemwide. Construction will be ad"
T9010102,physical,program reserve: defined physical work not yet awarded,reviewed,"ehz8-ag3n load 2026-03-31, location indicator 'car': 'Purchase 1,140 New A-Division Cars, Phase 1': This project is a reserve that will fund the purchase of 1140 new A-Division cars. These new cars will equip the A-Division with CBTC-compatible trains and enable further implementation of modern CBTC-signaling. Signaling equipment is being"
T9010103,reserve,rule: scope matches 'allowance',draft,"ehz8-ag3n load 2026-03-31, location indicator 'car': 'Additional Rolling Stock Support': This project is a reserve that will provide for additional support and allowance for variables related to the A- and B-Division new car procurements."
T9030201,physical,program reserve: defined physical work not yet awarded,reviewed,"ehz8-ag3n load 2026-03-31, location indicator 'bus': 'Purchase 500 Standard Zero-Emission Fleet Buses': This project is a reserve that will fund the purchase of 500 Standard ZEF Buses to replace existing buses at the end of their useful life; the transition to zero-emission buses will reduce greenhouse gas and local air emissions."
T9030202,physical,program reserve: defined physical work not yet awarded,reviewed,"ehz8-ag3n load 2026-03-31, location indicator 'bus': 'Purchase 536 Standard Buses': This project is a reserve that will fund the purchase of 536 Standard Buses, allowing for the retirement of buses that have reached the end of their useful life and enhancing the level and reliability of bus service."
T9030203,physical,program reserve: defined physical work not yet awarded,reviewed,"ehz8-ag3n load 2026-03-31, location indicator 'bus': 'Purchase 535 Articulated Buses': This project is a reserve that will fund the purchase of 535 Articulated Buses, allowing for the retirement of buses that have reached the end of their useful life and enhancing the level and reliability of bus service."
T9030207,physical,program reserve: defined physical work not yet awarded,reviewed,"ehz8-ag3n load 2026-03-31, location indicator 'bus': 'Bus Charging': This project is a reserve for investments in electric charging infrastructure for zero-emission bus and light duty non-revenue fleets."
T9030208,physical,program reserve: defined physical work not yet awarded,reviewed,"ehz8-ag3n load 2026-03-31, location indicator 'bus': 'Bus Technology': This project is a reserve for investments in bus technology for bus fleets, depots, and facilities."
T9040401,physical,program reserve: defined physical work not yet awarded,reviewed,"ehz8-ag3n load 2026-03-31, location indicator 'systemwide': 'Next Generation Turnstiles': This project is a reserve for investments in next generation turnstiles at fare control areas in stations systemwide. Upgrading fare gates will improve accessibility, enhance customer experience, and discourage fare evasion."
T9040701,physical,program reserve: defined physical work not yet awarded,reviewed,"ehz8-ag3n load 2026-03-31, location indicator 'multilocation': 'Replace 45 Elevators': This project is a reserve for investments to replace 45 elevators at various stations systemwide in order to achieve more reliable and efficient operations."
T9040702,physical,program reserve: defined physical work not yet awarded,reviewed,"ehz8-ag3n load 2026-03-31, location indicator 'multilocation': 'Replace 43 Escalators': This project is a reserve for investments to replace 43 escalators at various stations systemwide in order to achieve more reliable and efficient operations."
T9040737,reserve,rule: scope matches 'scope development',draft,"ehz8-ag3n load 2026-03-31, location indicator 'dollar': 'Escalators Design': This project is a design reserve that will fund in-house and consultant services for scope development, design, and procurement activities for escalator replacement projects at various locations systemwide. Construction will be addressed un"
T9040738,reserve,rule: scope matches 'scope development',draft,"ehz8-ag3n load 2026-03-31, location indicator 'dollar': 'Elevators Design': This project is a design reserve that will fund in-house and consultant services for scope development, design, and procurement activities for elevator replacement projects at various locations systemwide. Construction will be addressed und"
T9041201,physical,program reserve: defined physical work not yet awarded,reviewed,"ehz8-ag3n load 2026-03-31, location indicator 'multilocation': 'Station Renewals: 10 Locations': This project is a reserve that will fund station renewal projects at 10 stations with high concentrations of deficient components to bring these locations into a state of good repair."
T9041202,physical,program reserve: defined physical work not yet awarded,reviewed,"ehz8-ag3n load 2026-03-31, location indicator 'systemwide': 'Station Components: Various Locations': This project is a reserve that will fund projects to repair or replace select station components that are in deficient condition at various stations systemwide. Work will vary by location based on the latest Station Condition Survey."
T9041203,physical,construction contracts through the Small Business Mentoring Program,draft,"ehz8-ag3n load 2026-03-31, location indicator 'systemwide': 'Small Business Mentoring Program - Stations': This project is a reserve that funds the Stations portion of NYC Transit's investment in the MTA's Small Business Mentoring Program."
T9041204,physical,program reserve: defined physical work not yet awarded,reviewed,"ehz8-ag3n load 2026-03-31, location indicator 'systemwide': 'Other Station Work': This project is a reserve that will fund various miscellaneous investments in the stations program, including station signage, systemwide condition survey, water remediation, and station utilities."
T9041210,reserve,rule: scope matches 'scope development',draft,"ehz8-ag3n load 2026-03-31, location indicator 'dollar': 'Small Business Mentoring Program - Stations Design': This project is a design reserve that will fund in-house and consultant services for scope development, design, and procurement activities to advance station related projects in the MTA's small business mentoring program."
T9041241,reserve,rule: scope matches 'scope development',draft,"ehz8-ag3n load 2026-03-31, location indicator 'dollar': 'Station Renewals Design': This project is a design reserve that will fund in-house and consultant services for scope development, design, and procurement activities for station renewal work at various locations systemwide. Construction will be addressed under separa"
T9041242,reserve,rule: scope matches 'scope development',draft,"ehz8-ag3n load 2026-03-31, location indicator 'dollar': 'Station Components Design': This project is a design reserve that will fund in-house and consultant services for scope development, design, and procurement activities for station component projects at various locations systemwide. Construction will be addressed under "
T90413DD,reserve,rule: scope matches 'scope development',draft,"ehz8-ag3n load 2026-03-31, location indicator 'dollar': 'Ada Design': This project is a design reserve that will fund in-house and consultant services for scope development, design, and procurement activities for ADA accessibility projects at various locations systemwide. Construction will be addressed under "
T90413RR,physical,program reserve: defined physical work not yet awarded,reviewed,"ehz8-ag3n load 2026-03-31, location indicator 'multilocation': 'Ada Station Investments': This project is a reserve; it will fund projects that will provide full ADA (Americans with Disabilities Act) accessibility by adding new elevators or ramps at at-least 60 stations systemwide. This plan lists 43 stations, including complexe"
T9050201,physical,program reserve: defined physical work not yet awarded,reviewed,"ehz8-ag3n load 2026-03-31, location indicator 'systemwide': 'Mainline Track Replacement': This project is a reserve for investments in mainline track replacement projects at various locations systemwide. Work will include the replacement of track and associated equipment/materials. Location-specific projects will be split-out an"
T9050202,physical,program reserve: defined physical work not yet awarded,reviewed,"ehz8-ag3n load 2026-03-31, location indicator 'systemwide': 'Mainline Track Replacement (Stations & Other)': This project is a reserve that will fund third-party track work to be coordinated and packaged with stations projects or other line related work."
T9050203,physical,program reserve: defined physical work not yet awarded,reviewed,"ehz8-ag3n load 2026-03-31, location indicator 'systemwide': 'Track Force Account': This project is a reserve that will fund annual Track Force Account projects for the maintenance of track and associated equipment systemwide. Work will be performed by in-house forces."
T9050205,physical,physical work,draft,"ehz8-ag3n load 2026-03-31, location indicator 'systemwide': 'Track Force Account 2025': This project will provide funding for the annual Track Force Account for the maintenance of the mainline track system. The work includes replacement, restoration and reconstruction of related trackway equipment and materials such as third r"
T9050218,overhead,rule: title matches 'support costs',draft,"ehz8-ag3n load 2026-03-31, location indicator 'systemwide': 'Mainline Track Replacement 2025 / Support Costs': This project will provide design, construction administration and other miscellaneous support services for 2025 track replacement projects."
T9050223,overhead,rule: title matches 'support costs',draft,"ehz8-ag3n load 2026-03-31, location indicator 'systemwide': 'Mainline Track Replacement 2026 / Support Costs': This project will provide design, construction administration and other miscellaneous support services for 2026 track replacement projects."
T9050301,physical,program reserve: defined physical work not yet awarded,reviewed,"ehz8-ag3n load 2026-03-31, location indicator 'systemwide': 'Switch Replacement': This project is a reserve for investments in mainline switch replacement projects at various locations systemwide. Work will include the replacement of switches and associated equipment/materials. Location-specific projects will be split-ou"
T9050302,physical,program reserve: defined physical work not yet awarded,reviewed,"ehz8-ag3n load 2026-03-31, location indicator 'systemwide': 'Switch Replacement (Communication-Based Train Control)': This project is a reserve that will fund third-party switch replacement projects at locations that align with investments in the signal modernization program (refer to CBTC / Signal Modernization lines in the Signals & Communications catego"
T9050316,overhead,rule: title matches 'support costs',draft,"ehz8-ag3n load 2026-03-31, location indicator 'systemwide': 'Mainline Track Switches 2025 / Support Costs': This project will provide design, construction administration and other miscellaneous support services for the 2025 switch replacement projects."
T9050318,overhead,rule: title matches 'support costs',draft,"ehz8-ag3n load 2026-03-31, location indicator 'systemwide': 'Mainline Track Switches 2026 / Support Costs': This project will provide design, construction administration and other miscellaneous support services for the 2026 switch replacement projects."
T9060501,physical,program reserve: defined physical work not yet awarded,reviewed,"ehz8-ag3n load 2026-03-31, location indicator 'systemwide': 'Tunnel Lighting: Various Locations': This project is a reserve that will fund projects to replace tunnel lighting at various locations systemwide."
T9060502,physical,program reserve: defined physical work not yet awarded,reviewed,"ehz8-ag3n load 2026-03-31, location indicator 'systemwide': 'Fan Plants: Various Locations': This project is a reserve that will fund investments in fan plant components systemwide."
T9060503,physical,program reserve: defined physical work not yet awarded,reviewed,"ehz8-ag3n load 2026-03-31, location indicator 'multilocation': 'Pump Rooms: Various Locations': This project is a reserve that will fund projects to repair or replace more than a dozen pump rooms and make improvements to sump pump capacity where warranted and feasible at various location systemwide."
T9060504,physical,program reserve: defined physical work not yet awarded,reviewed,"ehz8-ag3n load 2026-03-31, location indicator 'systemwide': 'Other Line Equipment Work': This project is a reserve that will fund investments in additional line equipment upgrades."
T9070301,physical,program reserve: defined physical work not yet awarded,reviewed,"ehz8-ag3n load 2026-03-31, location indicator 'multilocation': 'Elevated Structure Paint/Repair: Various Locations': This project is a reserve that will fund projects to paint and repair defects on elevated structures at various locations systemwide."
T9070302,physical,program reserve: defined physical work not yet awarded,reviewed,"ehz8-ag3n load 2026-03-31, location indicator 'multilocation': 'Subway Structure Repairs: Various Locations': This project is a reserve that will fund projects to repair priority defects in underground subway structures at various locations systemwide. In addition, select projects will repair ancillary and special structures, including vents betwee"
T9070303,physical,program reserve: defined physical work not yet awarded,reviewed,"ehz8-ag3n load 2026-03-31, location indicator 'systemwide': 'Rehabilitate Emergency Exits': This project is a reserve for projects that will address the rehabilitation of emergency exits at various locations systemwide."
T9070327,reserve,rule: scope matches 'scope development',draft,"ehz8-ag3n load 2026-03-31, location indicator 'dollar': 'Elevated Structures Design': This project is a design reserve that will fund in-house and consultant services for scope development, design, and procurement activities for elevated structure repair work at various locations systemwide. Construction will be addressed un"
T9070328,reserve,rule: scope matches 'scope development',draft,"ehz8-ag3n load 2026-03-31, location indicator 'dollar': 'Subway Structures Design': This project is a design reserve that will fund in-house and consultant services for scope development, design, and procurement activities for subway structure repair work at various locations systemwide. Construction will be addressed unde"
T9080301,physical,program reserve: defined physical work not yet awarded,reviewed,"ehz8-ag3n load 2026-03-31, location indicator 'car': 'Communication-Based Train Control Equipment For Rolling Stock': This project is a reserve that will fund projects to install CBTC on-board equipment needed to operate new subway cars and locomotives on signal modernized lines."
T9080303,physical,program reserve: defined physical work not yet awarded,reviewed,"ehz8-ag3n load 2026-03-31, location indicator 'systemwide': 'Automatic Train Supervision-A System Replacement': This project is a reserve for investments to upgrade or replace the ATS-A legacy signaling system that controls service on A Division (numbered) lines to keep the system operational and to begin preparations to convert those lines to CBTC i"
T9080304,physical,program reserve: defined physical work not yet awarded,reviewed,"ehz8-ag3n load 2026-03-31, location indicator 'systemwide': 'Signal System Component Replacement': This project is a reserve for investments in signal system component replacement, including life cycle upgrades to the CBTC signaling system on the Canarsie Line."
T9080305,physical,program reserve: defined physical work not yet awarded,reviewed,"ehz8-ag3n load 2026-03-31, location indicator 'multilocation': 'Additional Communication-Based Train Control  Work': This project is a reserve for investments in additional CBTC related work to begin preparations to convert lines to CBTC in the future."
T90803DD,reserve,rule: scope matches 'scope development',draft,"ehz8-ag3n load 2026-03-31, location indicator 'dollar': 'Signal Modernization Design': This project is a design reserve that will fund in-house and consultant services for scope development, design, and procurement activities for various signal modernization projects. Construction will be addressed under separate projects."
T90803RR,physical,program reserve: defined physical work not yet awarded,reviewed,"ehz8-ag3n load 2026-03-31, location indicator 'multilocation': 'Communication-Based Train Control: Various Lines': This project is a reserve; it will fund projects to modernize signals and interlockings on various lines, including Liberty, Broadway, and Rockaway, to a state-of-the-art Communications Based Train Control (CBTC) system."
T9080601,physical,program reserve: defined physical work not yet awarded,reviewed,"ehz8-ag3n load 2026-03-31, location indicator 'systemwide': 'Communications Network Upgrades': This is a reserve for investments in various communications network upgrades."
T9080602,physical,program reserve: defined physical work not yet awarded,reviewed,"ehz8-ag3n load 2026-03-31, location indicator 'systemwide': 'Electronic Security Systems': This is a reserve for investments in various electronic security systems to enhance safety, security, and operational functions."
T9080603,physical,construction contracts through the Small Business Mentoring Program,draft,"ehz8-ag3n load 2026-03-31, location indicator 'systemwide': 'Small Business Mentoring Program - Communication Rooms': This project is a reserve that funds the Communications portion of NYC Transit's investment in the MTA's Small Business Mentoring Program."
T9080604,physical,program reserve: defined physical work not yet awarded,reviewed,"ehz8-ag3n load 2026-03-31, location indicator 'systemwide': 'Subway Radio Equipment Replacement': This project is a reserve for investments in life cycle replacement of subway radio equipment to support safety and operational functions."
T9080605,physical,program reserve: defined physical work not yet awarded,reviewed,"ehz8-ag3n load 2026-03-31, location indicator 'systemwide': 'Communications Applications': This project is a reserve for investments in network connectivity and communications applications in various stations systemwide."
T9080606,physical,program reserve: defined physical work not yet awarded,reviewed,"ehz8-ag3n load 2026-03-31, location indicator 'systemwide': 'Communication Cable Replacement: Various Locations': This project is a reserve for investments in communication cable replacement, increasing the capacity of the fiber cable network and addressing obsolete equipment."
T9080607,physical,program reserve: defined physical work not yet awarded,reviewed,"ehz8-ag3n load 2026-03-31, location indicator 'systemwide': 'Station Information Systems': This project is a reserve for investments in customer communications by upgrading or replacing public address and digital information screens at various stations systemwide."
T9080610,reserve,rule: scope matches 'scope development',draft,"ehz8-ag3n load 2026-03-31, location indicator 'dollar': 'Communications Design': This project is a design reserve that will fund in-house and consultant services for scope development, design, and procurement activities for communications work systemwide. Construction will be addressed under separate projects."
T9080611,physical,physical work,draft,"ehz8-ag3n load 2026-03-31, location indicator 'systemwide': 'Ats-B Complement (Additional Support)': This project will make major enhancements to the current Automatic Train Supervision (ATS) system serving the B-Division, which will improve the functionality of ATS-B, including web-based remote access capability and real-time train locati"
T9090201,physical,program reserve: defined physical work not yet awarded,reviewed,"ehz8-ag3n load 2026-03-31, location indicator 'multilocation': 'Substation Renewals: Various Locations': This project is a reserve that will fund substation renewal projects at various locations systemwide."
T9090202,physical,program reserve: defined physical work not yet awarded,reviewed,"ehz8-ag3n load 2026-03-31, location indicator 'systemwide': 'Substation Components: Various Locations': This project is a reserve that will fund substation component replacement projects at various locations systemwide."
T90902DD,reserve,rule: scope matches 'scope development',draft,"ehz8-ag3n load 2026-03-31, location indicator 'dollar': 'Substations Design': This project is a design reserve that will fund in-house and consultant services for scope development, design, and procurement activities for substation work at various locations systemwide. Construction will be addressed under separate pr"
T9090401,physical,program reserve: defined physical work not yet awarded,reviewed,"ehz8-ag3n load 2026-03-31, location indicator 'systemwide': 'Rehab Circuit Breakers Houses/ Enclosures: Various Locations': This project is a reserve that will fund circuit breaker house rehabilitation projects at various locations systemwide."
T9090402,physical,program reserve: defined physical work not yet awarded,reviewed,"ehz8-ag3n load 2026-03-31, location indicator 'systemwide': 'Upgrade Supervisory Control And Data Acquisition Systems (Ind)': This project is a reserve for investments to replace and upgrade the SCADA system."
T9090403,physical,program reserve: defined physical work not yet awarded,reviewed,"ehz8-ag3n load 2026-03-31, location indicator 'systemwide': 'Other Power Distribution Work': This project is a reserve for investments in other power distribution work, including replacing obsolete emergency alarms and control & battery cables in various locations systemwide."
T90904DD,reserve,rule: scope matches 'scope development',draft,"ehz8-ag3n load 2026-03-31, location indicator 'dollar': 'Power Distribution Design': This project is a design reserve that will fund in-house and consultant services for scope development, design, and procurement activities for power distribution work at various locations systemwide. Construction will be addressed under sep"
T9100401,physical,program reserve: defined physical work not yet awarded,reviewed,"ehz8-ag3n load 2026-03-31, location indicator 'multilocation': 'Livonia/240 St Shop Facilities Rehabilitation': This project is a reserve that will fund projects to rehabilitate or reconstruct the Livonia Car Maintenance Facility in Brooklyn and the 240 Street Car Maintenance Facility in the Bronx. Work will vary depending on the individual needs at "
T9100402,physical,program reserve: defined physical work not yet awarded,reviewed,"ehz8-ag3n load 2026-03-31, location indicator 'systemwide': 'Shop Components: Various Locations': This project is a reserve that will fund projects to rehabilitate high-priority deficient components at various shops systemwide. Work will vary depending on the individual needs at each location. This project enables immediate repair needs"
T9100403,physical,program reserve: defined physical work not yet awarded,reviewed,"ehz8-ag3n load 2026-03-31, location indicator 'systemwide': 'Department Of Subways Facility Elevators: Various Locations': This project is a reserve to fund projects that will replace elevators at various employee facilities systemwide."
T9100405,physical,program reserve: defined physical work not yet awarded,reviewed,"ehz8-ag3n load 2026-03-31, location indicator 'multilocation': 'Yard Lighting / Improvements: Coney Island Complex': This project is a reserve for investments to replace and upgrade the yard lighting system at Coney Island Complex."
T9100407,physical,program reserve: defined physical work not yet awarded,reviewed,"ehz8-ag3n load 2026-03-31, location indicator 'systemwide': 'Yard Track Replacement': This project is a reserve that will fund projects to replace yard track that has reached the end of its useful life at various locations throughout the system. Locations will be selected based on the latest Yard Track Condition Survey."
T9100408,physical,program reserve: defined physical work not yet awarded,reviewed,"ehz8-ag3n load 2026-03-31, location indicator 'systemwide': 'Yard Switch Replacement': This project is a reserve that will fund projects to replace yard switches that have reached the end of their useful life at various locations throughout the system. Locations were selected based on the latest Yard Switch Condition Survey."
T9100413,reserve,rule: scope matches 'design reserve',draft,"ehz8-ag3n load 2026-03-31, location indicator 'systemwide': 'Yard Track & Switch Design': This project is a design reserve that will fund in-house design services for the yard track and switch program. Construction will be addressed under separate projects."
T9120301,physical,program reserve: defined physical work not yet awarded,reviewed,"ehz8-ag3n load 2026-03-31, location indicator 'systemwide': 'Depot Component Repairs: Various Locations': This project is a reserve for component investments at depots and replacing components and equipment based on condition, including roofs, facilities, and systems."
T9120302,physical,program reserve: defined physical work not yet awarded,reviewed,"ehz8-ag3n load 2026-03-31, location indicator 'systemwide': 'Non-Revenue Shop Reconfiguration': This project is a reserve that will fund investments in non-revenue shop reconfiguration, including investments that address sustainability and resilience needs."
T9120305,physical,program reserve: defined physical work not yet awarded,reviewed,"ehz8-ag3n load 2026-03-31, location indicator 'systemwide': 'Other Depot Work': This project is a reserve that will fund various miscellaneous depot projects, including equipment upgrades."
T91203DD,reserve,rule: scope matches 'scope development',draft,"ehz8-ag3n load 2026-03-31, location indicator 'dollar': 'Depot Components Design': This project is a design reserve that will fund in-house and consultant services for scope development, design, and procurement activities for depot component repair work at various locations systemwide. Construction will be addressed under"
T9130202,physical,program reserve: defined physical work not yet awarded,reviewed,"ehz8-ag3n load 2026-03-31, location indicator 'car': 'Purchase Various Rubber Tire Vehicles': This project is a reserve that will fund the purchase of various types of non-revenue rubber tire support vehicles; types to be selected based on condition and performance."
T9130203,physical,program reserve: defined physical work not yet awarded,reviewed,"ehz8-ag3n load 2026-03-31, location indicator 'car': 'Purchase / Upgrade Various Work Train Cars': This project is a reserve that will fund the purchase and upgrade of various work train cars."
T9160201,physical,small-scale construction work or equipment purchases (capital revolving fund),draft,"ehz8-ag3n load 2026-03-31, location indicator 'systemwide': 'Capital Revolving Fund': This project is a reserve that will fund projects for various small-scale construction work or miscellaneous equipment purchases."
T9160202,overhead,rule: title matches 'insurance',draft,"ehz8-ag3n load 2026-03-31, location indicator 'dollar': 'Owner Controlled Insurance Program And Other Insurance': This project is a reserve and represents NYC Transit's contribution to various types of insurance that support the 2025-2029 Capital Program."
T9160203,physical,small-scale construction work or equipment purchases (capital revolving fund),draft,"ehz8-ag3n load 2026-03-31, location indicator 'systemwide': 'Capital Revolving Fund 2025': This project supports programmatic needs. It will implement various small-scale construction work or miscellaneous equipment purchases."
T9160204,physical,small-scale construction work or equipment purchases (capital revolving fund),draft,"ehz8-ag3n load 2026-03-31, location indicator 'systemwide': 'Capital Revolving Fund 2026': This project supports programmatic needs. It will implement various small-scale construction work or miscellaneous equipment purchases."
T9160401,overhead,rule: title matches 'enterprise asset management',draft,"ehz8-ag3n load 2026-03-31, location indicator 'dollar': 'Enterprise Asset Management (Eam)': This project is a reserve for investments in Enterprise Asset Management (EAM) an information system to aid in optimal reinvestment in assets across the NYCT system."
T9160402,overhead,rule: title matches 'information systems upgrades',draft,"ehz8-ag3n load 2026-03-31, location indicator 'dollar': 'Information Systems Upgrades / Resiliency': This project is a reserve for investments in critical assets that include information technology."
T9160501,overhead,review: engineering services supporting the program,draft,"ehz8-ag3n load 2026-03-31, location indicator 'dollar': 'Engineering Services To Support Capital Program': This project is a reserve that will invest in resources to support the implementation of the capital program, including funding for environmental remediation, consultant support services, and specialty testing."
T9160502,overhead,rule: title matches 'administration',draft,"ehz8-ag3n load 2026-03-31, location indicator 'dollar': 'Small Business Mentoring Program Administration': This project is a reserve that funds NYC Transit's contribution towards administration of the MTA's Small Business Mentoring Program."
T9160503,reserve,rule: title matches 'scope development',draft,"ehz8-ag3n load 2026-03-31, location indicator 'dollar': 'Scope Development And Design': This project is a reserve that will invest in resources for scope development and design for future projects."
T9160504,overhead,rule: title matches 'traffic checkers',draft,"ehz8-ag3n load 2026-03-31, location indicator 'dollar': 'Go Support - Traffic Checkers': This project is a reserve to fund in-house resources to support the distribution of service change signage in stations and provide assistance to customers during planned or emergency service diversions."
T9160505,overhead,rule: title matches 'traffic checkers',draft,"ehz8-ag3n load 2026-03-31, location indicator 'dollar': 'General Order Support: Traffic Checkers 2025': This project will support in-house staff to post, track and remove service notices and brochures in stations and on trains plus provide assistance to customers during planned or emergency temporary service diversions."
T9160506,reserve,rule: title matches 'scope development',draft,"ehz8-ag3n load 2026-03-31, location indicator 'dollar': '2025-29 Scope Development': This project is a reserve that will fund in-house and consultant services for scope development activities to support various projects in the capital program. Design and construction will be addressed under separate projects."
T9160701,physical,program reserve: defined physical work not yet awarded,reviewed,"ehz8-ag3n load 2026-03-31, location indicator 'systemwide': 'Subway Employee Facility Repairs: Various Locs': This project is a reserve that will fund investments to repair or rehabilitate employee facilities at various locations systemwide."
T9160703,physical,program reserve: defined physical work not yet awarded,reviewed,"ehz8-ag3n load 2026-03-31, location indicator 'systemwide': 'Fire Alarms And Sprinklers: Various Locations': This project is a reserve that will fund investments in critical assets that include fire safety systems at various locations systemwide."
T9160704,physical,program reserve: defined physical work not yet awarded,reviewed,"ehz8-ag3n load 2026-03-31, location indicator 'multilocation': 'Power Control Center/Rail Control Center Upgrades': This project is a reserve that will fund investments in upgrades to the PCC/RCC, including space constraints and configuration improvements."
T91607DD,reserve,rule: scope matches 'scope development',draft,"ehz8-ag3n load 2026-03-31, location indicator 'dollar': 'Employee Facilities Design': This project is a design reserve that will fund in-house and consultant services for scope development, design, and procurement activities for employee facilities work at various locations systemwide. Construction will be addressed under se"
U6030201,overhead,rule: title matches 'administration',draft,"ehz8-ag3n load 2026-03-31, location indicator 'systemwide': 'Project Administration And Engineering Support Services': This project supported programmatic needs. It funded the implementation and supervision of capital projects as well as on-going general administrative functions."
U6030221,overhead,review: engineering design services supporting the program,draft,"ehz8-ag3n load 2026-03-31, location indicator 'systemwide': 'Design Management Services': To provide engineering design services to support the capital program. This includes preliminary engineering and design services for planning, scope development, design, code requirement verification, computer aided design, environmental co"
U6030222,overhead,rule: title matches 'construction management services',draft,"ehz8-ag3n load 2026-03-31, location indicator 'systemwide': 'Construction Management Services': This project included consultant services to provide construction management service for all projects within MTA Bus capital program. Consultants were responsible for the administration of the projects as directed by MTA Bus."
U7030215,overhead,rule: title matches 'administration',draft,"ehz8-ag3n load 2026-03-31, location indicator 'dollar': 'Project Administration Services': This project will support the implementation and supervision of capital projects as well as on-going general administrative functions."
U7030216,overhead,review: engineering design services supporting the program,draft,"ehz8-ag3n load 2026-03-31, location indicator 'dollar': 'Design And Engineering Services': This project will provide funding for engineering design services to support the capital program. This includes preliminary engineering and design services for planning, scope development, design, code requirement verification, computer aid"
U7030217,overhead,rule: title matches 'construction management services',draft,"ehz8-ag3n load 2026-03-31, location indicator 'dollar': 'Construction Management Services': This project includes consultant services to provide construction management service for all projects within MTA Bus capital program. Consultants will be responsible for the administration of the projects as directed by MTA Bus. Some dates "
U7030226,overhead,rule: title matches 'insurance',draft,"ehz8-ag3n load 2026-03-31, location indicator 'dollar': 'All-Agency Protective Liability Insurance': This project provides funding for certain claims from losses in connection with construction work related to the capital program."
U8030203,physical,program reserve: defined physical work not yet awarded,reviewed,"ehz8-ag3n load 2026-03-31, location indicator 'bus': 'Purchase 110 Standard Cng Buses': This project is a reserve that will fund the purchase of Standard Buses, allowing for the retirement of buses that have reached the end of their useful life and enhancing the level and reliability of bus service."
U8030208,physical,program reserve: defined physical work not yet awarded,reviewed,"ehz8-ag3n load 2026-03-31, location indicator 'systemwide': 'Bus Systems': This project is a reserve and will fund various projects related to bus technology for bus fleets, depots, and facilities."
U8030213,physical,program reserve: defined physical work not yet awarded,reviewed,"ehz8-ag3n load 2026-03-31, location indicator 'systemwide': 'Traffic Signal Priority': This project is a reserve that will fund a project to install a traffic signal priority system on MTA Bus Company buses to enable faster and more reliable service."
U8030214,overhead,rule: title matches 'administration',draft,"ehz8-ag3n load 2026-03-31, location indicator 'dollar': 'Project Engineering And Administration': This project is a reserve that will fund projects to support the implementation and supervision of capital projects as well as on-going general administrative functions."
U8030226,overhead,review: engineering design services supporting the program,draft,"ehz8-ag3n load 2026-03-31, location indicator '': 'Design Management Services': This project will provide engineering design services to support the capital program. This includes preliminary engineering and design services for planning, scope development, design, code requirement verification, computer aided design, e"
U9030203,physical,program reserve: defined physical work not yet awarded,reviewed,"ehz8-ag3n load 2026-03-31, location indicator 'bus': 'Purchase 90 Articulated Buses': This project is a reserve that will fund the purchase of 90 Articulated Buses, allowing for the retirement of buses that have reached the end of their useful life and enhancing the level and reliability of bus service."
U9030207,overhead,rule: title matches 'administration',draft,"ehz8-ag3n load 2026-03-31, location indicator 'systemwide': 'Project Engineering & Program Administration': This project is a reserve that will fund projects to support the implementation and supervision of capital projects, as well as on-going general administrative functions."
U9030208,physical,program reserve: defined physical work not yet awarded,reviewed,"ehz8-ag3n load 2026-03-31, location indicator 'systemwide': 'Purchase Rubber Tire Vehicles': This project is a reserve that will fund projects to purchase various types of non-revenue rubber tire support vehicles; types to be selected based on condition and performance."
U9030209,physical,program reserve: defined physical work not yet awarded,reviewed,"ehz8-ag3n load 2026-03-31, location indicator 'systemwide': 'Depot Improvements & Equipment': This project is a reserve that will fund projects that will address deficient components and continued investment in miscellaneous depot equipment at MTA Bus depots."
