project_key,kind,reserve_flag,delivery,basis,status,evidence
DSF0000800281|M634,physical,,,review: a lease for one school; physical under the project-specific real estate rule,reviewed,"2xh6-psuq version 2026-08-04, DSF0000800281|M634: SCA Lease Site Improvement: 'LEASE' at M634 (NEW YORK HARBOR SCHOOL ANNEX - MANHATTAN)"
DSF0000843720|XAEE,physical,,,review: furniture and equipment for one school,reviewed,"2xh6-psuq version 2026-08-04, DSF0000843720|XAEE: SCA Furniture & Equipment: 'FY16 RESO A TECHNOLOGY' at XAEE (X000 - BRONX)"
DSF0000865849|Q437,physical,,,review: a lease for one school; physical under the project-specific real estate rule,reviewed,"2xh6-psuq version 2026-08-04, DSF0000865849|Q437: DOE Managed PRE-K: 'LEASE' at Q437 (PRE-K CENTER @ 98-22 55 AVENUE - QUEENS)"
DSF0000866170|K668,physical,,,review: a lease for one school; physical under the project-specific real estate rule,reviewed,"2xh6-psuq version 2026-08-04, DSF0000866170|K668: PRE-K: 'LEASE' at K668 (PRE-K CENTER @ 412 63 STREET - BROOKLYN)"
DSF0000911848|R131,physical,,,review: a lease for one school; physical under the project-specific real estate rule,reviewed,"2xh6-psuq version 2026-08-04, DSF0000911848|R131: SCA Lease Site Improvement: 'LEASE' at R131 (P.S. @ 15 LISBON PLACE - STATEN ISLAND)"
DSF0000912545|R113,physical,,,review: a lease for one school; physical under the project-specific real estate rule,reviewed,"2xh6-psuq version 2026-08-04, DSF0000912545|R113: DOE Managed PRE-K: 'LEASE' at R113 (3K CENTER @ 841 FATHER CAPODANNO BOULEVARD - STATEN ISLAND)"
DSF0000913541|K237,physical,,,review: furniture and equipment for one school,reviewed,"2xh6-psuq version 2026-08-04, DSF0000913541|K237: SCA Furniture & Equipment: 'FY20 RESO A MOBILE SCIENCE LABS' at K237 (THE ACADAMY OF TALENTED SCHOLARS - K)"
DSF0000913588|M123,physical,,,review: furniture and equipment for one school,reviewed,"2xh6-psuq version 2026-08-04, DSF0000913588|M123: SCA Furniture & Equipment: 'FY20 RESO A MOBILE SCIENCE LABS' at M123 (P.S. 123 - MANHATTAN)"
DSF0000913873|M034,physical,,,review: furniture and equipment for one school,reviewed,"2xh6-psuq version 2026-08-04, DSF0000913873|M034: SCA Furniture & Equipment: 'FY20 RESO A MOBILE SCIENCE LABS' at M034 (P.S. 34 - MANHATTAN)"
DSF0000914026|Q168,physical,,,review: furniture and equipment for one school,reviewed,"2xh6-psuq version 2026-08-04, DSF0000914026|Q168: SCA Furniture & Equipment: 'FY20 RESO A MOBILE SCIENCE LABS' at Q168 (Q255 SPED - QUEENS)"
DSF0000914124|R016,physical,,,review: furniture and equipment for one school,reviewed,"2xh6-psuq version 2026-08-04, DSF0000914124|R016: SCA Furniture & Equipment: 'FY20 RESO A MOBILE SCIENCE LABS' at R016 (P.S. 16 - STATEN ISLAND)"
DSF0000961220|K123,physical,,,review: furniture and equipment for one school,reviewed,"2xh6-psuq version 2026-08-04, DSF0000961220|K123: SCA Furniture & Equipment: 'FY21 RESO A MOBILE SCIENCE LABS' at K123 (P.S. 123 - BROOKLYN)"
DSF0000961256|K650,physical,,,review: furniture and equipment for one school,reviewed,"2xh6-psuq version 2026-08-04, DSF0000961256|K650: SCA Furniture & Equipment: 'FY21 RESO A MOBILE SCIENCE LABS' at K650 (WIILIAMSBURG PREP- BROOKLYN)"
DSF0000961277|K138,physical,,,review: furniture and equipment for one school,reviewed,"2xh6-psuq version 2026-08-04, DSF0000961277|K138: SCA Furniture & Equipment: 'FY21 RESO A MOBILE SCIENCE LABS' at K138 (P.S. 138 - BROOKLYN)"
DSF0000961384|M154,physical,,,review: furniture and equipment for one school,reviewed,"2xh6-psuq version 2026-08-04, DSF0000961384|M154: SCA Furniture & Equipment: 'FY21 RESO A MOBILE SCIENCE LABS' at M154 (P.S. 154 - MANHATTAN)"
DSF0000961485|R008,physical,,,review: furniture and equipment for one school,reviewed,"2xh6-psuq version 2026-08-04, DSF0000961485|R008: SCA Furniture & Equipment: 'FY21 RESO A MOBILE SCIENCE LABS' at R008 (P.S. 8 - STATEN ISLAND)"
DSF0001007890|X037,physical,,,review: furniture and equipment for one school,reviewed,"2xh6-psuq version 2026-08-04, DSF0001007890|X037: SCA Furniture & Equipment: 'FY21 RESO A MOBILE SCIENCE LABS' at X037 (P.S. 37 - BRONX)"
DSF0001008123|Q400,physical,,,review: furniture and equipment for one school,reviewed,"2xh6-psuq version 2026-08-04, DSF0001008123|Q400: SCA Furniture & Equipment: 'FY21 RESO A MOBILE SCIENCE LABS' at Q400 (AUGUST MARTIN HS - QUEENS)"
DSF0001008210|K031,physical,,,review: furniture and equipment for one school,reviewed,"2xh6-psuq version 2026-08-04, DSF0001008210|K031: SCA Furniture & Equipment: 'FY21 RESO A MOBILE SCIENCE LABS' at K031 (P.S. 31 - BROOKLYN)"
DSF0001008660|K280,physical,,,review: a lease for one school; physical under the project-specific real estate rule,reviewed,"2xh6-psuq version 2026-08-04, DSF0001008660|K280: SCA Lease Site Improvement: 'LEASE' at K280 (EDUCATIONAL CAMPUS @ 500 19 STREET - BROOKLYN)"
DSF0001008866|M533,physical,,,review: a lease for one school; physical under the project-specific real estate rule,reviewed,"2xh6-psuq version 2026-08-04, DSF0001008866|M533: SCA Lease Site Improvement: 'LEASE' at M533 (HARBOR HIGH SCHOOL ATHLETIC COMPLEX - MANHATTAN)"
DSF0001008920|K447,physical,,,review: a lease for one school; physical under the project-specific real estate rule,reviewed,"2xh6-psuq version 2026-08-04, DSF0001008920|K447: 3K: 'LEASE' at K447 (3K CENTER @ 129 VAN BRUNT STREET - BROOKLYN)"
DSF0001009246|Q447,physical,,,review: a lease for one school; physical under the project-specific real estate rule,reviewed,"2xh6-psuq version 2026-08-04, DSF0001009246|Q447: 3K: 'LEASE' at Q447 (3K CENTER @ 36-31 38 STREET - QUEENS)"
DSF0001009268|M514,physical,,,review: a lease for one school; physical under the project-specific real estate rule,reviewed,"2xh6-psuq version 2026-08-04, DSF0001009268|M514: 3K: 'LEASE' at M514 (3K CENTER @ 1972 BROADWAY - MANHATTAN)"
DSF0001033243|M895,physical,,,review: furniture and equipment for one school,reviewed,"2xh6-psuq version 2026-08-04, DSF0001033243|M895: SCA Furniture & Equipment: 'FY22 RESO A MOBILE SCIENCE LABS' at M895 (YOUNG WOMEN'S LEADERSHIP SCHOOL)"
DSF0001033303|Q043,physical,,,review: furniture and equipment for one school,reviewed,"2xh6-psuq version 2026-08-04, DSF0001033303|Q043: SCA Furniture & Equipment: 'FY22 RESO A MOBILE SCIENCE LABS' at Q043 (Q256 SPED - QUEENS)"
DSF0001033837|QMAD,physical,,,review: furniture and equipment for one school,reviewed,"2xh6-psuq version 2026-08-04, DSF0001033837|QMAD: SCA Furniture & Equipment: 'FY22 RESO A MOBILE SCIENCE LABS' at QMAD (PENINSULA PREPARATORY ACADEMY CHARTER SCHOOL - QUEENS)"
DSF0001035173|R031,physical,,,review: furniture and equipment for one school,reviewed,"2xh6-psuq version 2026-08-04, DSF0001035173|R031: SCA Furniture & Equipment: 'RESO A MOBILE SCIENCE LABS' at R031 (P.S. 31 - STATEN ISLAND)"
DSF0001035290|X194,physical,,,review: furniture and equipment for one school,reviewed,"2xh6-psuq version 2026-08-04, DSF0001035290|X194: SCA Furniture & Equipment: 'FY23 RESO A MOBILE SCIENCE LAB' at X194 (P.S./I.S. 194 - BRONX)"
DSF0001035294|X193,physical,,,review: furniture and equipment for one school,reviewed,"2xh6-psuq version 2026-08-04, DSF0001035294|X193: SCA Furniture & Equipment: 'FY23 RESO A MOBILE SCIENCE LAB' at X193 (P.S. 211 - BRONX)"
DSF0001035315|X400,physical,,,review: furniture and equipment for one school,reviewed,"2xh6-psuq version 2026-08-04, DSF0001035315|X400: SCA Furniture & Equipment: 'FY23 RESO A MOBILE SCIENCE LAB' at X400 (HS FOR VIOLIN AND DANCE - BRONX)"
DSF0001035356|X098,physical,,,review: furniture and equipment for one school,reviewed,"2xh6-psuq version 2026-08-04, DSF0001035356|X098: SCA Furniture & Equipment: 'FY23 RESO A MOBILE SCIENCE LAB' at X098 (EXPLORATIONS ACADEMY - BRONX)"
DSF0001035593|K825,physical,,,review: furniture and equipment for one school,reviewed,"2xh6-psuq version 2026-08-04, DSF0001035593|K825: SCA Furniture & Equipment: 'FY23 RESO A MOBILE SCIENCE LABS' at K825 (SOUTH BROOKLYN COMM. HS - K)"
DSF0001035768|M490,physical,,,review: furniture and equipment for one school,reviewed,"2xh6-psuq version 2026-08-04, DSF0001035768|M490: SCA Furniture & Equipment: 'FY23 RESO A MOBILE SCIENCE LAB' at M490 (P.S. 859 - MANHATTAN)"
DSF0001036099|R002,physical,,,review: furniture and equipment for one school,reviewed,"2xh6-psuq version 2026-08-04, DSF0001036099|R002: SCA Furniture & Equipment: 'FY23 RESO A STEM LAB' at R002 (I.S. 2 - STATEN ISLAND)"
DSF0001036193|X043,physical,,,review: furniture and equipment for one school,reviewed,"2xh6-psuq version 2026-08-04, DSF0001036193|X043: SCA Furniture & Equipment: 'FY23 RESO A MOBILE SCIENCE LAB' at X043 (X017 SPED - BRONX)"
DSF0001036254|X143,physical,,,review: furniture and equipment for one school,reviewed,"2xh6-psuq version 2026-08-04, DSF0001036254|X143: SCA Furniture & Equipment: 'FY23 RESO A MOBILE SCIENCE LAB' at X143 (I.S. 244 - BRONX)"
DSF0001036303|X779,physical,,,review: furniture and equipment for one school,reviewed,"2xh6-psuq version 2026-08-04, DSF0001036303|X779: SCA Furniture & Equipment: 'FY23 RESO A MOBILE SCIENCE LAB' at X779 (P.S. 315 - BRONX)"
DSF0001083870|M166,physical,,,review: furniture and equipment for one school,reviewed,"2xh6-psuq version 2026-08-04, DSF0001083870|M166: SCA Furniture & Equipment: 'FY20 RESO A MOBILE SCIENCE LAB' at M166 (P.S. 166 - MANHATTAN)"
DSF0001083945|Q172,physical,,,review: furniture and equipment for one school,reviewed,"2xh6-psuq version 2026-08-04, DSF0001083945|Q172: SCA Furniture & Equipment: 'RESO A MOBILE SCIENCE LAB' at Q172 (J.H.S. 172 - QUEENS)"
DSF0001085934|K002,physical,,,review: furniture and equipment for one school,reviewed,"2xh6-psuq version 2026-08-04, DSF0001085934|K002: SCA Furniture & Equipment: 'FY24 RESO A MOBILE SCIENCE LABS' at K002 (K141 SPED - BROOKLYN)"
DSF0001085935|K002,physical,,,review: furniture and equipment for one school,reviewed,"2xh6-psuq version 2026-08-04, DSF0001085935|K002: SCA Furniture & Equipment: 'FY24 RESO A MOBILE SCIENCE LABS' at K002 (K141 SPED - BROOKLYN)"
DSF0001086254|M188,physical,,,review: furniture and equipment for one school,reviewed,"2xh6-psuq version 2026-08-04, DSF0001086254|M188: SCA Furniture & Equipment: 'FY24 RESO A MOBILE SCIENCE LABS' at M188 (P.S. 188 - MANHATTAN)"
DSF0001086286|M460,physical,,,review: furniture and equipment for one school,reviewed,"2xh6-psuq version 2026-08-04, DSF0001086286|M460: SCA Furniture & Equipment: 'FY24 RESO A MOBILE SCIENCE LABS' at M460 (ACADEMY FOR SOFTWARE ENGINEERING - MANHATTAN)"
DSF0001086545|Q470,physical,,,review: furniture and equipment for one school,reviewed,"2xh6-psuq version 2026-08-04, DSF0001086545|Q470: SCA Furniture & Equipment: 'FY24 RESO A MOBILE SCIENCE LAB' at Q470 (JAMAICA GATEWAY TO THE SCIENCES - Q)"
DSF0001086788|X174,physical,,,review: furniture and equipment for one school,reviewed,"2xh6-psuq version 2026-08-04, DSF0001086788|X174: SCA Furniture & Equipment: 'FY24 RESO A MOBILE SCIENCE LABS' at X174 (BRONX MATH PREP - BRONX)"
DSF0001086805|X206,physical,,,review: furniture and equipment for one school,reviewed,"2xh6-psuq version 2026-08-04, DSF0001086805|X206: SCA Furniture & Equipment: 'FY24 RESO A MOBILE SCIENCE LABS' at X206 (I.S. 206B - BRONX)"
DSF0001086900|X175,physical,,,review: furniture and equipment for one school,reviewed,"2xh6-psuq version 2026-08-04, DSF0001086900|X175: SCA Furniture & Equipment: 'RESO A MOBILE SCIENCE LAB' at X175 (P.S. 175 - BRONX)"
DSF0001112221|X420,physical,,,review: furniture and equipment for one school,reviewed,"2xh6-psuq version 2026-08-04, DSF0001112221|X420: SCA Furniture & Equipment: 'RESO A MOBILE SCIENCE LABS' at X420 (WORLD CULTURES HS - X)"
DSF0001112534|K031,physical,,,review: furniture and equipment for one school,reviewed,"2xh6-psuq version 2026-08-04, DSF0001112534|K031: SCA Furniture & Equipment: 'FY25 RESO A MOBILE SCIENCE LABS' at K031 (P.S. 31 - BROOKLYN)"
DSF0001112554|K075,physical,,,review: furniture and equipment for one school,reviewed,"2xh6-psuq version 2026-08-04, DSF0001112554|K075: SCA Furniture & Equipment: 'FY25 RESO A MOBILE SCIENCE CARTS' at K075 (P.S. 75 - BROOKLYN)"
DSF0001112556|K078,physical,,,review: furniture and equipment for one school,reviewed,"2xh6-psuq version 2026-08-04, DSF0001112556|K078: SCA Furniture & Equipment: 'FY25 RESO A MOBILE SCIENCE LABS' at K078 (I.S. 78 - BROOKLYN)"
DSF0001112559|K092,physical,,,review: furniture and equipment for one school,reviewed,"2xh6-psuq version 2026-08-04, DSF0001112559|K092: SCA Furniture & Equipment: 'FY25 RESO A MOBILE SCIENCE CARTS' at K092 (P.S. 92 - BROOKLYN)"
DSF0001112564|K100,physical,,,review: furniture and equipment for one school,reviewed,"2xh6-psuq version 2026-08-04, DSF0001112564|K100: SCA Furniture & Equipment: 'RESO A MOBILE SCIENCE CARTS' at K100 (P.S. 100 - BROOKLYN)"
DSF0001112649|K250,physical,,,review: furniture and equipment for one school,reviewed,"2xh6-psuq version 2026-08-04, DSF0001112649|K250: SCA Furniture & Equipment: 'FY25 RESO A MOBILE SCIENCE LAB' at K250 (P.S. 250 - BROOKLYN)"
DSF0001112708|K422,physical,,,review: furniture and equipment for one school,reviewed,"2xh6-psuq version 2026-08-04, DSF0001112708|K422: SCA Furniture & Equipment: 'FY25 RESO A MOBILE SCIENCE LABS' at K422 (K053 SPED - BROOKLYN)"
DSF0001112709|K422,physical,,,review: furniture and equipment for one school,reviewed,"2xh6-psuq version 2026-08-04, DSF0001112709|K422: SCA Furniture & Equipment: 'FY25 RESO A MOBILE SCIENCE LAB' at K422 (ACAD. FOR YOUNG WRITERS - K)"
DSF0001112737|K728,physical,,,review: furniture and equipment for one school,reviewed,"2xh6-psuq version 2026-08-04, DSF0001112737|K728: SCA Furniture & Equipment: 'FY25 RESO A MOBILE SCIENCE CARTS' at K728 (LIBERATION DIPLOMA PLUS H.S. - K)"
DSF0001112794|M098,physical,,,review: furniture and equipment for one school,reviewed,"2xh6-psuq version 2026-08-04, DSF0001112794|M098: SCA Furniture & Equipment: 'FY25 RESO A MOBILE SCIENCE LABS' at M098 (P.S. 98 - MANHATTAN)"
DSF0001112819|M153,physical,,,review: furniture and equipment for one school,reviewed,"2xh6-psuq version 2026-08-04, DSF0001112819|M153: SCA Furniture & Equipment: 'FY25 RESO A MOBILE SCIENCE LABS' at M153 (P.S. 153 - MANHATTAN)"
DSF0001112843|M195,physical,,,review: furniture and equipment for one school,reviewed,"2xh6-psuq version 2026-08-04, DSF0001112843|M195: SCA Furniture & Equipment: 'FY25 RESO A MOBILE SCIENCE LABS' at M195 (NEW DESIGN MIDDLE SCHOOL - MANHATTAN)"
DSF0001112884|M470,physical,,,review: furniture and equipment for one school,reviewed,"2xh6-psuq version 2026-08-04, DSF0001112884|M470: SCA Furniture & Equipment: 'FY25 RESO A MOBILE SCIENCE LAB' at M470 (THE URBAN ASSEMBLY SCHOOL FOR GREEN CAREERS)"
DSF0001112921|M502,physical,,,review: furniture and equipment for one school,reviewed,"2xh6-psuq version 2026-08-04, DSF0001112921|M502: SCA Furniture & Equipment: 'FY25 RESO A MOBILE SCIENCE LAB' at M502 (P.S./I.S. 278 - MANHATTAN)"
DSF0001112959|Q043,physical,,,review: furniture and equipment for one school,reviewed,"2xh6-psuq version 2026-08-04, DSF0001112959|Q043: SCA Furniture & Equipment: 'FY25 RESO A MOBILE SCIENCE LABS' at Q043 (P.S. 43 - QUEENS)"
DSF0001112962|Q049,physical,,,review: furniture and equipment for one school,reviewed,"2xh6-psuq version 2026-08-04, DSF0001112962|Q049: SCA Furniture & Equipment: 'FY25 RESO A MOBILE SCIENCE LABS' at Q049 (P.S. 49 - QUEENS)"
DSF0001113144|Q400,physical,,,review: furniture and equipment for one school,reviewed,"2xh6-psuq version 2026-08-04, DSF0001113144|Q400: SCA Furniture & Equipment: 'FY25 RESO A MOBILE SCIENCE LABS' at Q400 (NEW VISIONS CHARTER HIGH SCHOOL FOR ADVANCED MATH AND SCIENCE IV)"
DSF0001113209|R002,physical,,,review: furniture and equipment for one school,reviewed,"2xh6-psuq version 2026-08-04, DSF0001113209|R002: SCA Furniture & Equipment: 'FY25 RESO A MOBILE SCIENCE CARTS' at R002 (I.S. 2 - STATEN ISLAND)"
DSF0001113213|R006,physical,,,review: furniture and equipment for one school,reviewed,"2xh6-psuq version 2026-08-04, DSF0001113213|R006: SCA Furniture & Equipment: 'FY25 RESO A MOBILE SCIENCE LABS' at R006 (P.S. 6 - STATEN ISLAND)"
DSF0001113254|R046,physical,,,review: furniture and equipment for one school,reviewed,"2xh6-psuq version 2026-08-04, DSF0001113254|R046: SCA Furniture & Equipment: 'FY25 RESO A MOBILE SCIENCE LABS' at R046 (P.S. 46 - STATEN ISLAND)"
DSF0001113297|R831,physical,,,review: furniture and equipment for one school,reviewed,"2xh6-psuq version 2026-08-04, DSF0001113297|R831: SCA Furniture & Equipment: 'FY25 RESO A MOBILE SCIENCE LABS' at R831 (P.S. 74 - STATEN ISLAND)"
DSF0001113333|X082,physical,,,review: furniture and equipment for one school,reviewed,"2xh6-psuq version 2026-08-04, DSF0001113333|X082: SCA Furniture & Equipment: 'FY25 RESO A MOBILE SCIENCE LABS' at X082 (I.S. 303 - BRONX)"
DSF0001113336|X089,physical,,,review: furniture and equipment for one school,reviewed,"2xh6-psuq version 2026-08-04, DSF0001113336|X089: SCA Furniture & Equipment: 'FY25 RESO A MOBILE SCIENCE LABS' at X089 (P.S. 89 - BRONX)"
DSF0001113340|X093,physical,,,review: furniture and equipment for one school,reviewed,"2xh6-psuq version 2026-08-04, DSF0001113340|X093: SCA Furniture & Equipment: 'FY25 RESO A MOBILE SCIENCE LABS' at X093 (ICAHN CHARTER SCHOOL 7)"
DSF0001113353|X105,physical,,,review: furniture and equipment for one school,reviewed,"2xh6-psuq version 2026-08-04, DSF0001113353|X105: SCA Furniture & Equipment: 'FY25 RESO A MOBILE SCIENCE LABS' at X105 (P.S. 105 - BRONX)"
DSF0001113385|X158,physical,,,review: furniture and equipment for one school,reviewed,"2xh6-psuq version 2026-08-04, DSF0001113385|X158: SCA Furniture & Equipment: 'FY25 RESO A MOBILE SCIENCE LABS' at X158 (BRONX CAREER AND COLLEGE PREPARATORY HIGH SCHOOL)"
DSF0001113393|X184,physical,,,review: furniture and equipment for one school,reviewed,"2xh6-psuq version 2026-08-04, DSF0001113393|X184: SCA Furniture & Equipment: 'FY25 RESO A MOBILE SCIENCE LABS' at X184 (JILL CHAIFETZ TRANSFER HIGH SCHOOL - BRONX)"
DSF0001113408|X405,physical,,,review: furniture and equipment for one school,reviewed,"2xh6-psuq version 2026-08-04, DSF0001113408|X405: SCA Furniture & Equipment: 'FY25 RESO A MOBILE SCIENCE LABS' at X405 (SCHUYLERVILLE PREPARATORY HIGH SCHOOL)"
DSF0001113409|X405,physical,,,review: furniture and equipment for one school,reviewed,"2xh6-psuq version 2026-08-04, DSF0001113409|X405: SCA Furniture & Equipment: 'FY25 RESO A MOBILE SCIENCE LABS' at X405 (HERBERT H. LEHMAN HS - X)"
DSF0001113412|X415,physical,,,review: furniture and equipment for one school,reviewed,"2xh6-psuq version 2026-08-04, DSF0001113412|X415: SCA Furniture & Equipment: 'FY25 RESO A MOBILE SCIENCE LABS' at X415 (COLLEGIATE INST FOR MATH & SCI - X)"
DSF0001113417|X440,physical,,,review: furniture and equipment for one school,reviewed,"2xh6-psuq version 2026-08-04, DSF0001113417|X440: SCA Furniture & Equipment: 'FY25 RESO A MOBILE SCIENCE LAB' at X440 (PATHWAYS TO GRADUATION - CITYWIDE)"
DSF0001113419|X450,physical,,,review: furniture and equipment for one school,reviewed,"2xh6-psuq version 2026-08-04, DSF0001113419|X450: SCA Furniture & Equipment: 'FY25 RESO A MOBILE STEM LAB' at X450 (BRONX COMMUNITY HIGH SCHOOL)"
DSF0001113423|X460,physical,,,review: furniture and equipment for one school,reviewed,"2xh6-psuq version 2026-08-04, DSF0001113423|X460: SCA Furniture & Equipment: 'FY25 RESO A MOBILE SCIENCE LABS' at X460 (BRONX SCHOOL FOR LAW, GOVERNMENT AND JUSTICE)"
DSF0001113425|X470,physical,,,review: furniture and equipment for one school,reviewed,"2xh6-psuq version 2026-08-04, DSF0001113425|X470: SCA Furniture & Equipment: 'FY25 RESO A MOBILE SCIENCE LABS' at X470 (UNIVERSITY HEIGHTS HS - BRONX)"
DSF0001113442|X970,physical,,,review: furniture and equipment for one school,reviewed,"2xh6-psuq version 2026-08-04, DSF0001113442|X970: SCA Furniture & Equipment: 'FY25 RESO A MOBILE SCIENCE LABS' at X970 (MOTT HALL BRONX HS - BRONX)"
DSF0001113857|Q519,physical,,,review: a lease for one school; physical under the project-specific real estate rule,reviewed,"2xh6-psuq version 2026-08-04, DSF0001113857|Q519: DOE Managed PRE-K: 'LEASE' at Q519 (SUCCESS ACADEMY HOWARD BEACH - QUEENS)"
DSF0001113877|Q155,physical,,,review: furniture and equipment for one school,reviewed,"2xh6-psuq version 2026-08-04, DSF0001113877|Q155: SCA Furniture & Equipment: 'RESO A MOBILE SCIENCE LAB' at Q155 (P.S. 155 - QUEENS)"
DSF0001113968|R020,physical,,,review: furniture and equipment for one school,reviewed,"2xh6-psuq version 2026-08-04, DSF0001113968|R020: SCA Furniture & Equipment: 'RESO A MOBILE SCIENCE LAB' at R020 (P.S. 20 - STATEN ISLAND)"
DSF0001114163|Q195,physical,,,review: furniture and equipment for one school,reviewed,"2xh6-psuq version 2026-08-04, DSF0001114163|Q195: SCA Furniture & Equipment: 'RESO A MOBILE SCIENCE LAB' at Q195 (P.S. 195 - QUEENS)"
DSF0001114260|M547,physical,,,review: a lease for one school; physical under the project-specific real estate rule,reviewed,"2xh6-psuq version 2026-08-04, DSF0001114260|M547: SCA Lease Site Improvement: 'LEASE' at M547 (BARUCH COLLEGE CAMPUS HS - MANHATTAN)"
DSF0001114924|M146,physical,,,review: furniture and equipment for one school,reviewed,"2xh6-psuq version 2026-08-04, DSF0001114924|M146: SCA Furniture & Equipment: 'RESO A MOBILE SCIENCE LABS' at M146 (P.S. 146 - MANHATTAN)"
DSF0001163102|Q234,physical,,,review: furniture and equipment for one school,reviewed,"2xh6-psuq version 2026-08-04, DSF0001163102|Q234: SCA Furniture & Equipment: 'FY26 RESO A MOBILE SCIENCE LABS' at Q234 (P.S. 234 - QUEENS)"
DSF0001163114|K171,physical,,,review: furniture and equipment for one school,reviewed,"2xh6-psuq version 2026-08-04, DSF0001163114|K171: SCA Furniture & Equipment: 'FY26 RESO A MOBILE SCIENCE LABS' at K171 (HIGHLAND PARK COMMUNITY SCHOOL)"
DSF0001163115|K190,physical,,,review: furniture and equipment for one school,reviewed,"2xh6-psuq version 2026-08-04, DSF0001163115|K190: SCA Furniture & Equipment: 'FY26 RESO A MOBILE SCIENCE LABS' at K190 (P.S. 190 - BROOKLYN)"
DSF0001163119|K273,physical,,,review: furniture and equipment for one school,reviewed,"2xh6-psuq version 2026-08-04, DSF0001163119|K273: SCA Furniture & Equipment: 'FY26 RESO A MOBILE SCIENCE LABS' at K273 (P.S. 273 - BROOKLYN)"
DSF0001163126|K284,physical,,,review: furniture and equipment for one school,reviewed,"2xh6-psuq version 2026-08-04, DSF0001163126|K284: SCA Furniture & Equipment: 'FY26 RESO A MOBILE SCIENCE LABS' at K284 (P.S. 284 - BROOKLYN)"
DSF0001163166|R032,physical,,,review: furniture and equipment for one school,reviewed,"2xh6-psuq version 2026-08-04, DSF0001163166|R032: SCA Furniture & Equipment: 'FY26 RESO A MOBILE SCIENCE LABS' at R032 (P.S. 32 - STATEN ISLAND)"
DSF0001163172|K298,physical,,,review: furniture and equipment for one school,reviewed,"2xh6-psuq version 2026-08-04, DSF0001163172|K298: SCA Furniture & Equipment: 'FY26 RESO A MOBILE SCIENCE LABS' at K298 (I.S. 363 - BROOKLYN)"
DSF0001163174|K320,physical,,,review: furniture and equipment for one school,reviewed,"2xh6-psuq version 2026-08-04, DSF0001163174|K320: SCA Furniture & Equipment: 'FY26 RESO A MOBILE SCIENCE LABS' at K320 (M.S. 352 - BROOKLYN)"
DSF0001163177|K400,physical,,,review: furniture and equipment for one school,reviewed,"2xh6-psuq version 2026-08-04, DSF0001163177|K400: SCA Furniture & Equipment: 'FY26 RESO A MOBILE SCIENCE LABS' at K400 (LEADERS HIGH SCHOOL - K)"
DSF0001163181|K022,physical,,,review: furniture and equipment for one school,reviewed,"2xh6-psuq version 2026-08-04, DSF0001163181|K022: SCA Furniture & Equipment: 'FY26 RESO A MOBILE SCIENCE LABS' at K022 (M.S. 353 - BROOKLYN)"
DSF0001163182|K319,physical,,,review: furniture and equipment for one school,reviewed,"2xh6-psuq version 2026-08-04, DSF0001163182|K319: SCA Furniture & Equipment: 'FY26 RESO A MOBILE SCIENCE LABS' at K319 (P.S. 319 - BROOKLYN)"
DSF0001163185|K328,physical,,,review: furniture and equipment for one school,reviewed,"2xh6-psuq version 2026-08-04, DSF0001163185|K328: SCA Furniture & Equipment: 'FY26 RESO A MOBILE SCIENCE LABS' at K328 (P.S. 328 - BROOKLYN)"
DSF0001163209|Q400,physical,,,review: furniture and equipment for one school,reviewed,"2xh6-psuq version 2026-08-04, DSF0001163209|Q400: SCA Furniture & Equipment: 'FY26 RESO A MOBILE SCIENCE LABS' at Q400 (ALTERNATE LEARNING CENTER - QUEENS)"
DSF0001163216|R040,physical,,,review: furniture and equipment for one school,reviewed,"2xh6-psuq version 2026-08-04, DSF0001163216|R040: SCA Furniture & Equipment: 'FY26 RESO A MOBILE SCIENCE LABS' at R040 (R373 SPED - STATEN ISLAND)"
DSF0001163224|R046,physical,,,review: furniture and equipment for one school,reviewed,"2xh6-psuq version 2026-08-04, DSF0001163224|R046: SCA Furniture & Equipment: 'FY26 RESO A MOBILE SCIENCE LABS' at R046 (P.S. 46 - STATEN ISLAND)"
DSF0001163230|K435,physical,,,review: furniture and equipment for one school,reviewed,"2xh6-psuq version 2026-08-04, DSF0001163230|K435: SCA Furniture & Equipment: 'FY26 RESO A MOBILE SCIENCE LABS' at K435 (PERFORMING ARTS AND TECH. HS - K)"
DSF0001163231|K465,physical,,,review: furniture and equipment for one school,reviewed,"2xh6-psuq version 2026-08-04, DSF0001163231|K465: SCA Furniture & Equipment: 'FY26 RESO A MOBILE SCIENCE LABS' at K465 (HS FOR YOUTH & COMMUNITY DEV. - K)"
DSF0001163232|K746,physical,,,review: furniture and equipment for one school,reviewed,"2xh6-psuq version 2026-08-04, DSF0001163232|K746: SCA Furniture & Equipment: 'FY26 RESO A MOBILE SCIENCE LABS' at K746 (SUNSET SCHOOL OF CULTURAL LEARNING - BROOKLYN)"
DSF0001163236|K874,physical,,,review: furniture and equipment for one school,reviewed,"2xh6-psuq version 2026-08-04, DSF0001163236|K874: SCA Furniture & Equipment: 'FY26 RESO A MOBILE SCIENCE LABS' at K874 (I.S. 340 - BROOKLYN)"
DSF0001163238|M015,physical,,,review: furniture and equipment for one school,reviewed,"2xh6-psuq version 2026-08-04, DSF0001163238|M015: SCA Furniture & Equipment: 'FY26 RESO A MOBILE SCIENCE LABS' at M015 (P.S. 15 - MANHATTAN)"
DSF0001163259|Q410,physical,,,review: furniture and equipment for one school,reviewed,"2xh6-psuq version 2026-08-04, DSF0001163259|Q410: SCA Furniture & Equipment: 'FY26 RESO A MOBILE SCIENCE LABS' at Q410 (ROCKAWAY COLLEGIATE HIGH SCHOOL - Q)"
DSF0001163312|K515,physical,,,review: furniture and equipment for one school,reviewed,"2xh6-psuq version 2026-08-04, DSF0001163312|K515: SCA Furniture & Equipment: 'FY26 RESO A MOBILE SCIENCE LABS' at K515 (UC LEADERSHIP PREP OCEAN HILL - BROOKLYN)"
DSF0001163314|K521,physical,,,review: furniture and equipment for one school,reviewed,"2xh6-psuq version 2026-08-04, DSF0001163314|K521: SCA Furniture & Equipment: 'FY26 RESO A MOBILE SCIENCE LABS' at K521 (P.S. 160 - BROOKLYN)"
DSF0001163316|Q460,physical,,,review: furniture and equipment for one school,reviewed,"2xh6-psuq version 2026-08-04, DSF0001163316|Q460: SCA Furniture & Equipment: 'FY26 RESO A MOBILE SCIENCE LABS' at Q460 (FLUSHING HS - QUEENS)"
DSF0001163358|K597,physical,,,review: furniture and equipment for one school,reviewed,"2xh6-psuq version 2026-08-04, DSF0001163358|K597: SCA Furniture & Equipment: 'FY26 RESO A MOBILE SCIENCE LABS' at K597 (MIDDLE SCHOOL OF INNOVATION)"
DSF0001163370|K825,physical,,,review: furniture and equipment for one school,reviewed,"2xh6-psuq version 2026-08-04, DSF0001163370|K825: SCA Furniture & Equipment: 'FY26 RESO A MOBILE SCIENCE LABS' at K825 (SOUTH BROOKLYN COMM. HS - K)"
DSF0001163374|Q636,physical,,,review: furniture and equipment for one school,reviewed,"2xh6-psuq version 2026-08-04, DSF0001163374|Q636: SCA Furniture & Equipment: 'FY26 RESO A MOBILE SCIENCE LABS' at Q636 (EPIC HIGH SCHOOL - NORTH)"
DSF0001163390|R973,physical,,,review: furniture and equipment for one school,reviewed,"2xh6-psuq version 2026-08-04, DSF0001163390|R973: SCA Furniture & Equipment: 'FY26 RESO A MOBILE SCIENCE LABS' at R973 (R373 SPED - STATEN ISLAND)"
DSF0001163416|K907,physical,,,review: furniture and equipment for one school,reviewed,"2xh6-psuq version 2026-08-04, DSF0001163416|K907: SCA Furniture & Equipment: 'FY26 RESO A MOBILE SCIENCE LABS' at K907 (ASPIRATIONS DIPLOMA HS - BROOKLYN)"
DSF0001163432|Q859,physical,,,review: furniture and equipment for one school,reviewed,"2xh6-psuq version 2026-08-04, DSF0001163432|Q859: SCA Furniture & Equipment: 'FY26 RESO A MOBILE SCIENCE LABS' at Q859 (ALTRNATIVE LEARNING CENTER - QUEENS)"
DSF0001163434|Q883,physical,,,review: furniture and equipment for one school,reviewed,"2xh6-psuq version 2026-08-04, DSF0001163434|Q883: SCA Furniture & Equipment: 'FY26 RESO A MOBILE SCIENCE LABS' at Q883 (ALTERNATE LEARNING CENTER - QUEENS)"
DSF0001163436|Q883,physical,,,review: furniture and equipment for one school,reviewed,"2xh6-psuq version 2026-08-04, DSF0001163436|Q883: SCA Furniture & Equipment: 'FY26 RESO A MOBILE SCIENCE LABS' at Q883 (ALTERNATE LEARNING CENTER - QUEENS)"
DSF0001163445|X020,physical,,,review: furniture and equipment for one school,reviewed,"2xh6-psuq version 2026-08-04, DSF0001163445|X020: SCA Furniture & Equipment: 'FY26 RESO A MOBILE SCIENCE LABS' at X020 (X168 SPED - BRONX)"
DSF0001163451|X034,physical,,,review: furniture and equipment for one school,reviewed,"2xh6-psuq version 2026-08-04, DSF0001163451|X034: SCA Furniture & Equipment: 'FY26 RESO A MOBILE SCIENCE LABS' at X034 (X188 SPED - BRONX)"
DSF0001163456|X043,physical,,,review: furniture and equipment for one school,reviewed,"2xh6-psuq version 2026-08-04, DSF0001163456|X043: SCA Furniture & Equipment: 'FY26 RESO A MOBILE SCIENCE LABS' at X043 (P.S. 43 - BRONX)"
DSF0001163457|X047,physical,,,review: furniture and equipment for one school,reviewed,"2xh6-psuq version 2026-08-04, DSF0001163457|X047: SCA Furniture & Equipment: 'FY26 RESO A MOBILE SCIENCE LABS' at X047 (P.S. 47 - BRONX)"
DSF0001163458|X049,physical,,,review: furniture and equipment for one school,reviewed,"2xh6-psuq version 2026-08-04, DSF0001163458|X049: SCA Furniture & Equipment: 'FY26 RESO A MOBILE SCIENCE LABS' at X049 (P.S. 49 - BRONX)"
DSF0001163459|X052,physical,,,review: furniture and equipment for one school,reviewed,"2xh6-psuq version 2026-08-04, DSF0001163459|X052: SCA Furniture & Equipment: 'FY26 RESO A MOBILE SCIENCE LABS' at X052 (I.S. 302 - BRONX)"
DSF0001163461|X057,physical,,,review: furniture and equipment for one school,reviewed,"2xh6-psuq version 2026-08-04, DSF0001163461|X057: SCA Furniture & Equipment: 'FY26 RESO A MOBILE SCIENCE LABS' at X057 (P.S. 57 - BRONX)"
DSF0001163488|M061,physical,,,review: furniture and equipment for one school,reviewed,"2xh6-psuq version 2026-08-04, DSF0001163488|M061: SCA Furniture & Equipment: 'FY26 RESO A MOBILE SCIENCE LABS' at M061 (P.S. 361 - MANHATTAN)"
DSF0001163507|X063,physical,,,review: furniture and equipment for one school,reviewed,"2xh6-psuq version 2026-08-04, DSF0001163507|X063: SCA Furniture & Equipment: 'FY26 RESO A MOBILE SCIENCE LABS' at X063 (MOTT HALL CHARTER SCHOOL)"
DSF0001163518|X084,physical,,,review: furniture and equipment for one school,reviewed,"2xh6-psuq version 2026-08-04, DSF0001163518|X084: SCA Furniture & Equipment: 'FY26 RESO A MOBILE SCIENCE LABS' at X084 (X811 SPED - BRONX)"
DSF0001163530|K018,physical,,,review: furniture and equipment for one school,reviewed,"2xh6-psuq version 2026-08-04, DSF0001163530|K018: SCA Furniture & Equipment: 'FY26 RESO A MOBILE SCIENCE LABS' at K018 (P.S. 18 - BROOKLYN)"
DSF0001163532|K022,physical,,,review: furniture and equipment for one school,reviewed,"2xh6-psuq version 2026-08-04, DSF0001163532|K022: SCA Furniture & Equipment: 'FY26 RESO A MOBILE SCIENCE LABS' at K022 (M.S. 353 - BROOKLYN)"
DSF0001163536|K027,physical,,,review: furniture and equipment for one school,reviewed,"2xh6-psuq version 2026-08-04, DSF0001163536|K027: SCA Furniture & Equipment: 'FY26 RESO A MOBILE SCIENCE LABS' at K027 (SUMMIT ACADEMY CHARTER SCHOOL - K)"
DSF0001163617|M130,physical,,,review: furniture and equipment for one school,reviewed,"2xh6-psuq version 2026-08-04, DSF0001163617|M130: SCA Furniture & Equipment: 'FY26 RESO A MOBILE SCIENCE LABS' at M130 (P.S. 130 - MANHATTAN)"
DSF0001163634|X111,physical,,,review: furniture and equipment for one school,reviewed,"2xh6-psuq version 2026-08-04, DSF0001163634|X111: SCA Furniture & Equipment: 'FY26 RESO A MOBILE SCIENCE LABS' at X111 (P.S. 111 - BRONX)"
DSF0001163640|X120,physical,,,review: furniture and equipment for one school,reviewed,"2xh6-psuq version 2026-08-04, DSF0001163640|X120: SCA Furniture & Equipment: 'FY26 RESO A MOBILE SCIENCE LABS' at X120 (I.S. 301 - BRONX)"
DSF0001163643|X134,physical,,,review: furniture and equipment for one school,reviewed,"2xh6-psuq version 2026-08-04, DSF0001163643|X134: SCA Furniture & Equipment: 'FY26 RESO A MOBILE SCIENCE LABS' at X134 (P.S. 134 - BRONX)"
DSF0001163649|X144,physical,,,review: furniture and equipment for one school,reviewed,"2xh6-psuq version 2026-08-04, DSF0001163649|X144: SCA Furniture & Equipment: 'FY26 RESO A MOBILE SCIENCE LABS' at X144 (I.S. 144 - BRONX)"
DSF0001163663|K119,physical,,,review: furniture and equipment for one school,reviewed,"2xh6-psuq version 2026-08-04, DSF0001163663|K119: SCA Furniture & Equipment: 'FY26 RESO A MOBILE SCIENCE LABS' at K119 (P.S. 119 - BROOKLYN)"
DSF0001163670|M136,physical,,,review: furniture and equipment for one school,reviewed,"2xh6-psuq version 2026-08-04, DSF0001163670|M136: SCA Furniture & Equipment: 'FY26 RESO A MOBILE SCIENCE LABS' at M136 (EAGLE ACADEMY FOR YOUNG MEN OF HARLEM)"
DSF0001163710|X174,physical,,,review: furniture and equipment for one school,reviewed,"2xh6-psuq version 2026-08-04, DSF0001163710|X174: SCA Furniture & Equipment: 'FY26 RESO A MOBILE SCIENCE LABS' at X174 (BRONX MATH PREP - BRONX)"
DSF0001163714|X181,physical,,,review: furniture and equipment for one school,reviewed,"2xh6-psuq version 2026-08-04, DSF0001163714|X181: SCA Furniture & Equipment: 'FY26 RESO A MOBILE SCIENCE LABS' at X181 (I.S. 181 - BRONX)"
DSF0001163716|K147,physical,,,review: furniture and equipment for one school,reviewed,"2xh6-psuq version 2026-08-04, DSF0001163716|K147: SCA Furniture & Equipment: 'FY26 RESO A MOBILE SCIENCE LABS' at K147 (YOUNG WOMEN'S LEADERSHIP SCHOOL -  BROOKLYN)"
DSF0001163735|M192,physical,,,review: furniture and equipment for one school,reviewed,"2xh6-psuq version 2026-08-04, DSF0001163735|M192: SCA Furniture & Equipment: 'FY26 RESO A MOBILE SCIENCE LABS' at M192 (P.S. 192 - MANHATTAN)"
DSF0001163764|X189,physical,,,review: furniture and equipment for one school,reviewed,"2xh6-psuq version 2026-08-04, DSF0001163764|X189: SCA Furniture & Equipment: 'FY26 RESO A MOBILE SCIENCE LABS' at X189 (CORNERSTONE ACADEMY FOR SOCIAL ACTION MIDDLE SCHOOL (CASA))"
DSF0001163767|X192,physical,,,review: furniture and equipment for one school,reviewed,"2xh6-psuq version 2026-08-04, DSF0001163767|X192: SCA Furniture & Equipment: 'FY26 RESO A MOBILE SCIENCE LABS' at X192 (BRONX DELTA SCHOOL)"
DSF0001163769|X198,physical,,,review: furniture and equipment for one school,reviewed,"2xh6-psuq version 2026-08-04, DSF0001163769|X198: SCA Furniture & Equipment: 'FY26 RESO A MOBILE SCIENCE LABS' at X198 (X188 SPED - BRONX)"
DSF0001163774|X234,physical,,,review: furniture and equipment for one school,reviewed,"2xh6-psuq version 2026-08-04, DSF0001163774|X234: SCA Furniture & Equipment: 'FY26 RESO A MOBILE SCIENCE LABS' at X234 (P.S. 300 - BRONX)"
DSF0001163777|X306,physical,,,review: furniture and equipment for one school,reviewed,"2xh6-psuq version 2026-08-04, DSF0001163777|X306: SCA Furniture & Equipment: 'FY26 RESO A MOBILE SCIENCE LABS' at X306 (X186 SPED - BRONX)"
DSF0001163782|K175,physical,,,review: furniture and equipment for one school,reviewed,"2xh6-psuq version 2026-08-04, DSF0001163782|K175: SCA Furniture & Equipment: 'FY26 RESO A MOBILE SCIENCE LABS' at K175 (LEGACY LEADERSHIP HIGH SCHOOL)"
DSF0001163788|K189,physical,,,review: furniture and equipment for one school,reviewed,"2xh6-psuq version 2026-08-04, DSF0001163788|K189: SCA Furniture & Equipment: 'FY26 RESO A MOBILE SCIENCE LABS' at K189 (P.S. 189 - BROOKLYN)"
DSF0001163827|X360,physical,,,review: furniture and equipment for one school,reviewed,"2xh6-psuq version 2026-08-04, DSF0001163827|X360: SCA Furniture & Equipment: 'FY26 RESO A MOBILE SCIENCE LABS' at X360 (P.S. 360 - BRONX)"
DSF0001163830|X400,physical,,,review: furniture and equipment for one school,reviewed,"2xh6-psuq version 2026-08-04, DSF0001163830|X400: SCA Furniture & Equipment: 'FY26 RESO A MOBILE SCIENCE LABS' at X400 (BRONX INTERNATIONAL - BRONX)"
DSF0001163833|X405,physical,,,review: furniture and equipment for one school,reviewed,"2xh6-psuq version 2026-08-04, DSF0001163833|X405: SCA Furniture & Equipment: 'FY26 RESO A MOBILE SCIENCE LABS' at X405 (PELHAM LAB HIGH SCHOOL)"
DSF0001163855|K224,physical,,,review: furniture and equipment for one school,reviewed,"2xh6-psuq version 2026-08-04, DSF0001163855|K224: SCA Furniture & Equipment: 'FY26 RESO A MOBILE SCIENCE LABS' at K224 (P.S. 224 - BROOKLYN)"
DSF0001163857|K226,physical,,,review: furniture and equipment for one school,reviewed,"2xh6-psuq version 2026-08-04, DSF0001163857|K226: SCA Furniture & Equipment: 'FY26 RESO A MOBILE SCIENCE LABS' at K226 (P.S. 226 - BROOKLYN)"
DSF0001163898|X430,physical,,,review: furniture and equipment for one school,reviewed,"2xh6-psuq version 2026-08-04, DSF0001163898|X430: SCA Furniture & Equipment: 'FY26 RESO A MOBILE SCIENCE LABS' at X430 (CELIA CRUZ HS OF MUSIC - BRONX)"
DSF0001163905|X468,physical,,,review: furniture and equipment for one school,reviewed,"2xh6-psuq version 2026-08-04, DSF0001163905|X468: SCA Furniture & Equipment: 'FY26 RESO A MOBILE SCIENCE LABS' at X468 (BRONX DEBATE ACADEMY)"
DSF0001163908|X472,physical,,,review: furniture and equipment for one school,reviewed,"2xh6-psuq version 2026-08-04, DSF0001163908|X472: SCA Furniture & Equipment: 'FY26 RESO A MOBILE SCIENCE LABS' at X472 (P.S. 246 - BRONX)"
DSF0001163914|K235,physical,,,review: furniture and equipment for one school,reviewed,"2xh6-psuq version 2026-08-04, DSF0001163914|K235: SCA Furniture & Equipment: 'FY26 RESO A MOBILE SCIENCE LABS' at K235 (P.S. 235 - BROOKLYN)"
DSF0001163920|K240,physical,,,review: furniture and equipment for one school,reviewed,"2xh6-psuq version 2026-08-04, DSF0001163920|K240: SCA Furniture & Equipment: 'FY26 RESO A MOBILE SCIENCE LABS' at K240 (I.S. 240 - BROOKLYN)"
DSF0001163924|K244,physical,,,review: furniture and equipment for one school,reviewed,"2xh6-psuq version 2026-08-04, DSF0001163924|K244: SCA Furniture & Equipment: 'FY26 RESO A MOBILE SCIENCE LABS' at K244 (P.S. 244 - BROOKLYN)"
DSF0001163939|M812,physical,,,review: furniture and equipment for one school,reviewed,"2xh6-psuq version 2026-08-04, DSF0001163939|M812: SCA Furniture & Equipment: 'FY26 RESO A MOBILE SCIENCE LABS' at M812 (HS FOR MATH, SCI AND ENGINEERING-M)"
DSF0001163957|X475,physical,,,review: furniture and equipment for one school,reviewed,"2xh6-psuq version 2026-08-04, DSF0001163957|X475: SCA Furniture & Equipment: 'FY26 RESO A MOBILE SCIENCE LABS' at X475 (BX ENGINEERING & TECH ACADEMY - X)"
DSF0001163960|X498,physical,,,review: furniture and equipment for one school,reviewed,"2xh6-psuq version 2026-08-04, DSF0001163960|X498: SCA Furniture & Equipment: 'FY26 RESO A MOBILE SCIENCE LABS' at X498 (CARL ICAHN CHARTER SCHOOL 2 - BRONX)"
DSF0001163965|X790,physical,,,review: furniture and equipment for one school,reviewed,"2xh6-psuq version 2026-08-04, DSF0001163965|X790: SCA Furniture & Equipment: 'FY26 RESO A MOBILE SCIENCE LABS' at X790 (X188 SPED - BRONX)"
DSF0001163971|X973,physical,,,review: furniture and equipment for one school,reviewed,"2xh6-psuq version 2026-08-04, DSF0001163971|X973: SCA Furniture & Equipment: 'FY26 RESO A MOBILE SCIENCE LABS' at X973 (EAST BRONX ACADEMY FOR THE FUTURE -X)"
DSF0001163972|X980,physical,,,review: furniture and equipment for one school,reviewed,"2xh6-psuq version 2026-08-04, DSF0001163972|X980: SCA Furniture & Equipment: 'FY26 RESO A MOBILE SCIENCE LABS' at X980 (PATHWAYS TO GRADUATION - CITYWIDE)"
DSF0001164003|M932,physical,,,review: furniture and equipment for one school,reviewed,"2xh6-psuq version 2026-08-04, DSF0001164003|M932: SCA Furniture & Equipment: 'FY26 RESO A MOBILE SCIENCE LABS' at M932 (P.S. 859 - MANHATTAN)"
DSF0001164004|M970,physical,,,review: furniture and equipment for one school,reviewed,"2xh6-psuq version 2026-08-04, DSF0001164004|M970: SCA Furniture & Equipment: 'FY26 RESO A MOBILE SCIENCE LABS' at M970 (THURGOOD MARSHALL ACADEMY - MANHATTAN)"
DSF0001164021|X980,physical,,,review: furniture and equipment for one school,reviewed,"2xh6-psuq version 2026-08-04, DSF0001164021|X980: SCA Furniture & Equipment: 'FY26 RESO A MOBILE SCIENCE LABS' at X980 (PATHWAYS TO GRADUATION - CITYWIDE)"
DSF0001164026|K046,physical,,,review: furniture and equipment for one school,reviewed,"2xh6-psuq version 2026-08-04, DSF0001164026|K046: SCA Furniture & Equipment: 'FY26 RESO A MOBILE SCIENCE LABS' at K046 (P.S. 46 - BROOKLYN)"
DSF0001164033|K124,physical,,,review: furniture and equipment for one school,reviewed,"2xh6-psuq version 2026-08-04, DSF0001164033|K124: SCA Furniture & Equipment: 'FY26 RESO A MOBILE SCIENCE LABS' at K124 (P.S. 124 - BROOKLYN)"
DSF0001164037|R020,physical,,,review: furniture and equipment for one school,reviewed,"2xh6-psuq version 2026-08-04, DSF0001164037|R020: SCA Furniture & Equipment: 'FY26 RESO A MOBILE SCIENCE LABS' at R020 (P.S. 20 - STATEN ISLAND)"
DSF0001164063|X027,physical,,,review: furniture and equipment for one school,reviewed,"2xh6-psuq version 2026-08-04, DSF0001164063|X027: SCA Furniture & Equipment: 'FY26 RESO A MOBILE SCIENCE LABS' at X027 (P.S. 277 - BRONX)"
DSF0001164064|X029,physical,,,review: furniture and equipment for one school,reviewed,"2xh6-psuq version 2026-08-04, DSF0001164064|X029: SCA Furniture & Equipment: 'FY26 RESO A MOBILE SCIENCE LABS' at X029 (P.S. 29 - BRONX)"
DSF0001164069|X041,physical,,,review: furniture and equipment for one school,reviewed,"2xh6-psuq version 2026-08-04, DSF0001164069|X041: SCA Furniture & Equipment: 'FY26 RESO A MOBILE SCIENCE LABS' at X041 (P.S. 41 - BRONX)"
DSF0001164073|X073,physical,,,review: furniture and equipment for one school,reviewed,"2xh6-psuq version 2026-08-04, DSF0001164073|X073: SCA Furniture & Equipment: 'FY26 RESO A MOBILE SCIENCE LABS' at X073 (P.S. 73 - BRONX)"
DSF0001164075|X081,physical,,,review: furniture and equipment for one school,reviewed,"2xh6-psuq version 2026-08-04, DSF0001164075|X081: SCA Furniture & Equipment: 'FY26 RESO A MOBILE SCIENCE LABS' at X081 (P.S. 81 - BRONX)"
DSF0001164084|X142,physical,,,review: furniture and equipment for one school,reviewed,"2xh6-psuq version 2026-08-04, DSF0001164084|X142: SCA Furniture & Equipment: 'FY26 RESO A MOBILE SCIENCE LABS' at X142 (I.S. 529 - BRONX)"
DSF0001164088|X145,physical,,,review: furniture and equipment for one school,reviewed,"2xh6-psuq version 2026-08-04, DSF0001164088|X145: SCA Furniture & Equipment: 'FY26 RESO A MOBILE SCIENCE LABS' at X145 (M.S. 593 - BRONX)"
DSF0001164101|X362,physical,,,review: furniture and equipment for one school,reviewed,"2xh6-psuq version 2026-08-04, DSF0001164101|X362: SCA Furniture & Equipment: 'FY26 RESO A MOBILE SCIENCE LABS' at X362 (ACADEMY FOR SCHOLARSHIP AND ENTR - BRONX)"
DSF0001164103|X362,physical,,,review: furniture and equipment for one school,reviewed,"2xh6-psuq version 2026-08-04, DSF0001164103|X362: SCA Furniture & Equipment: 'FY26 RESO A MOBILE SCIENCE LABS' at X362 (P.S. 754 SPED - BRONX)"
DSF0001164107|X425,physical,,,review: furniture and equipment for one school,reviewed,"2xh6-psuq version 2026-08-04, DSF0001164107|X425: SCA Furniture & Equipment: 'FY26 RESO A MOBILE SCIENCE LABS' at X425 (HS OF COMPUTERS & TECHNOLOGY - X)"
DSF0001164108|X450,physical,,,review: furniture and equipment for one school,reviewed,"2xh6-psuq version 2026-08-04, DSF0001164108|X450: SCA Furniture & Equipment: 'FY26 RESO A MOBILE SCIENCE LABS' at X450 (BRONX COMMUNITY HIGH SCHOOL)"
DSF0001164109|X475,physical,,,review: furniture and equipment for one school,reviewed,"2xh6-psuq version 2026-08-04, DSF0001164109|X475: SCA Furniture & Equipment: 'FY26 RESO A MOBILE SCIENCE LABS' at X475 (BRONX SCHOOL OF LAW & FINANCE - X)"
DSF0001164112|X790,physical,,,review: furniture and equipment for one school,reviewed,"2xh6-psuq version 2026-08-04, DSF0001164112|X790: SCA Furniture & Equipment: 'FY26 RESO A MOBILE SCIENCE LABS' at X790 (BRONX LEGACY HIGH SCHOOL)"
SCA0000025032|X475,physical,,,review: environmental hygiene testing at one school (work at a particular place),reviewed,"2xh6-psuq version 2026-08-04, SCA0000025032|X475: SCA IEH: 'IEH PO18-2ND FLR CORRIDOR' at X475 (JOHN F. KENNEDY HS - BRONX)"
SCA0000062729|X061,physical,,,review: environmental hygiene testing at one school (work at a particular place),reviewed,"2xh6-psuq version 2026-08-04, SCA0000062729|X061: SCA IEH: 'IEH PO18-CAFETERIA' at X061 (P.S. 61 - BRONX)"
SCA0000067856|X113,physical,,,review: environmental hygiene testing at one school (work at a particular place),reviewed,"2xh6-psuq version 2026-08-04, SCA0000067856|X113: SCA IEH: 'IEH PO18-2ND FL CAFETERIA' at X113 (SCHOOL OF DIPLOMACY)"
SCA0000069269|X082,physical,,,review: environmental hygiene testing at one school (work at a particular place),reviewed,"2xh6-psuq version 2026-08-04, SCA0000069269|X082: SCA IEH: 'IEH PO18-RMS 408, 409, 410, & 411' at X082 (I.S. 232 - BRONX)"
SCA0000069612|X205,physical,,,review: environmental hygiene testing at one school (work at a particular place),reviewed,"2xh6-psuq version 2026-08-04, SCA0000069612|X205: SCA IEH: 'IEH PO18-VARIOUS LOCATIONS' at X205 (P.S. 205 - BRONX)"
SCA0000069629|Q801,physical,,,review: environmental hygiene testing at one school (work at a particular place),reviewed,"2xh6-psuq version 2026-08-04, SCA0000069629|Q801: SCA IEH: 'IEH PO18-DOCK & WAREHOUSE PIPE INSULATION' at Q801 (SCHOOL FOOD SERVICE - QUEENS)"
SCA0000071045|X153,physical,,,review: environmental hygiene testing at one school (work at a particular place),reviewed,"2xh6-psuq version 2026-08-04, SCA0000071045|X153: SCA IEH: 'PO18-ABATE AND REPLACE FLOOR TILES IN 2ND FLOOR SOUTHWEST SIDE HALLWAY  AREA USED EVERY DAY FOR K755' at X153 (P.S. 153 - BRONX)"
SCA0000071169|X082,physical,,,review: environmental hygiene testing at one school (work at a particular place),reviewed,"2xh6-psuq version 2026-08-04, SCA0000071169|X082: SCA IEH: 'PO18-PLEASE DETERMINIE IF THE SOFT CONCRETE FILLER FLOORING MATERIAL WILL BE DISTURBED DURING REPAIR' at X082 (I.S. 232 - BRONX)"
SCA0000071414|X076,physical,,,review: environmental hygiene testing at one school (work at a particular place),reviewed,"2xh6-psuq version 2026-08-04, SCA0000071414|X076: SCA IEH: 'PO18-ABATE AND REPAIR PIPE INSULATION IN METAL JACKET APPROX. 65LF ELECTRICAL WIRING INSULATION BLOW' at X076 (P.S. 76 - BRONX)"
SCA0000071482|X135,physical,,,review: environmental hygiene testing at one school (work at a particular place),reviewed,"2xh6-psuq version 2026-08-04, SCA0000071482|X135: SCA IEH: 'PO18-REMOVE ASBESTOS FLOORS AND CLOSETS IN CLASSROOMS PRINCIPAL WOULD LIKE CLOSETS REMOVE FOR MORE S' at X135 (I.S. 556 - BRONX)"
SCA0000071642|X055,physical,,,review: environmental hygiene testing at one school (work at a particular place),reviewed,"2xh6-psuq version 2026-08-04, SCA0000071642|X055: SCA IEH: 'PO18-ABATE AND REPLACE FLOOR TILE 4TH HALLWAY APPROX 2160 SQ FEET.' at X055 (P.S. 55 - BRONX)"
SCA0000072088|Q196,physical,,,review: environmental hygiene testing at one school (work at a particular place),reviewed,"2xh6-psuq version 2026-08-04, SCA0000072088|Q196: SCA IEH: 'PO18-OIL TANK ROOM ABATE 70 L.F. PIPE INSULATION, 25 L.F. JOINT INSULATION' at Q196 (P.S. 196 - QUEENS)"
SCA0000072144|X425,physical,,,review: environmental hygiene testing at one school (work at a particular place),reviewed,"2xh6-psuq version 2026-08-04, SCA0000072144|X425: SCA IEH: 'PO18-ABATE AND REPAIR PIPE INSULATION IN BASEMENT OIL TANK ROOM AND BASEMENT BOILER ROOM' at X425 (BRONX LAB SCHOOL - BRONX)"
SCA0000072169|X126,physical,,,review: environmental hygiene testing at one school (work at a particular place),reviewed,"2xh6-psuq version 2026-08-04, SCA0000072169|X126: SCA IEH: 'PO18-ABATE BATHROOM WALL IN ROOM 232 APPROX. 18 1/2 X 30' at X126 (P.S. 126 - BRONX)"
SCA0000072241|K104,physical,,,review: environmental hygiene testing at one school (work at a particular place),reviewed,"2xh6-psuq version 2026-08-04, SCA0000072241|K104: SCA IEH: 'PO18-PLEASE ABATE AND REPLACE THIRD FLOOR HALLWAY FLOOR TILES APPROX 2100 SQUARE FEET AHERA = YES' at K104 (P.S. 104 - BROOKLYN)"
SCA0000072312|X113,physical,,,review: environmental hygiene testing at one school (work at a particular place),reviewed,"2xh6-psuq version 2026-08-04, SCA0000072312|X113: SCA IEH: 'PO18-ABATE THE FLOOR IN THE 1ST FLOOR KITCHEN IN THE 1ST FLOOR CAFETERIA AREA. APPROX. 6 SQUARE FEET' at X113 (SCHOOL OF DIPLOMACY)"
SCA0000072344|X032,physical,,,review: environmental hygiene testing at one school (work at a particular place),reviewed,"2xh6-psuq version 2026-08-04, SCA0000072344|X032: SCA IEH: 'PO18-ABATE AND REPAIR PIPE INSULATION IN 2ND FLOOR HALLWAY(1898 BUILDING) AND 2ND FLOOR HALLWAY (191' at X032 (P.S. 32 - BRONX)"
SCA0000072589|R049,physical,,,review: environmental hygiene testing at one school (work at a particular place),reviewed,"2xh6-psuq version 2026-08-04, SCA0000072589|R049: SCA IEH: 'PO18-TEST FOR ACM, LOOSE PLASTER CEILING IN STAIRWELL 'A' , 1ST FLOOR APPROX. 2 SQ. FT. SECTION CAME' at R049 (I.S. 49 - STATEN ISLAND)"
SCA0000072604|K029,physical,,,review: environmental hygiene testing at one school (work at a particular place),reviewed,"2xh6-psuq version 2026-08-04, SCA0000072604|K029: SCA IEH: 'PO18-PLEASE FERFORM ACM TESTING ON LOOSE FLOOR TILE IN STAIRCASE H AND I , AND ROOM 500' at K029 (P.S. 29 - BROOKLYN)"
SCA0000072609|Q162,physical,,,review: environmental hygiene testing at one school (work at a particular place),reviewed,"2xh6-psuq version 2026-08-04, SCA0000072609|Q162: SCA IEH: 'PO18-ABATE AND REPAIR ACOUSTICAL CEILING PLASTER IN AUDITORIUM HALLWAY' at Q162 (P.S. 162 - QUEENS)"
SCA0000072614|R060,physical,,,review: environmental hygiene testing at one school (work at a particular place),reviewed,"2xh6-psuq version 2026-08-04, SCA0000072614|R060: SCA IEH: 'PO18-ACM TESTING ON SCHOOL SIGN IN FRONT OF THE SCHOOL' at R060 (P.S. 60 - STATEN ISLAND)"
SCA0000072636|K324,physical,,,review: environmental hygiene testing at one school (work at a particular place),reviewed,"2xh6-psuq version 2026-08-04, SCA0000072636|K324: SCA IEH: 'PO18-TEST ALL ROOFTOP LAYERS FOR ACM, INCL TAR PAPER AND GRAVEL LOC: AROUND MAIN STAIRCASE A, 4TH FL' at K324 (I.S. 267 - BROOKLYN)"
SCA0000072726|Q205,physical,,,review: environmental hygiene testing at one school (work at a particular place),reviewed,"2xh6-psuq version 2026-08-04, SCA0000072726|Q205: SCA IEH: 'PO18-ABATEMENT OF TAR RADIATOR COVERS AND WHITE AIRCELL PIPE INSULATION IN ROOM 218' at Q205 (P.S. 205 - QUEENS)"
SCA0000072738|X405,physical,,,review: environmental hygiene testing at one school (work at a particular place),reviewed,"2xh6-psuq version 2026-08-04, SCA0000072738|X405: SCA IEH: 'PO18-ABATE 9' X 9' FLOOR TILES IN ROOM 412, COVERING AN AREA OF APPROXIMATELY 668 SQUARE FEET. THE F' at X405 (HERBERT H. LEHMAN HS - X)"
SCA0000072863|K052,physical,,,review: environmental hygiene testing at one school (work at a particular place),reviewed,"2xh6-psuq version 2026-08-04, SCA0000072863|K052: SCA IEH: 'PO18-ABATE AND REPAIR ACOUSTICAL WALL PLASTER IN AUDITORIUM WINDOW WALLS #2 AND #4 1950 WING WILL BE' at K052 (P.S. 52 - BROOKLYN)"
SCA0000072926|M192,physical,,,review: environmental hygiene testing at one school (work at a particular place),reviewed,"2xh6-psuq version 2026-08-04, SCA0000072926|M192: SCA IEH: 'PO18-ABATE AND REPLACE 9X9 FLOOR TILES IN THE FOLLOWING ROOMS 226A  APPROX  408 SQ FT AND ROOM 145 A' at M192 (P.S. 192 - MANHATTAN)"
SCA0000072987|K227,physical,,,review: environmental hygiene testing at one school (work at a particular place),reviewed,"2xh6-psuq version 2026-08-04, SCA0000072987|K227: SCA IEH: 'PO18-ABATE AND REPAIR CLOTH COVERING ON SOFFIT PLASTER BEAM AREA IN 4TH FLOOR GYM' at K227 (I.S. 227 - BROOKLYN)"
SCA0000073005|Q114,physical,,,review: environmental hygiene testing at one school (work at a particular place),reviewed,"2xh6-psuq version 2026-08-04, SCA0000073005|Q114: SCA IEH: 'PO18-GYMNASIUM REPAIR LIFTING SECTION OF THE WOOD FLOORING - ROOM 206 REPAIR DAMAGED AREAS OF FLOOR' at Q114 (P.S. 114 - QUEENS)"
SCA0000073051|K102,physical,,,review: environmental hygiene testing at one school (work at a particular place),reviewed,"2xh6-psuq version 2026-08-04, SCA0000073051|K102: SCA IEH: 'PO18-DRILLING IS NEEDED FOR NEW ELECTRICAL WORK TO BE DONE IN KITCHEN' at K102 (P.S. 102 - BROOKLYN)"
SCA0000073103|X137,physical,,,review: environmental hygiene testing at one school (work at a particular place),reviewed,"2xh6-psuq version 2026-08-04, SCA0000073103|X137: SCA IEH: 'PO18-ROOM 308 REPLACE 1 BROKEN FLOOR TILE AT SOUTH END OF CLASSROOM - ROOM 312 REPLACE 2 BROKEN FLOO' at X137 (I.S. 391 - BRONX)"
SCA0000073116|X091,physical,,,review: environmental hygiene testing at one school (work at a particular place),reviewed,"2xh6-psuq version 2026-08-04, SCA0000073116|X091: SCA IEH: 'PO18-SENT TO SCA ON 06/26/24 AS AN EMERGENCY REMOVE AUDITORIUM CEILING PLASTER' at X091 (P.S. 91 - BRONX)"
SCA0000073131|M033,physical,,,review: environmental hygiene testing at one school (work at a particular place),reviewed,"2xh6-psuq version 2026-08-04, SCA0000073131|M033: SCA IEH: 'PO18-LLW# 138664 - ELEV# 1P32606 - ABATE 40LF OF FLOOR TILES INSIDE ELEVATOR CAR COORDINATE WITH PRO' at M033 (P.S. 33 - MANHATTAN)"
SCA0000073189|X415,physical,,,review: environmental hygiene testing at one school (work at a particular place),reviewed,"2xh6-psuq version 2026-08-04, SCA0000073189|X415: SCA IEH: 'PO18-THE ACOUSTICAL CEILING TILE IN ROOM B7 (SPACE ID 1007) LOCATED ON THE BASEMENT FLOOR HAS BEEN D' at X415 (COLLEGIATE INST FOR MATH & SCI - X)"
SCA0000073293|X455,physical,,,review: environmental hygiene testing at one school (work at a particular place),reviewed,"2xh6-psuq version 2026-08-04, SCA0000073293|X455: SCA IEH: 'PO18-TEST FLOOR/ WALL IN ROOM 110 REMOVE KILN FROM FLOOR' at X455 (HARRY S. TRUMAN HS - X)"
SCA0000073326|X131,physical,,,review: environmental hygiene testing at one school (work at a particular place),reviewed,"2xh6-psuq version 2026-08-04, SCA0000073326|X131: SCA IEH: 'PO18-SPACE ID: 2144 - ROOM 144 - TEST AND ABATE PIPE INSULATION IN ROOM 144, MARKED GREY FOR ID.' at X131 (I.S. 131 - BRONX)"
SCA0000073328|M152,physical,,,review: environmental hygiene testing at one school (work at a particular place),reviewed,"2xh6-psuq version 2026-08-04, SCA0000073328|M152: SCA IEH: 'PO18-ROOM CLOSER, APPROX 80 SQ ABATEMENT NEEDED - IN WALL AND CEILINGS IN RM 217 DUE TO WATER DAMAGE' at M152 (P.S. 152 - MANHATTAN)"
SCA0000073471|X082,physical,,,review: environmental hygiene testing at one school (work at a particular place),reviewed,"2xh6-psuq version 2026-08-04, SCA0000073471|X082: SCA IEH: 'PO18-ONE HOLE IS A 2' X 4' SQUARE WE NEED ABATED AND WE NEED ( 1.25') HOLES DRILLED THRU WALL IN ELE' at X082 (I.S. 232 - BRONX)"
SCA0000073548|R003,physical,,,review: environmental hygiene testing at one school (work at a particular place),reviewed,"2xh6-psuq version 2026-08-04, SCA0000073548|R003: SCA IEH: 'PO18-ABATE ACM IN 1ST FLOOR BOY'S BATHROOM , SPACE ID #2154 CUT OUT APPROX. 3X3 FOOT SECTION OF FLOO' at R003 (P.S. 3 - STATEN ISLAND)"
SCA0000073578|M807,physical,,,review: environmental hygiene testing at one school (work at a particular place),reviewed,"2xh6-psuq version 2026-08-04, SCA0000073578|M807: SCA IEH: 'PO18-SAFE ACCESS ABATEMENT' at M807 (HARVEY MILK SCHOOL - MANHATTAN)"
SCA0000073728|M064,physical,,,review: environmental hygiene testing at one school (work at a particular place),reviewed,"2xh6-psuq version 2026-08-04, SCA0000073728|M064: SCA IEH: 'PO18-24 -  1/2' HOLES, AND 1 -  1.25' CORE DRILLED HOLE THRU WALL' at M064 (I.S. 839 - MANHATTAN)"
SCA0000073772|Q023,physical,,,review: environmental hygiene testing at one school (work at a particular place),reviewed,"2xh6-psuq version 2026-08-04, SCA0000073772|Q023: SCA IEH: 'PO18-ABATE DAMAGED CEILING PLASTER BASEMENT HALLWAY SOUTH SIDE ROOMS 103, 104, 151, 249' at Q023 (QUEENS ACADEMY HIGH SCHOOL - Q)"
SCA0000073810|X127,physical,,,review: environmental hygiene testing at one school (work at a particular place),reviewed,"2xh6-psuq version 2026-08-04, SCA0000073810|X127: SCA IEH: 'PO18-ABATE AND REPAIR DAMAGED ACOUSTICAL CEILING PLASTER BASEMENT TEACHERS LOUNGE, SERVICE AREA, KIT' at X127 (I.S. 127 - BRONX)"
SCA0000073895|X131,physical,,,review: environmental hygiene testing at one school (work at a particular place),reviewed,"2xh6-psuq version 2026-08-04, SCA0000073895|X131: SCA IEH: 'PO18-ABATE 22LF OF PIPE INSULATION 1ST FLOOR VESTIBULE/EXIT SPACE ID#2004V' at X131 (I.S. 131 - BRONX)"
SCA0000073899|X161,physical,,,review: environmental hygiene testing at one school (work at a particular place),reviewed,"2xh6-psuq version 2026-08-04, SCA0000073899|X161: SCA IEH: 'PO18-ABATE AND REPALCE FLOOR ROOM #148, 409' at X161 (X017 SPED - BRONX)"
SCA0000074053|K058,physical,,,review: environmental hygiene testing at one school (work at a particular place),reviewed,"2xh6-psuq version 2026-08-04, SCA0000074053|K058: SCA IEH: 'PO18-ABATE AND REPAIR DAMAGED CEILING AT LOCATION LOC: OVER KITCHEN DELIVERY ENTRANCE ON SMITH STREE' at K058 (P.S. 58 - BROOKLYN)"
SCA0000074057|Q059,physical,,,review: environmental hygiene testing at one school (work at a particular place),reviewed,"2xh6-psuq version 2026-08-04, SCA0000074057|Q059: SCA IEH: 'PO18-ACM TEST/ABATE/REPLACE 9 X 9 TILES IN RM 321. TILES ARE LIFTING DALE NELSON 718-527-3501 X1231' at Q059 (I.S. 59 - QUEENS)"
SCA0000074065|X445,physical,,,review: environmental hygiene testing at one school (work at a particular place),reviewed,"2xh6-psuq version 2026-08-04, SCA0000074065|X445: SCA IEH: 'PO18-REMOVE 6' OF ACM PIPE COVER ON STEAM SUPPLY AND RETURN, MARKED IN RED.' at X445 (BRONX HS OF SCIENCE - X)"
SCA0000074068|X105,physical,,,review: environmental hygiene testing at one school (work at a particular place),reviewed,"2xh6-psuq version 2026-08-04, SCA0000074068|X105: SCA IEH: 'PO18-ACM TETSING- WALLS/FLOORS AHERA REPORTS FOR  425, 424, 423, 422, & 421 LOCKERS' at X105 (P.S. 105 - BRONX)"
SCA0000074074|K126,physical,,,review: environmental hygiene testing at one school (work at a particular place),reviewed,"2xh6-psuq version 2026-08-04, SCA0000074074|K126: SCA IEH: 'PO18-ASSUME AND ABATE FLOOR MARKED WITH BLACK PAINT LOCATION: KITCHEN APPROX. 1 SQ FT' at K126 (J.H.S. 126 - BROOKLYN)"
SCA0000074102|M061,physical,,,review: environmental hygiene testing at one school (work at a particular place),reviewed,"2xh6-psuq version 2026-08-04, SCA0000074102|M061: SCA IEH: 'PO18-BASEMENT HALLWAY, 9 L.F. DAMAGED JOINT/PIPE INSULATION ROOM B1 FAN ROOM, 7 L.F. DAMAGED PIPE IN' at M061 (P.S. 361 - MANHATTAN)"
SCA0000074121|M600,physical,,,review: environmental hygiene testing at one school (work at a particular place),reviewed,"2xh6-psuq version 2026-08-04, SCA0000074121|M600: SCA IEH: 'PO18-AHERA PERIODIC SURVEILLANCE - REQUIRED RESPONSE ACTIONS THE FOLLOWING AREAS REQUIRE RESPONSE AC' at M600 (FASHION INDUSTRIES VOC HS - M)"
SCA0000074126|X011,physical,,,review: environmental hygiene testing at one school (work at a particular place),reviewed,"2xh6-psuq version 2026-08-04, SCA0000074126|X011: SCA IEH: 'PO18-ABATE AND REPLACE DAMAGED FLOOR TILES IN ROOM #202A' at X011 (P.S. 11 - BRONX)"
SCA0000074178|X127,physical,,,review: environmental hygiene testing at one school (work at a particular place),reviewed,"2xh6-psuq version 2026-08-04, SCA0000074178|X127: SCA IEH: 'PO18-ABATE AND REPAIR DAMAGED PIPE INSULATION SPACES #B2, B4, B12 ABATE AND REPALCE DAMAGED FLOOR TI' at X127 (I.S. 127 - BRONX)"
SCA0000074211|M460,physical,,,review: environmental hygiene testing at one school (work at a particular place),reviewed,"2xh6-psuq version 2026-08-04, SCA0000074211|M460: SCA IEH: 'PO18-PATCH AND REPAIR PIPE INSULATION GYMNASIUM, 4 L.F. DAMAGED PIPE/JOINT INSULATION MECHANICAL ROO' at M460 (THE HIGH SCHOOL FOR LANGUAGE AND DIPLOMACY)"
SCA0000074216|K017,physical,,,review: environmental hygiene testing at one school (work at a particular place),reviewed,"2xh6-psuq version 2026-08-04, SCA0000074216|K017: SCA IEH: 'PO18-REPLACE 800 SQ FT OF 9X9 IN 2ND AND 4TH FLOOR STAIRWELL STAIRCASE B, D, G,' at K017 (I.S. 577 - BROOKLYN)"
SCA0000074225|X445,physical,,,review: environmental hygiene testing at one school (work at a particular place),reviewed,"2xh6-psuq version 2026-08-04, SCA0000074225|X445: SCA IEH: 'PO18-REMOVE ACM BEHIND RADIATOR ENCLOSURE EXIT BY WATER METER ROOM, MARKED IN RED FOR ID. SPACE ID #' at X445 (BRONX HS OF SCIENCE - X)"
SCA0000074227|Q072,physical,,,review: environmental hygiene testing at one school (work at a particular place),reviewed,"2xh6-psuq version 2026-08-04, SCA0000074227|Q072: SCA IEH: 'PO18-TEST BASMENT CRAWL SPACE &IF POSITIVE ABATE PLEASE NOTIFY ALL COPIED OF RESULTS' at Q072 (J.H.S. 72 - QUEENS)"
SCA0000074294|X445,physical,,,review: environmental hygiene testing at one school (work at a particular place),reviewed,"2xh6-psuq version 2026-08-04, SCA0000074294|X445: SCA IEH: 'PO18-TWO ADDITIONAL LOCATIONS HAVE BEEN IDENTIFIED THAT REQUIRE CORE DRILLING. BOTH AREAS ARE CLEARL' at X445 (BRONX HS OF SCIENCE - X)"
SCA0000074299|K157,physical,,,review: environmental hygiene testing at one school (work at a particular place),reviewed,"2xh6-psuq version 2026-08-04, SCA0000074299|K157: SCA IEH: 'PO18-RESPONSE ACTION DUE TO OBSERVED DAMAGE FROM PS 4302, 302 CLASSROOM GYPSUM BOARD 6008, 5TH FL ST' at K157 (P.S. 157 - BROOKLYN)"
SCA0000074328|M066,physical,,,review: environmental hygiene testing at one school (work at a particular place),reviewed,"2xh6-psuq version 2026-08-04, SCA0000074328|M066: SCA IEH: 'PO18-ABATE CEILING PLASTER IN STAIRWELL F & G @ 2ND FLOOR  DUE TO DAMAGE SPACE ID# 3000S  , APPROX 1' at M066 (P.S. 151 - MANHATTAN)"
SCA0000074337|Q480,physical,,,review: environmental hygiene testing at one school (work at a particular place),reviewed,"2xh6-psuq version 2026-08-04, SCA0000074337|Q480: SCA IEH: 'PO18-PLEASE TEST AND ABATE IF POSITIVE PRESUMED ACM ON FITTINGS AND ON 15 LINEAR FEET OF 2 1/2' STEA' at Q480 (JOHN ADAMS HS - QUEENS)"
SCA0000074345|M143,physical,,,review: environmental hygiene testing at one school (work at a particular place),reviewed,"2xh6-psuq version 2026-08-04, SCA0000074345|M143: SCA IEH: 'PO18-ABATE & REPLACE FLOOR TILES RM 300,326, 332, 333, 230, B6, B6G DUE TO DAMAGE ROOM 300- SPACE ID' at M143 (I.S. 143 - MANHATTAN)"
SCA0000074349|Q405,physical,,,review: environmental hygiene testing at one school (work at a particular place),reviewed,"2xh6-psuq version 2026-08-04, SCA0000074349|Q405: SCA IEH: 'PO18-PACM TEST CEILING ABOVE ACCESS PANEL SOFFIT  IN RM B-28 IF POSITIVE PLEASE OPEN THE AREA FOR TH' at Q405 (BAYSIDE HIGH SCHOOL - QUEENS)"
SCA0000074357|M110,physical,,,review: environmental hygiene testing at one school (work at a particular place),reviewed,"2xh6-psuq version 2026-08-04, SCA0000074357|M110: SCA IEH: 'PO18-ABATE CEILING PLASTER IN THE STORAGE ROOMS DUE TO FALLING PLASTER AHERA SPACES ID 1002 - 100 SQ' at M110 (P.S. 110 - MANHATTAN)"
SCA0000074369|M022,physical,,,review: environmental hygiene testing at one school (work at a particular place),reviewed,"2xh6-psuq version 2026-08-04, SCA0000074369|M022: SCA IEH: 'PO18-ABATE PIPE INSULATION IN VARIOUS AREAS DUE TO DAMAGE PIPES C82 (SPACE ID: 1600) APPROX. 20 LINE' at M022 (NEW EXPLORATIONS - M)"
SCA0000074377|Q130,physical,,,review: environmental hygiene testing at one school (work at a particular place),reviewed,"2xh6-psuq version 2026-08-04, SCA0000074377|Q130: SCA IEH: 'PO18-PLEASE REMOVE THE CABINET AND ABATE ACM THAT'S AROUND AND BEHIND CABINET. APPROX 15 SQ FEET. MA' at Q130 (P.S. 130 - QUEENS)"
SCA0000074387|M124,physical,,,review: environmental hygiene testing at one school (work at a particular place),reviewed,"2xh6-psuq version 2026-08-04, SCA0000074387|M124: SCA IEH: 'PO18-ABATE CEILING IN THE KITCHEN BATHRM DUE TO A LEAK SPACE DI# 3127T. (16 SQUARE FEET FOR THE CEIL' at M124 (P.S. 124 - MANHATTAN)"
SCA0000074390|K380,physical,,,review: environmental hygiene testing at one school (work at a particular place),reviewed,"2xh6-psuq version 2026-08-04, SCA0000074390|K380: SCA IEH: 'PO18-BOILER PIT DAMAGED CONCRETE FLOORING FROM WALL LEAK - WOMEN'S BATHROOM DAMAGED AND MISSING CERA' at K380 (P.S. 380 - BROOKLYN)"
SCA0000074400|X091,physical,,,review: environmental hygiene testing at one school (work at a particular place),reviewed,"2xh6-psuq version 2026-08-04, SCA0000074400|X091: SCA IEH: 'PO18-SPACE ID: 2200 - AUDITORIUM - TEST AND ABATE DAMAGED ACOUSTIC CEILING TILES. ABATE ACM ACOUSTIC' at X091 (P.S. 91 - BRONX)"
SCA0000074404|M833,physical,,,review: environmental hygiene testing at one school (work at a particular place),reviewed,"2xh6-psuq version 2026-08-04, SCA0000074404|M833: SCA IEH: 'PO18-ABATE PIPE INSULATION IN BASEMENT  SPACE ID# 1006 PRESSURE REGULATOR VALVE NEEDS TO BE REPLACE' at M833 (HS FOR ECONOMICS & FINANCE - M)"
SCA0000074419|X114,physical,,,review: environmental hygiene testing at one school (work at a particular place),reviewed,"2xh6-psuq version 2026-08-04, SCA0000074419|X114: SCA IEH: 'PO18-REMOVE APPX 20 FEET OF ACM PIPE COVERING LOCATED IN BOILER ROOM AT CEILING SPRAYED RED. CLASSRO' at X114 (P.S. 114 - BRONX)"
SCA0000074425|K151,physical,,,review: environmental hygiene testing at one school (work at a particular place),reviewed,"2xh6-psuq version 2026-08-04, SCA0000074425|K151: SCA IEH: 'PO18-MAIN ENTRANCE VESTIBULE, REPAIR TERRAZZO FLOOR FLOOR IS WARPED AND A TRIP HAZARD' at K151 (P.S. 151 - BROOKLYN)"
SCA0000074457|K445,physical,,,review: environmental hygiene testing at one school (work at a particular place),reviewed,"2xh6-psuq version 2026-08-04, SCA0000074457|K445: SCA IEH: 'PO18-PERFORM ACM TESTING : PIPE & JOINT INSULATION ROOM & AHERA: 9706 - ROOF PUMP RM 2 // 6454 SLOP' at K445 (NEW UTRECHT HS - BROOKLYN)"
SCA0000074459|K445,physical,,,review: environmental hygiene testing at one school (work at a particular place),reviewed,"2xh6-psuq version 2026-08-04, SCA0000074459|K445: SCA IEH: 'PO18-PERFORM ACM TESTING- PIPE & JOINT INSULATION ROOM & AHERA: 2038 VAULT // 2004 TOILET (INSUL & C' at K445 (NEW UTRECHT HS - BROOKLYN)"
SCA0000074498|R044,physical,,,review: environmental hygiene testing at one school (work at a particular place),reviewed,"2xh6-psuq version 2026-08-04, SCA0000074498|R044: SCA IEH: 'PO18-ABATE 2SQFT OF DAMAGED WALL BOARD MASTIC LOCATED IN 310 #4310, 10 SQFT OF CERAMIC TILE MASTIC F' at R044 (P.S. 44 - STATEN ISLAND)"
SCA0000074499|K445,physical,,,review: environmental hygiene testing at one school (work at a particular place),reviewed,"2xh6-psuq version 2026-08-04, SCA0000074499|K445: SCA IEH: 'PO18-ABATE/REPAIR OR REPLACE MULTIPLE LOCATIONS P.S. RESPONSE ACTION / PRIORITY 04' at K445 (NEW UTRECHT HS - BROOKLYN)"
SCA0000074511|K765,physical,,,review: environmental hygiene testing at one school (work at a particular place),reviewed,"2xh6-psuq version 2026-08-04, SCA0000074511|K765: SCA IEH: 'PO18-PERFORM SUPPLEMENTAL SURVEY AND ABATE/ REPLACE IF ACM 11 CRACKED LOOR TILES IN ROOM 109' at K765 (THE JOAN SNOW PRE-K CENTER)"
SCA0000074523|X032,physical,,,review: environmental hygiene testing at one school (work at a particular place),reviewed,"2xh6-psuq version 2026-08-04, SCA0000074523|X032: SCA IEH: 'PO18-ABATE AND REPLACE DAMAGED FLOOR TILES IN ROOM #410' at X032 (P.S. 32 - BRONX)"
SCA0000074526|K029,physical,,,review: environmental hygiene testing at one school (work at a particular place),reviewed,"2xh6-psuq version 2026-08-04, SCA0000074526|K029: SCA IEH: 'PO18-RESPONSE ACTION DUE TO OBSERVED DAMAGE (1000) BASEMENT HALLWAY - SOFT CONCRETE FILLER (1001) BO' at K029 (P.S. 29 - BROOKLYN)"
SCA0000074528|K240,physical,,,review: environmental hygiene testing at one school (work at a particular place),reviewed,"2xh6-psuq version 2026-08-04, SCA0000074528|K240: SCA IEH: 'PO18-ABATE/REPAIR PIPE INSULATION IN BOILER ROOM PHOTOS ATTACHED WITHIN EMAIL P.S. RESPONSE ACTION -' at K240 (I.S. 240 - BROOKLYN)"
SCA0000074540|M015,physical,,,review: environmental hygiene testing at one school (work at a particular place),reviewed,"2xh6-psuq version 2026-08-04, SCA0000074540|M015: SCA IEH: 'PO18-SOME AREAS WERE IDENTIFIED DURING THE AHERA PERIODIC SURVEILLANCE AS RESPONSE ACTIONS DUE TO OB' at M015 (P.S. 15 - MANHATTAN)"
SCA0000074544|M460,physical,,,review: environmental hygiene testing at one school (work at a particular place),reviewed,"2xh6-psuq version 2026-08-04, SCA0000074544|M460: SCA IEH: 'PO18-SOME AREAS WERE IDENTIFIED DURING THE AHERA PERIODIC SURVEILLANCE AS RESPONSE ACTIONS DUE TO OB' at M460 (THE HIGH SCHOOL FOR LANGUAGE AND DIPLOMACY)"
SCA0000074545|M003,physical,,,review: environmental hygiene testing at one school (work at a particular place),reviewed,"2xh6-psuq version 2026-08-04, SCA0000074545|M003: SCA IEH: 'PO18-THE FOLLOWING AREAS HAVE BEEN IDENTIFIED DURING THE AHERA PERIODIC SURVEILLAN AS REQUIRING RESP' at M003 (P.S. 3 - MANHATTAN)"
SCA0000074548|K062,physical,,,review: environmental hygiene testing at one school (work at a particular place),reviewed,"2xh6-psuq version 2026-08-04, SCA0000074548|K062: SCA IEH: 'PO18-PLEASE SURVEY AND ABATE IF ACM DAMAGED FLOOR IN MENS BATHROOM 120' at K062 (I.S. 62 - BROOKLYN)"
SCA0000074550|K420,physical,,,review: environmental hygiene testing at one school (work at a particular place),reviewed,"2xh6-psuq version 2026-08-04, SCA0000074550|K420: SCA IEH: 'PO18-RESPONSE ACTION DUE TO OBSERVED DAMAGE 1000 PIPE DUCT SPACE - PIPE INSULATION 1001 BOILER ROOM' at K420 (BROOKLYN LAB SCHOOL - BROOKLYN)"
SCA0000074556|M084,physical,,,review: environmental hygiene testing at one school (work at a particular place),reviewed,"2xh6-psuq version 2026-08-04, SCA0000074556|M084: SCA IEH: 'PO18-ABATE PIPE INSULATION IN B6 STORAGE RM BSMT SPACE ID #1106' at M084 (P.S. 84 - MANHATTAN)"
SCA0000074564|X006,physical,,,review: environmental hygiene testing at one school (work at a particular place),reviewed,"2xh6-psuq version 2026-08-04, SCA0000074564|X006: SCA IEH: 'PO18-ABATE/PATCH AND REPAIR DAMAGED PIPE INSULATION SPACE ID #1010, 2010, 2020' at X006 (P.S. 6 - BRONX)"
SCA0000074567|M116,physical,,,review: environmental hygiene testing at one school (work at a particular place),reviewed,"2xh6-psuq version 2026-08-04, SCA0000074567|M116: SCA IEH: 'PO18-ABATE AND REPLACE FLOORING IN THE FOLLOWING ROOMS LISTED 5TH FLOOR CORRIDOR (SPACE ID# 6000), R' at M116 (P.S. 116 - MANHATTAN)"
SCA0000074576|K123,physical,,,review: environmental hygiene testing at one school (work at a particular place),reviewed,"2xh6-psuq version 2026-08-04, SCA0000074576|K123: SCA IEH: 'PO18-RESPONSE ACTION DUE TO OBSERVED DAMAGE (1010) B10 STORAGE ROOM -  CEILING PLASTER 75 SQFT (3209' at K123 (P.S. 123 - BROOKLYN)"
SCA0000074577|M521,physical,,,review: environmental hygiene testing at one school (work at a particular place),reviewed,"2xh6-psuq version 2026-08-04, SCA0000074577|M521: SCA IEH: 'PO18-ABATE AND REPAIR DAMAGED SHOWER AREA IN BOY'S LOCKER ROOM CERAMIC TILE MASTIC LEVL 1 FLOOR (SPA' at M521 (BERGTRAUM HS - MANHATTAN)"
SCA0000074585|X852,physical,,,review: environmental hygiene testing at one school (work at a particular place),reviewed,"2xh6-psuq version 2026-08-04, SCA0000074585|X852: SCA IEH: 'PO18-ABATE AND REPLACE DAMAGED FLOOR TILES IN 2000A, 3211' at X852 (BRONX DANCE ACADEMY - BRONX)"
SCA0000074592|X722,physical,,,review: environmental hygiene testing at one school (work at a particular place),reviewed,"2xh6-psuq version 2026-08-04, SCA0000074592|X722: SCA IEH: 'PO18-ABATE AND REPLACE DAMAGED FLOOR TILES BASEMENT HALLWAY SPACE ID #1000' at X722 (X721 SPED - BRONX)"
SCA0000074593|X430,physical,,,review: environmental hygiene testing at one school (work at a particular place),reviewed,"2xh6-psuq version 2026-08-04, SCA0000074593|X430: SCA IEH: 'PO18-ABATE AND REPLACE DAMAGED FLOOR SPACES #2183, 2179, 1089' at X430 (M.S./H.S. 342 - BRONX)"
SCA0000074600|K032,physical,,,review: environmental hygiene testing at one school (work at a particular place),reviewed,"2xh6-psuq version 2026-08-04, SCA0000074600|K032: SCA IEH: 'PO18-RESPONSE ACTION NEEDED DUE TO OBSERVED DAMAGE AT LOCATIONS (3208A) PIPE SPACE IN FAN ROOM 208 -' at K032 (P.S. 32 - BROOKLYN)"
SCA0000074601|X104,physical,,,review: environmental hygiene testing at one school (work at a particular place),reviewed,"2xh6-psuq version 2026-08-04, SCA0000074601|X104: SCA IEH: 'PO18-ABATE AND REPLACE 12X12 FLOOR TILES IN LEVEL 4 & 5 CLASSROOMS - 315(SPACE ID#4315),422(SPACE ID' at X104 (P.S. 199 - BRONX)"
SCA0000074609|K009,physical,,,review: environmental hygiene testing at one school (work at a particular place),reviewed,"2xh6-psuq version 2026-08-04, SCA0000074609|K009: SCA IEH: 'PO18-RESPONSE ACTION NEEDED DUE TO OBSERVED DAMAGE (2110)110 CLASSROOM - 9X9 FT TAN-YELLOW (1017A) B' at K009 (PUBLIC SCHOOL 9 THE SARAH SMITH GARNET SCHOOL - BROOKLYN)"
SCA0000074612|X085,physical,,,review: environmental hygiene testing at one school (work at a particular place),reviewed,"2xh6-psuq version 2026-08-04, SCA0000074612|X085: SCA IEH: 'PO18-ABATE AND REPAIR WALL PAINT /PRIMER IN BOILER ROOM SPACE ID #1000 ABATE AND REPLACE DAMAGED FLO' at X085 (P.S. 85 - BRONX)"
SCA0000074613|X073,physical,,,review: environmental hygiene testing at one school (work at a particular place),reviewed,"2xh6-psuq version 2026-08-04, SCA0000074613|X073: SCA IEH: 'PO18-ABATE AND REPLACE DAMGAED FLOOR TILES ROOMS #412, 416' at X073 (P.S. 73 - BRONX)"
SCA0000074615|X068,physical,,,review: environmental hygiene testing at one school (work at a particular place),reviewed,"2xh6-psuq version 2026-08-04, SCA0000074615|X068: SCA IEH: 'PO18-ABATE AND REPAIR DAMAGED WANTER TANK INSULATION BOILER ROOM SPACE ID #1000' at X068 (P.S. 68 - BRONX)"
SCA0000074619|M042,physical,,,review: environmental hygiene testing at one school (work at a particular place),reviewed,"2xh6-psuq version 2026-08-04, SCA0000074619|M042: SCA IEH: 'PO18-THE FOLLOWING AREAS HAVE BEEN IDENTIFIED DURING THE AHERA PERIODIC SURVEILLANCE AS REQUIRING RE' at M042 (P.S. 42 - MANHATTAN)"
SCA0000074621|K192,physical,,,review: environmental hygiene testing at one school (work at a particular place),reviewed,"2xh6-psuq version 2026-08-04, SCA0000074621|K192: SCA IEH: 'PO18-ABATE AND REMOVE ALL ELECTRICAL RACEWAYS CREATIJNG A TRIP HAZARD AND INSTALL NEW FLOORING' at K192 (P.S. 192 - BROOKLYN)"
SCA0000074625|M894,physical,,,review: environmental hygiene testing at one school (work at a particular place),reviewed,"2xh6-psuq version 2026-08-04, SCA0000074625|M894: SCA IEH: 'PO18-ABATE AND REPAIRE/REPLACE DAMAGED AREAS IN WOMEN'S LOCKER ROOM #B19 DAMAGED CERAMIC TILE SPACE' at M894 (HS FOR LEADERSHIP & PUBLIC SERV-M)"
SCA0000074632|K278,physical,,,review: environmental hygiene testing at one school (work at a particular place),reviewed,"2xh6-psuq version 2026-08-04, SCA0000074632|K278: SCA IEH: 'PO18-ABATE/ REPAIR OR REPLACE ALL DAMAGED BUILDING MATERIALS' at K278 (I.S. 278 - BROOKLYN)"
SCA0000074635|K088,physical,,,review: environmental hygiene testing at one school (work at a particular place),reviewed,"2xh6-psuq version 2026-08-04, SCA0000074635|K088: SCA IEH: 'PO18-RESPONSE ACTION DUE TO OBSERVED DAMAGE ABATE, TEST AS NEEDED' at K088 (I.S. 88 - BROOKLYN)"
SCA0000074637|M859,physical,,,review: environmental hygiene testing at one school (work at a particular place),reviewed,"2xh6-psuq version 2026-08-04, SCA0000074637|M859: SCA IEH: 'PO18-SOME AREAS WERE IDENTIFIED IN THE AHERA PERIODIC SURVEILLANCE AS RESPONSE ACTION DUE TO OBSERVE' at M859 (I.S. 348 - MANHATTAN)"
SCA0000074639|K061,physical,,,review: environmental hygiene testing at one school (work at a particular place),reviewed,"2xh6-psuq version 2026-08-04, SCA0000074639|K061: SCA IEH: 'PO18-RESPONSE ACTION DUE TO OBSERVED DAMAGE AT LOCATIONS ABATE, TEST AS NEEDED' at K061 (I.S. 61 - BROOKLYN)"
SCA0000074643|K917,physical,,,review: environmental hygiene testing at one school (work at a particular place),reviewed,"2xh6-psuq version 2026-08-04, SCA0000074643|K917: SCA IEH: 'PO18-ABATE AND REPLACE FLOOR TILES IN MULTIPLE HALLWAYS' at K917 (BROOKLYN COLLEGE ACADEMY - K)"
SCA0000074644|M128,physical,,,review: environmental hygiene testing at one school (work at a particular place),reviewed,"2xh6-psuq version 2026-08-04, SCA0000074644|M128: SCA IEH: 'PO18-ABATE & REPAIR/REPLACE DAMAGED AREAS IN ROOM G08 - SLOP SINK (SPACE ID# 2G08) CERAMIC TILE MAST' at M128 (P.S. 128 - MANHATTAN)"
SCA0000074645|K485,physical,,,review: environmental hygiene testing at one school (work at a particular place),reviewed,"2xh6-psuq version 2026-08-04, SCA0000074645|K485: SCA IEH: 'PO18-ABATE AND REPAIR WALL PLASTER STAIRCASES ON MULTIPLE LOCATIONS' at K485 (TELECOM. ARTS & TECH. HS - K)"
SCA0000074648|K329,physical,,,review: environmental hygiene testing at one school (work at a particular place),reviewed,"2xh6-psuq version 2026-08-04, SCA0000074648|K329: SCA IEH: 'PO18-ABATE AND REPLACE ALL DAMAGED FLOOR TILES AND CERAMIC TILES INSIDE BATHROOM IN MULTIPLE LOCATIO' at K329 (P.S. 329 - BROOKLYN)"
SCA0000074649|K505,physical,,,review: environmental hygiene testing at one school (work at a particular place),reviewed,"2xh6-psuq version 2026-08-04, SCA0000074649|K505: SCA IEH: 'PO18-ABATE AND REPLACE DAMAGED FLOOR TILES IN 3RD FLOOT WEST HALLWAY AND 3RD FLOOR STAIRWELL / EXIT' at K505 (FRANKLIN D. ROOSEVELT HS - K)"
SCA0000074650|X931,physical,,,review: environmental hygiene testing at one school (work at a particular place),reviewed,"2xh6-psuq version 2026-08-04, SCA0000074650|X931: SCA IEH: 'PO18-ABATE VESTIBULE OF EXIT B & LUNCHROOM SOFT CONCRETE FILLER FLOORING LVL SPACE ID-#1012,#1013' at X931 (P.S. 20 - BRONX)"
SCA0000074653|M169,physical,,,review: environmental hygiene testing at one school (work at a particular place),reviewed,"2xh6-psuq version 2026-08-04, SCA0000074653|M169: SCA IEH: 'PO18-SOME AREAS WERE IDENTIFIED THE AHERA SURVEILLANCE AS RESPONSE ACTION DUE TO OBSERVED DAMAGE SCO' at M169 (M169 SPED - MANHATTAN)"
SCA0000074659|K132,physical,,,review: environmental hygiene testing at one school (work at a particular place),reviewed,"2xh6-psuq version 2026-08-04, SCA0000074659|K132: SCA IEH: 'PO18-ABATE AND REPAIR DAMAGED WALL AND CEILING PLASTERS IN MULTIPLE LOCATIONS' at K132 (P.S. 132 - BROOKLYN)"
SCA0000074665|M167,physical,,,review: environmental hygiene testing at one school (work at a particular place),reviewed,"2xh6-psuq version 2026-08-04, SCA0000074665|M167: SCA IEH: 'PO18-SOME AREAS WERE IDENTIFIED THE AHERA PERIODIC SURVEILLANCE AS RESPONSE SCTION DUE TO OBSERVED D' at M167 (I.S. 167 - MANHATTAN)"
SCA0000074668|M116,physical,,,review: environmental hygiene testing at one school (work at a particular place),reviewed,"2xh6-psuq version 2026-08-04, SCA0000074668|M116: SCA IEH: 'PO18-ABATE THE FOLLOWING FLOOR TILES ROOM 303  (SPACE ID# 4303 ) ROOM 308  (SPACE ID# 4308)' at M116 (P.S. 116 - MANHATTAN)"
SCA0000074672|X826,physical,,,review: environmental hygiene testing at one school (work at a particular place),reviewed,"2xh6-psuq version 2026-08-04, SCA0000074672|X826: SCA IEH: 'PO18-ABATE AND REPLACE DAMAGED WATERPROOFING MEMBRANE CERAMIC FLOOR TILES SPACES #1028A, 1005A' at X826 (P.S. 226 - BRONX)"
SCA0000074676|K286,physical,,,review: environmental hygiene testing at one school (work at a particular place),reviewed,"2xh6-psuq version 2026-08-04, SCA0000074676|K286: SCA IEH: 'PO18-ABATE/REPAIR AND REPLACE TILES, PIPE INSULATION 316A/4316A - TELEPHONE CLOSET (9X9 FLR TILE & M' at K286 (K811 SPED - BROOKLYN)"
SCA0000074678|M208,physical,,,review: environmental hygiene testing at one school (work at a particular place),reviewed,"2xh6-psuq version 2026-08-04, SCA0000074678|M208: SCA IEH: 'PO18-SOME AREAS WERE IDENTIFIED IN THE AHERA PERIODIC SURVELLIANCE AS RESPONSE ACTION DUE TO OBSERVE' at M208 (M226 SPED - MANHATTAN)"
SCA0000074684|K842,physical,,,review: environmental hygiene testing at one school (work at a particular place),reviewed,"2xh6-psuq version 2026-08-04, SCA0000074684|K842: SCA IEH: 'PO18-RESPONSE ACTION NEEDED DUE TO OBSERVED DAMAGE (2000) HALLWAY 1 & 2 12X12 FLOORS LIGHT BLUE (200' at K842 (P.S. 45 - BROOKLYN)"
SCA0000074688|Q074,physical,,,review: environmental hygiene testing at one school (work at a particular place),reviewed,"2xh6-psuq version 2026-08-04, SCA0000074688|Q074: SCA IEH: 'PO18-PLEASE ABATE & REPAIR SOW' at Q074 (I.S. 74 - QUEENS)"
SCA0000074692|X182,physical,,,review: environmental hygiene testing at one school (work at a particular place),reviewed,"2xh6-psuq version 2026-08-04, SCA0000074692|X182: SCA IEH: 'PO18-ABATE & REPLACE FIRE DOOR INSULATION  IN GENERAL OFFICE CLOSET #103 (SPACE ID #2103C) FLOORING' at X182 (P.S. 182 - BRONX)"
SCA0000074694|Q053,physical,,,review: environmental hygiene testing at one school (work at a particular place),reviewed,"2xh6-psuq version 2026-08-04, SCA0000074694|Q053: SCA IEH: 'PO18-PLEASE ABATE & REPAIR' at Q053 (I.S. 53 - QUEENS)"
SCA0000074695|Q060,physical,,,review: environmental hygiene testing at one school (work at a particular place),reviewed,"2xh6-psuq version 2026-08-04, SCA0000074695|Q060: SCA IEH: 'PO18-PLEASE ABATE & REPAIR' at Q060 (P.S. 60 - QUEENS)"
SCA0000074696|Q135,physical,,,review: environmental hygiene testing at one school (work at a particular place),reviewed,"2xh6-psuq version 2026-08-04, SCA0000074696|Q135: SCA IEH: 'PO18-PLEASE ABATE & REPAIR' at Q135 (P.S. 135 - QUEENS)"
SCA0000074700|Q154,physical,,,review: environmental hygiene testing at one school (work at a particular place),reviewed,"2xh6-psuq version 2026-08-04, SCA0000074700|Q154: SCA IEH: 'PO18-PLEASE ABATE & REPAIR SOW' at Q154 (P.S. 154 - QUEENS)"
SCA0000074701|Q071,physical,,,review: environmental hygiene testing at one school (work at a particular place),reviewed,"2xh6-psuq version 2026-08-04, SCA0000074701|Q071: SCA IEH: 'PO18-PLEASE ABATE & REPAIR' at Q071 (P.S. 71 - QUEENS)"
SCA0000074702|Q062,physical,,,review: environmental hygiene testing at one school (work at a particular place),reviewed,"2xh6-psuq version 2026-08-04, SCA0000074702|Q062: SCA IEH: 'PO18-PLEASE ABATE & REPAIR' at Q062 (P.S. 62 - QUEENS)"
SCA0000074703|Q109,physical,,,review: environmental hygiene testing at one school (work at a particular place),reviewed,"2xh6-psuq version 2026-08-04, SCA0000074703|Q109: SCA IEH: 'PO18-PLEASE ABATE & REPAIR' at Q109 (I.S. 109 - QUEENS)"
SCA0000074706|Q024,physical,,,review: environmental hygiene testing at one school (work at a particular place),reviewed,"2xh6-psuq version 2026-08-04, SCA0000074706|Q024: SCA IEH: 'PO18-PLEASE ABATE & REPAIR SOW' at Q024 (P.S. 24 - QUEENS)"
SCA0000074707|Q029,physical,,,review: environmental hygiene testing at one school (work at a particular place),reviewed,"2xh6-psuq version 2026-08-04, SCA0000074707|Q029: SCA IEH: 'PO18-PLEASE ABATE & REPAIR' at Q029 (P.S. 29 - QUEENS)"
SCA0000074708|Q178,physical,,,review: environmental hygiene testing at one school (work at a particular place),reviewed,"2xh6-psuq version 2026-08-04, SCA0000074708|Q178: SCA IEH: 'PO18-PLEASE ABATE & REPAIR SOW' at Q178 (P.S. 178 - QUEENS)"
SCA0000074709|Q442,physical,,,review: environmental hygiene testing at one school (work at a particular place),reviewed,"2xh6-psuq version 2026-08-04, SCA0000074709|Q442: SCA IEH: 'PO18-PLEASE ABATE & REPAIR' at Q442 (Q000 - QUEENS)"
SCA0000074712|Q809,physical,,,review: environmental hygiene testing at one school (work at a particular place),reviewed,"2xh6-psuq version 2026-08-04, SCA0000074712|Q809: SCA IEH: 'PO18-PLEASE ABATE & REPAIR' at Q809 (Q224 SPED - QUEENS)"
SCA0000074713|Q081,physical,,,review: environmental hygiene testing at one school (work at a particular place),reviewed,"2xh6-psuq version 2026-08-04, SCA0000074713|Q081: SCA IEH: 'PO18-PLEASE ABATE & REPAIR' at Q081 (P.S. 81 - QUEENS)"
SCA0000074714|Q085,physical,,,review: environmental hygiene testing at one school (work at a particular place),reviewed,"2xh6-psuq version 2026-08-04, SCA0000074714|Q085: SCA IEH: 'PO18-PLEASE ABATE & REPAIR' at Q085 (P.S. 85 - QUEENS)"
SCA0000074715|Q203,physical,,,review: environmental hygiene testing at one school (work at a particular place),reviewed,"2xh6-psuq version 2026-08-04, SCA0000074715|Q203: SCA IEH: 'PO18-PLEASE ABATE & REPAIR' at Q203 (P.S. 203 - QUEENS)"
SCA0000074718|Q086,physical,,,review: environmental hygiene testing at one school (work at a particular place),reviewed,"2xh6-psuq version 2026-08-04, SCA0000074718|Q086: SCA IEH: 'PO18-PLEASE ABATE & REPAIR' at Q086 (P.S. 86 - QUEENS)"
SCA0000074719|Q084,physical,,,review: environmental hygiene testing at one school (work at a particular place),reviewed,"2xh6-psuq version 2026-08-04, SCA0000074719|Q084: SCA IEH: 'PO18-PLEASE ABATE & REPAIR' at Q084 (P.S. 84 - QUEENS)"
SCA0000074721|Q131,physical,,,review: environmental hygiene testing at one school (work at a particular place),reviewed,"2xh6-psuq version 2026-08-04, SCA0000074721|Q131: SCA IEH: 'PO18-PLEASE ABATE & REPAIR' at Q131 (P.S. 131 - QUEENS)"
SCA0000074724|Q835,physical,,,review: environmental hygiene testing at one school (work at a particular place),reviewed,"2xh6-psuq version 2026-08-04, SCA0000074724|Q835: SCA IEH: 'PO18-PLEASE ABATE & REPAIR' at Q835 (Q233 SPED - QUEENS)"
SCA0000074726|Q186,physical,,,review: environmental hygiene testing at one school (work at a particular place),reviewed,"2xh6-psuq version 2026-08-04, SCA0000074726|Q186: SCA IEH: 'PO18-PLEASE ABATE & REPAIR' at Q186 (P.S. 186 - QUEENS)"
SCA0000074731|Q436,physical,,,review: environmental hygiene testing at one school (work at a particular place),reviewed,"2xh6-psuq version 2026-08-04, SCA0000074731|Q436: SCA IEH: 'PO18-PLEASE ABATE & REPAIR' at Q436 (MARTIN VAN BUREN HS - QUEENS)"
SCA0000074732|Q090,physical,,,review: environmental hygiene testing at one school (work at a particular place),reviewed,"2xh6-psuq version 2026-08-04, SCA0000074732|Q090: SCA IEH: 'PO18-PLEASE ABATE & REPAIR' at Q090 (P.S. 90 - QUEENS)"
SCA0000074734|Q141,physical,,,review: environmental hygiene testing at one school (work at a particular place),reviewed,"2xh6-psuq version 2026-08-04, SCA0000074734|Q141: SCA IEH: 'PO18-PLEASE ABATE & REPAIR' at Q141 (I.S. 141 - QUEENS)"
SCA0000074735|Q151,physical,,,review: environmental hygiene testing at one school (work at a particular place),reviewed,"2xh6-psuq version 2026-08-04, SCA0000074735|Q151: SCA IEH: 'PO18-PLEASE ABATE & REPAIR' at Q151 (P.S. 151 - QUEENS)"
SCA0000074736|K142,physical,,,review: environmental hygiene testing at one school (work at a particular place),reviewed,"2xh6-psuq version 2026-08-04, SCA0000074736|K142: SCA IEH: 'PO18-RESPONSE ACTION DUE TO OBSERVED ACTION LOCATIONS SHARED ON EMAIL ABATE, TEST AS NEEDED' at K142 (I.S. 448 - BROOKLYN)"
SCA0000074737|Q093,physical,,,review: environmental hygiene testing at one school (work at a particular place),reviewed,"2xh6-psuq version 2026-08-04, SCA0000074737|Q093: SCA IEH: 'PO18-PLEASE ABATE & REPAIR' at Q093 (I.S. 93 - QUEENS)"
SCA0000074738|Q113,physical,,,review: environmental hygiene testing at one school (work at a particular place),reviewed,"2xh6-psuq version 2026-08-04, SCA0000074738|Q113: SCA IEH: 'PO18-PLEASE ABATE & REPAIR' at Q113 (P.S. 113 - QUEENS)"
SCA0000074740|Q149,physical,,,review: environmental hygiene testing at one school (work at a particular place),reviewed,"2xh6-psuq version 2026-08-04, SCA0000074740|Q149: SCA IEH: 'PO18-PLEASE ABATE & REPAIR' at Q149 (P.S. 149 - QUEENS)"
SCA0000074741|Q180,physical,,,review: environmental hygiene testing at one school (work at a particular place),reviewed,"2xh6-psuq version 2026-08-04, SCA0000074741|Q180: SCA IEH: 'PO18-PLEASE ABATE & REPAIR' at Q180 (THE SCHOLARS ACADEMY - QUEENS)"
SCA0000074743|Q117,physical,,,review: environmental hygiene testing at one school (work at a particular place),reviewed,"2xh6-psuq version 2026-08-04, SCA0000074743|Q117: SCA IEH: 'PO18-PLEASE ABATE & REPAIR' at Q117 (P.S. 117 - QUEENS)"
SCA0000074744|K161,physical,,,review: environmental hygiene testing at one school (work at a particular place),reviewed,"2xh6-psuq version 2026-08-04, SCA0000074744|K161: SCA IEH: 'PO18-RESPONSE ACTION NEEDED DUE TO OBSERVED DAMAGE ABATE, TEST AS NEEDED' at K161 (P.S. 161 - BROOKLYN)"
SCA0000074746|Q199,physical,,,review: environmental hygiene testing at one school (work at a particular place),reviewed,"2xh6-psuq version 2026-08-04, SCA0000074746|Q199: SCA IEH: 'PO18-PLEASE ABATE & REPAIR' at Q199 (P.S. 199 - QUEENS)"
SCA0000074747|Q105,physical,,,review: environmental hygiene testing at one school (work at a particular place),reviewed,"2xh6-psuq version 2026-08-04, SCA0000074747|Q105: SCA IEH: 'PO18-PLEASE ABATE & REPAIR' at Q105 (P.S. 105 - QUEENS)"
SCA0000074749|Q196,physical,,,review: environmental hygiene testing at one school (work at a particular place),reviewed,"2xh6-psuq version 2026-08-04, SCA0000074749|Q196: SCA IEH: 'PO18-PLEASE ABATE & REPAIR' at Q196 (P.S. 196 - QUEENS)"
SCA0000074750|Q197,physical,,,review: environmental hygiene testing at one school (work at a particular place),reviewed,"2xh6-psuq version 2026-08-04, SCA0000074750|Q197: SCA IEH: 'PO18-PLEASE ABATE & REPAIR' at Q197 (P.S. 197 - QUEENS)"
SCA0000074752|Q087,physical,,,review: environmental hygiene testing at one school (work at a particular place),reviewed,"2xh6-psuq version 2026-08-04, SCA0000074752|Q087: SCA IEH: 'PO18-PLEASE ABATE & REPAIR' at Q087 (P.S. 87 - QUEENS)"
SCA0000074756|Q280,physical,,,review: environmental hygiene testing at one school (work at a particular place),reviewed,"2xh6-psuq version 2026-08-04, SCA0000074756|Q280: SCA IEH: 'PO18-PLEASE ABATE & REPAIR' at Q280 (P.S. 280 - QUEENS)"
SCA0000074757|Q229,physical,,,review: environmental hygiene testing at one school (work at a particular place),reviewed,"2xh6-psuq version 2026-08-04, SCA0000074757|Q229: SCA IEH: 'PO18-PLEASE ABATE & REPAIR' at Q229 (P.S. 229 - QUEENS)"
SCA0000074758|Q329,physical,,,review: environmental hygiene testing at one school (work at a particular place),reviewed,"2xh6-psuq version 2026-08-04, SCA0000074758|Q329: SCA IEH: 'PO18-PLEASE ABATE & REPAIR' at Q329 (EAST ELMHURST COMMUNITY SCHOOL - QUEENS)"
SCA0000074759|Q440,physical,,,review: environmental hygiene testing at one school (work at a particular place),reviewed,"2xh6-psuq version 2026-08-04, SCA0000074759|Q440: SCA IEH: 'PO18-PLEASE ABATE & REPAIR' at Q440 (FOREST HILLS HS - QUEENS)"
SCA0000074760|Q465,physical,,,review: environmental hygiene testing at one school (work at a particular place),reviewed,"2xh6-psuq version 2026-08-04, SCA0000074760|Q465: SCA IEH: 'PO18-PLEASE ABATE & REPAIR' at Q465 (ACAD. OF MEDICAL TECHNOLOGY - Q)"
SCA0000074761|Q485,physical,,,review: environmental hygiene testing at one school (work at a particular place),reviewed,"2xh6-psuq version 2026-08-04, SCA0000074761|Q485: SCA IEH: 'PO18-PLEASE ABATE & REPAIR' at Q485 (GROVER CLEVELAND HS - QUEENS)"
SCA0000074762|Q610,physical,,,review: environmental hygiene testing at one school (work at a particular place),reviewed,"2xh6-psuq version 2026-08-04, SCA0000074762|Q610: SCA IEH: 'PO18-PLEASE ABATE & REPAIR' at Q610 (AVIATION HS - QUEENS)"
SCA0000074763|Q667,physical,,,review: environmental hygiene testing at one school (work at a particular place),reviewed,"2xh6-psuq version 2026-08-04, SCA0000074763|Q667: SCA IEH: 'PO18-PLEASE ABATE & REPAIR' at Q667 (Q004 SPED - QUEENS)"
SCA0000074764|M110,physical,,,review: environmental hygiene testing at one school (work at a particular place),reviewed,"2xh6-psuq version 2026-08-04, SCA0000074764|M110: SCA IEH: 'PO18-SOME AREAS WERE IDENTIFIED IN THE AHERA PERIODIC SURVEAILLANCE AS RESPONSE ACTION DUE TO OBSERV' at M110 (P.S. 110 - MANHATTAN)"
SCA0000074765|Q400,physical,,,review: environmental hygiene testing at one school (work at a particular place),reviewed,"2xh6-psuq version 2026-08-04, SCA0000074765|Q400: SCA IEH: 'PO18-PLEASE ABATE & REPAIR' at Q400 (AUGUST MARTIN HS - QUEENS)"
SCA0000074766|Q455,physical,,,review: environmental hygiene testing at one school (work at a particular place),reviewed,"2xh6-psuq version 2026-08-04, SCA0000074766|Q455: SCA IEH: 'PO18-PLEASE ABATE & REPAIR' at Q455 (NEWTOWN HS - QUEENS)"
SCA0000074767|Q505,physical,,,review: environmental hygiene testing at one school (work at a particular place),reviewed,"2xh6-psuq version 2026-08-04, SCA0000074767|Q505: SCA IEH: 'PO18-PLEASE ABATE & REPAIR' at Q505 (HILLCREST HS - QUEENS)"
SCA0000074768|Q680,physical,,,review: environmental hygiene testing at one school (work at a particular place),reviewed,"2xh6-psuq version 2026-08-04, SCA0000074768|Q680: SCA IEH: 'PO18-PLEASE ABATE & REPAIR' at Q680 (YOUNG WOMENS' LEADERSHIP SCHOOL - QUEENS)"
SCA0000074769|Q848,physical,,,review: environmental hygiene testing at one school (work at a particular place),reviewed,"2xh6-psuq version 2026-08-04, SCA0000074769|Q848: SCA IEH: 'PO18-PLEASE ABATE & REPAIR' at Q848 (P.S. 81 - QUEENS)"
SCA0000074770|Q866,physical,,,review: environmental hygiene testing at one school (work at a particular place),reviewed,"2xh6-psuq version 2026-08-04, SCA0000074770|Q866: SCA IEH: 'PO18-PLEASE ABATE & REPAIR' at Q866 (P.S. 99 - QUEENS)"
SCA0000074772|Q278,physical,,,review: environmental hygiene testing at one school (work at a particular place),reviewed,"2xh6-psuq version 2026-08-04, SCA0000074772|Q278: SCA IEH: 'PO18-PLEASE ABATE & REPAIR' at Q278 (P.S. 182 - QUEENS)"
SCA0000074773|Q410,physical,,,review: environmental hygiene testing at one school (work at a particular place),reviewed,"2xh6-psuq version 2026-08-04, SCA0000074773|Q410: SCA IEH: 'PO18-PLEASE ABATE & REPAIR' at Q410 (CHANNEL VIEW SCL FOR RESEARCH - Q)"
SCA0000074774|Q801,physical,,,review: environmental hygiene testing at one school (work at a particular place),reviewed,"2xh6-psuq version 2026-08-04, SCA0000074774|Q801: SCA IEH: 'PO18-PLEASE ABATE & REPAIR' at Q801 (SCHOOL FOOD SERVICE - QUEENS)"
SCA0000074775|M140,physical,,,review: environmental hygiene testing at one school (work at a particular place),reviewed,"2xh6-psuq version 2026-08-04, SCA0000074775|M140: SCA IEH: 'PO18-SOME AREAS WERE IDENTIFIED IN THE AHERA PERIODIC SURVEAILLANCE AS RESPONSE ACTION DUE TO OBSERV' at M140 (P.S. 140 - MANHATTAN)"
SCA0000074776|Q849,physical,,,review: environmental hygiene testing at one school (work at a particular place),reviewed,"2xh6-psuq version 2026-08-04, SCA0000074776|Q849: SCA IEH: 'PO18-PLEASE ABATE & REPAIR' at Q849 (I.S. 77 - QUEENS)"
SCA0000074782|X192,physical,,,review: environmental hygiene testing at one school (work at a particular place),reviewed,"2xh6-psuq version 2026-08-04, SCA0000074782|X192: SCA IEH: 'PO18-ABATEMENT NEEDED FOR12 X 12 FLOOR TILES LIFTING UP IN 2 LOCATIONS. 1ST FLOOR CORRIDOR BY ROOM 1' at X192 (I.S. 371 - BRONX)"
SCA0000074788|Q121,physical,,,review: environmental hygiene testing at one school (work at a particular place),reviewed,"2xh6-psuq version 2026-08-04, SCA0000074788|Q121: SCA IEH: 'PO18-PLEASE ABATE & REPAIR' at Q121 (P.S. 121 - QUEENS)"
SCA0000074791|M600,physical,,,review: environmental hygiene testing at one school (work at a particular place),reviewed,"2xh6-psuq version 2026-08-04, SCA0000074791|M600: SCA IEH: 'PO18-SOME AREAS WERE IDENTIFIED IN THE AHERA PERIODIC SURVEAILLANCE AS RESPONSE ACTION DUE TO OBSERV' at M600 (FASHION INDUSTRIES VOC HS - M)"
SCA0000074792|M535,physical,,,review: environmental hygiene testing at one school (work at a particular place),reviewed,"2xh6-psuq version 2026-08-04, SCA0000074792|M535: SCA IEH: 'PO18-ABATE AND REPAIR/REPLACE DAMAGED AREAS IN SPACE ID# (1000A, 2159 & 6000E) BASEMENT  HALLWAY, RO' at M535 (MANHATTAN BRIDGES - MANHATTAN)"
SCA0000074796|X055,physical,,,review: environmental hygiene testing at one school (work at a particular place),reviewed,"2xh6-psuq version 2026-08-04, SCA0000074796|X055: SCA IEH: 'PO18-ABATE AND REPLACE DAMAGED 9X9 FLOOR TILES 404, 303, 309, 405, 418, 307, CAFETERIA' at X055 (P.S. 55 - BRONX)"
SCA0000074806|X131,physical,,,review: environmental hygiene testing at one school (work at a particular place),reviewed,"2xh6-psuq version 2026-08-04, SCA0000074806|X131: SCA IEH: 'PO18-ABATE 9*9 FLOOR TILES LVL 2 1ST FLOOR HALLWAY & AUDITORIUM SPACE ID :- #2000,#2190A' at X131 (I.S. 131 - BRONX)"
SCA0000074809|Q185,physical,,,review: environmental hygiene testing at one school (work at a particular place),reviewed,"2xh6-psuq version 2026-08-04, SCA0000074809|Q185: SCA IEH: 'PO18-PLEASE ABATE & REPAIR' at Q185 (J.H.S. 185 - QUEENS)"
SCA0000074810|K274,physical,,,review: environmental hygiene testing at one school (work at a particular place),reviewed,"2xh6-psuq version 2026-08-04, SCA0000074810|K274: SCA IEH: 'PO18-ABATE/REPAIR OR REPLACE DAMAGED BUILDING MATERIALS P.S. RESPONSE ACTION PRIORITY 04' at K274 (P.S. 274 - BROOKLYN)"
SCA0000074811|Q076,physical,,,review: environmental hygiene testing at one school (work at a particular place),reviewed,"2xh6-psuq version 2026-08-04, SCA0000074811|Q076: SCA IEH: 'PO18-ROOM 200: ELECTRIC LINES FOR NEW AIR CONDITIONER' at Q076 (P.S. 76 - QUEENS)"
SCA0000074816|K302,physical,,,review: environmental hygiene testing at one school (work at a particular place),reviewed,"2xh6-psuq version 2026-08-04, SCA0000074816|K302: SCA IEH: 'PO18-ABATE AND REPLACE DAMAGED 9X9 FLOOR TILES P.S. RESPONSE ACTION - PRIORITY 04' at K302 (LIBERTY AVENUE MIDDLE SCHOOL)"
SCA0000074817|M660,physical,,,review: environmental hygiene testing at one school (work at a particular place),reviewed,"2xh6-psuq version 2026-08-04, SCA0000074817|M660: SCA IEH: 'PO18-ABATE AND REPAIR/REPAIR DAMAGED AREAS IN STAIRCASE A 354, BOILER ROOM AND 4TH FLOOR HALLWAY SPA' at M660 (SCHOOL OF THE FUTURE - MANHATTAN)"
SCA0000074819|M110,physical,,,review: environmental hygiene testing at one school (work at a particular place),reviewed,"2xh6-psuq version 2026-08-04, SCA0000074819|M110: SCA IEH: 'PO18-ABATE WALL PLASTER  IN BATHROOM ROOM 310A TO INSTALL 1 FEMALE HYGIENE DISPENSER SPACE ID# 4310A' at M110 (P.S. 110 - MANHATTAN)"
SCA0000074823|M117,physical,,,review: environmental hygiene testing at one school (work at a particular place),reviewed,"2xh6-psuq version 2026-08-04, SCA0000074823|M117: SCA IEH: 'PO18-SOME AREAS WERE IDENTIFIED IN THE AHERA PERIODIC SURVEAILLANCE AS RESPONSE ACTION DUE TO OBSERV' at M117 (I.S. 12 - MANHATTAN)"
SCA0000074824|M131,physical,,,review: environmental hygiene testing at one school (work at a particular place),reviewed,"2xh6-psuq version 2026-08-04, SCA0000074824|M131: SCA IEH: 'PO18-SOME AREAS WERE IDENTIFIED IN THE AHERA PERIODIC SURVEILLANCE AS RESPONSE ACTION DUE TO OBSERVE' at M131 (I.S. 131 - MANHATTAN)"
SCA0000074825|M060,physical,,,review: environmental hygiene testing at one school (work at a particular place),reviewed,"2xh6-psuq version 2026-08-04, SCA0000074825|M060: SCA IEH: 'PO18-SOME AREAS WERE IDENTIFIED IN THE AHERA PERIODIC SURVEAILLANCE AS RESPONSE ACTION DUE TO OBSERV' at M060 (EAST SIDE COMMUNITY SCHOOL)"
SCA0000074826|M520,physical,,,review: environmental hygiene testing at one school (work at a particular place),reviewed,"2xh6-psuq version 2026-08-04, SCA0000074826|M520: SCA IEH: 'PO18-SOME AREAS WERE IDENTIFIED IN THE AHERA PERIODIC SURVEILLANCE AS RESPONSE ACTION DUE TO OBSERVE' at M520 (BERGTRAUM HS - MANHATTAN)"
SCA0000074829|M751,physical,,,review: environmental hygiene testing at one school (work at a particular place),reviewed,"2xh6-psuq version 2026-08-04, SCA0000074829|M751: SCA IEH: 'PO18-SOME AREAS WERE IDENTIFIED IN THE AHERA PERIODIC SURVEAILLANCE AS RESPONSE ACTION DUE TO OBSERV' at M751 (M751 SPED - MANHATTAN)"
SCA0000074832|M143,physical,,,review: environmental hygiene testing at one school (work at a particular place),reviewed,"2xh6-psuq version 2026-08-04, SCA0000074832|M143: SCA IEH: 'PO18-SOME AREAS WERE IDENTIFIED IN THE AHERA IN THE PERIODIC SURVEAILLANCE AS RESPONSE ACTION DUE TO' at M143 (I.S. 143 - MANHATTAN)"
SCA0000074833|K223,physical,,,review: environmental hygiene testing at one school (work at a particular place),reviewed,"2xh6-psuq version 2026-08-04, SCA0000074833|K223: SCA IEH: 'PO18-ABATE AND REPAIR PIPE INSULATIONS LOCATIONS ARE ATTACHED WITHIN EMAIL P.S. RESPONSE ACTION - PR' at K223 (I.S. 223 - BROOKLYN)"
SCA0000074835|M833,physical,,,review: environmental hygiene testing at one school (work at a particular place),reviewed,"2xh6-psuq version 2026-08-04, SCA0000074835|M833: SCA IEH: 'PO18-SOME AREAS WERE IDENTIFIED IN THE AHERA IN THE PERIODIC SURVAILLANCE AS RESPONSE ACTION DUE TO' at M833 (HS FOR ECONOMICS & FINANCE - M)"
SCA0000074839|Q193,physical,,,review: environmental hygiene testing at one school (work at a particular place),reviewed,"2xh6-psuq version 2026-08-04, SCA0000074839|Q193: SCA IEH: 'PO18-PLEASE ABATE & REPAIR' at Q193 (P.S. 193 - QUEENS)"
SCA0000074845|Q104,physical,,,review: environmental hygiene testing at one school (work at a particular place),reviewed,"2xh6-psuq version 2026-08-04, SCA0000074845|Q104: SCA IEH: 'PO18-ABATE AND REPAIR/REPLACE DAMAGED AREAS IDENTIFIED IN THE AHERA PERIODIC SURVEILLANCE' at Q104 (P.S. 104 - QUEENS)"
SCA0000074846|Q130,physical,,,review: environmental hygiene testing at one school (work at a particular place),reviewed,"2xh6-psuq version 2026-08-04, SCA0000074846|Q130: SCA IEH: 'PO18-ABATE AND REPAIR/REPLACE DAMAGED AREAS IDENTIFIED IN THE AHERA PERIODIC SURVEAILANCE' at Q130 (P.S. 130 - QUEENS)"
SCA0000074854|X306,physical,,,review: environmental hygiene testing at one school (work at a particular place),reviewed,"2xh6-psuq version 2026-08-04, SCA0000074854|X306: SCA IEH: 'PO18-ABATE SOFT  CONCRETE FILLER FLOORING MATERIALS SPACE ID :- 1001,2109' at X306 (P.S. 306 - BRONX)"
SCA0000074858|X118,physical,,,review: environmental hygiene testing at one school (work at a particular place),reviewed,"2xh6-psuq version 2026-08-04, SCA0000074858|X118: SCA IEH: 'PO18-ABATE 9*9 TILES BROWN- VARIOUS SPOTS LVL 2 # SPACE ID - #3218 ABATE TERRAZZO  LVL 2 FLOOR #SPAC' at X118 (I.S. 118 - BRONX)"
SCA0000074860|Q415,physical,,,review: environmental hygiene testing at one school (work at a particular place),reviewed,"2xh6-psuq version 2026-08-04, SCA0000074860|Q415: SCA IEH: 'PO18-TEST ALL LAYERS OF FLOORING NURSE'S OFFICE RM B58 IF POSITIVE ABATE & REPLACE 150 SF FLOOR TILE' at Q415 (BENJAMIN N. CARDOZO HS - QUEENS)"
SCA0000074866|K470,physical,,,review: environmental hygiene testing at one school (work at a particular place),reviewed,"2xh6-psuq version 2026-08-04, SCA0000074866|K470: SCA IEH: 'PO18-ABATE/REPAIR PIPE INSULATIONS IN MULTIPLE LOCATIONS P.S. RESPONSE ACTION - PRIORITY 04' at K470 (H.S. 745 - BROOKLYN)"
SCA0000074868|M025,physical,,,review: environmental hygiene testing at one school (work at a particular place),reviewed,"2xh6-psuq version 2026-08-04, SCA0000074868|M025: SCA IEH: 'PO18-ABATEMENT  IN THE FOLLOWING LOCATIONS: ROOM 232- FLOOR (SPACE ID# 3232), ROOM 243 - FLOOR  (SPA' at M025 (LOWER EAST SIDE PREP HS - M)"
SCA0000074875|Q415,physical,,,review: environmental hygiene testing at one school (work at a particular place),reviewed,"2xh6-psuq version 2026-08-04, SCA0000074875|Q415: SCA IEH: 'PO18-TEST BROKEN AND FRIABLE ACM PAPER COVERINGS ON HORSEHAIR INSULATION IF POSITIVE ABATE & REPLACE' at Q415 (BENJAMIN N. CARDOZO HS - QUEENS)"
SCA0000074876|K391,physical,,,review: environmental hygiene testing at one school (work at a particular place),reviewed,"2xh6-psuq version 2026-08-04, SCA0000074876|K391: SCA IEH: 'PO18-RESPONSE ACTION NEEDED TO DUE OBSERVED DAMAGE' at K391 (I.S. 722 - BROOKLYN)"
SCA0000074878|K309,physical,,,review: environmental hygiene testing at one school (work at a particular place),reviewed,"2xh6-psuq version 2026-08-04, SCA0000074878|K309: SCA IEH: 'PO18-ABATE & REPLACE 9X9 BROWN VFT SET DAMAGED MATERIALS IN 2ND FLR RM#220 & 249' at K309 (P.S. 309 - BROOKLYN)"
SCA0000074879|Q397,physical,,,review: environmental hygiene testing at one school (work at a particular place),reviewed,"2xh6-psuq version 2026-08-04, SCA0000074879|Q397: SCA IEH: 'PO18-ABATE AND REPAIR/REPLACE DAMAGED AREAS IDENTIFIED IN AHERS PERIODIC SURVEAILL LOBBY (SPACE ID#' at Q397 (DISTRICT 30 PRE-K CENTER)"
SCA0000074880|Q238,physical,,,review: environmental hygiene testing at one school (work at a particular place),reviewed,"2xh6-psuq version 2026-08-04, SCA0000074880|Q238: SCA IEH: 'PO18-REMOVE ACM IN BOILER RM CRAWL SPACE 3 WATER LINES SPRAYED RED APPROX 6FT IN TOTAL VALVE TAG # 6' at Q238 (I.S. 238 - QUEENS)"
SCA0000074881|M057,physical,,,review: environmental hygiene testing at one school (work at a particular place),reviewed,"2xh6-psuq version 2026-08-04, SCA0000074881|M057: SCA IEH: 'PO18-SOME AREAS WERE IDENTIFIED IN THE AHERA PERIODIC SURVAILLANCE AS RESPONSE ACTION DUE TO OBSERVE' at M057 (P.S. 57 - MANHATTAN)"
SCA0000074886|K804,physical,,,review: environmental hygiene testing at one school (work at a particular place),reviewed,"2xh6-psuq version 2026-08-04, SCA0000074886|K804: SCA IEH: 'PO18-ABATE & REPLACE DAMAGED FLOORING IN ROOM#411, 413, 414 SOFT CONCRETE FILLER UNDER WOOD SUBFLOOR' at K804 (COBBLE HILL SCHOOL OF AMERICAN STUDIES)"
SCA0000074889|Q133,physical,,,review: environmental hygiene testing at one school (work at a particular place),reviewed,"2xh6-psuq version 2026-08-04, SCA0000074889|Q133: SCA IEH: 'PO18-ABATE AND REPAIR/REPLACE DAMAGED AREAS IDENTIFIED IN AHERA PERIODIC SURVEIALLANCE ROOM 301, 105' at Q133 (P.S. 133 - QUEENS)"
SCA0000074894|Q148,physical,,,review: environmental hygiene testing at one school (work at a particular place),reviewed,"2xh6-psuq version 2026-08-04, SCA0000074894|Q148: SCA IEH: 'PO18-ABATE REPAIR/REPLACE DAMAGED AREAS IDENTIFIED IN AHERA PS RESPONSE ACTION' at Q148 (P.S. 148 - QUEENS)"
SCA0000074905|Q071,physical,,,review: environmental hygiene testing at one school (work at a particular place),reviewed,"2xh6-psuq version 2026-08-04, SCA0000074905|Q071: SCA IEH: 'PO18-ABATE AND REPAIR/REPLACE DAMAGED FLOORING AREAS IN ROOM 415' at Q071 (P.S. 71 - QUEENS)"
SCA0000074911|M017,physical,,,review: environmental hygiene testing at one school (work at a particular place),reviewed,"2xh6-psuq version 2026-08-04, SCA0000074911|M017: SCA IEH: 'PO18-ABATE PIPE INSULATION THAT IS DAMAGE ON THE WEST END OF BASEMENT HALLWAY. SPACE ID# 1000A' at M017 (P.S. 212 - MANHATTAN)"
SCA0000074918|K001,physical,,,review: environmental hygiene testing at one school (work at a particular place),reviewed,"2xh6-psuq version 2026-08-04, SCA0000074918|K001: SCA IEH: 'PO18-RESPONSE ACTION NEEDED DUE TO OBSERVED DAMAGE FROM PS 3235 - ROOM 235 - 9X9 FT 1007A - TOILET C' at K001 (P.S. 1 - BROOKLYN)"
SCA0000074920|M916,physical,,,review: environmental hygiene testing at one school (work at a particular place),reviewed,"2xh6-psuq version 2026-08-04, SCA0000074920|M916: SCA IEH: 'PO18-SOME AREAS WERE IDENTIFIED IN THE AHERA PERIODIC SURVEILLANCE AS A RESPONSE ACTION DUE TO OBSER' at M916 (TEACHER'S COLLEGE COMMUNITY SCHOOL- M)"
SCA0000074926|R042,physical,,,review: environmental hygiene testing at one school (work at a particular place),reviewed,"2xh6-psuq version 2026-08-04, SCA0000074926|R042: SCA IEH: 'PO18-ABATE ACM IN FOLLOWING LOCATIONS CEILING TILE MASTIC LVL 2 FIBERGLASS IN RM# 121 SPACE# 2121 -' at R042 (P.S. 42 - STATEN ISLAND)"
SCA0000074928|X062,physical,,,review: environmental hygiene testing at one school (work at a particular place),reviewed,"2xh6-psuq version 2026-08-04, SCA0000074928|X062: SCA IEH: 'PO18-ABATE SOFT CONCRETE FILLER WHERE WOOD FLOOR IS BUCKLING IN ROOM 304. APPROX. 5' X 10' OF DAMAGE' at X062 (P.S. 62 - BRONX)"
SCA0000074932|X842,physical,,,review: environmental hygiene testing at one school (work at a particular place),reviewed,"2xh6-psuq version 2026-08-04, SCA0000074932|X842: SCA IEH: 'PO18-ABATE AND REPLACE 9X9 FLOOR TILES IN 2ND FLOOR HALLWAY SPACE ID #3000' at X842 (X168 SPED - BRONX)"
SCA0000074933|X843,physical,,,review: environmental hygiene testing at one school (work at a particular place),reviewed,"2xh6-psuq version 2026-08-04, SCA0000074933|X843: SCA IEH: 'PO18-ABATE AND REPLACE DAMAGED FLOOR TILES, AND REPAIR DAMAGED PIPE INSULATION SPACES' at X843 (P.S. 246 - BRONX)"
SCA0000074934|X827,physical,,,review: environmental hygiene testing at one school (work at a particular place),reviewed,"2xh6-psuq version 2026-08-04, SCA0000074934|X827: SCA IEH: 'PO18-ABATE AND REPLACE DAMAGED CERAMIC TILE MASTIC WALL AND FLOOR SPACES #1124A, 1128A, 1123A, 1127A' at X827 (P.S. 226 - BRONX)"
SCA0000074936|R014,physical,,,review: environmental hygiene testing at one school (work at a particular place),reviewed,"2xh6-psuq version 2026-08-04, SCA0000074936|R014: SCA IEH: 'PO18-ABATE 9X9 FLOOR TILES AT STAIRCASE C SPACE ID# 1000C ABATE 9X9 FLOOR TILE MASTIC AT STAIRCASE F' at R014 (P.S. 078 - STATEN ISLAND)"
SCA0000074938|X780,physical,,,review: environmental hygiene testing at one school (work at a particular place),reviewed,"2xh6-psuq version 2026-08-04, SCA0000074938|X780: SCA IEH: 'PO18-ABATE AND REPLACE DAMAGED FLOOR TILES #300, 3002 AND REPAIR DAMAGED PIPE INSULATION #1100' at X780 (SUCCESS ACADEMY CHARTER SCHOOL - HARLEM 6)"
SCA0000074939|X445,physical,,,review: environmental hygiene testing at one school (work at a particular place),reviewed,"2xh6-psuq version 2026-08-04, SCA0000074939|X445: SCA IEH: 'PO18-ABATE AND REPAIR DAMAGED FLOOR TILES' at X445 (BRONX HS OF SCIENCE - X)"
SCA0000074941|X435,physical,,,review: environmental hygiene testing at one school (work at a particular place),reviewed,"2xh6-psuq version 2026-08-04, SCA0000074941|X435: SCA IEH: 'PO18-ABATE AND REPLACE DAMAGED FLOOR IN GIRLS SWIMMING POOL #1035' at X435 (FORDHAM HS FOR THE ARTS - BRONX)"
SCA0000074944|X410,physical,,,review: environmental hygiene testing at one school (work at a particular place),reviewed,"2xh6-psuq version 2026-08-04, SCA0000074944|X410: SCA IEH: 'PO18-ABATE FELT PAPER UNDER WOOD FLOOR SPACE ID  #4323,4325,4329' at X410 (HS OF BUSINESS - BRONX)"
SCA0000074945|X405,physical,,,review: environmental hygiene testing at one school (work at a particular place),reviewed,"2xh6-psuq version 2026-08-04, SCA0000074945|X405: SCA IEH: 'PO18-ABATE AND REPLACE DAMAGED FLOOR TILES BASEMENT HALLWAY #1000' at X405 (HERBERT H. LEHMAN HS - X)"
SCA0000074946|M107,physical,,,review: environmental hygiene testing at one school (work at a particular place),reviewed,"2xh6-psuq version 2026-08-04, SCA0000074946|M107: SCA IEH: 'PO18-SOME AREAS WERE IDENTIFIED IN THE AHERA PERIODIC SURVEALLANCE AS RESPONSE ACTION DUE TO OBSERVE' at M107 (THE HERITAGE SCHOOL - MANHATTAN)"
SCA0000074948|X206,physical,,,review: environmental hygiene testing at one school (work at a particular place),reviewed,"2xh6-psuq version 2026-08-04, SCA0000074948|X206: SCA IEH: 'PO18-ABATE LABORATORY COUNTER TOP LVL 4 IN 309 - SOCIAL WORKERS OFFICE (SPACE ID #4309) ABATE 12 X 1' at X206 (I.S. 206B - BRONX)"
SCA0000074949|X311,physical,,,review: environmental hygiene testing at one school (work at a particular place),reviewed,"2xh6-psuq version 2026-08-04, SCA0000074949|X311: SCA IEH: 'PO18-ABATE 9*9 FLOOR TILES LVL 2 GREEN SPACE ID : #2110 ABATE 9*9 FLOOR TILES LVL 3 LIGHT BROWN SPAC' at X311 (THE STEAM BRIDGE SCHOOL - BRONX)"
SCA0000074954|M183,physical,,,review: environmental hygiene testing at one school (work at a particular place),reviewed,"2xh6-psuq version 2026-08-04, SCA0000074954|M183: SCA IEH: 'PO18-SOME AREAS WERE IDENTIFIED IN THE AHERA PERIIODIC SURVEALLANCE AS RESPONSE ACTION DUE TO OBSERV' at M183 (P.S. 183 - MANHATTAN)"
SCA0000074955|X170,physical,,,review: environmental hygiene testing at one school (work at a particular place),reviewed,"2xh6-psuq version 2026-08-04, SCA0000074955|X170: SCA IEH: 'PO18-ABATE SOFT CONCRETE FILLIER FLOORING LVL 2 SPACE ID :-#2111& 2112' at X170 (P.S. 170 - BRONX)"
SCA0000074956|R075,physical,,,review: environmental hygiene testing at one school (work at a particular place),reviewed,"2xh6-psuq version 2026-08-04, SCA0000074956|R075: SCA IEH: 'PO18-ABATE WALL BOARD MASTIC IN ROOM 301 SPACE ID# 4301, 45 SQFT CERAMIC TILE MASTIC  FLOOR IN SPACE' at R075 (I.S. 75 - STATEN ISLAND)"
SCA0000074957|R029,physical,,,review: environmental hygiene testing at one school (work at a particular place),reviewed,"2xh6-psuq version 2026-08-04, SCA0000074957|R029: SCA IEH: 'PO18-2117A-SLOP SINK-CERAMIC TILE MASTIC FLOOR 2SQFT 3228 - 228 SLOP SINK - CERAMIC TILE MASTIC FLOO' at R029 (P.S. 29 - STATEN ISLAND)"
SCA0000074958|K485,physical,,,review: environmental hygiene testing at one school (work at a particular place),reviewed,"2xh6-psuq version 2026-08-04, SCA0000074958|K485: SCA IEH: 'PO18-PERFORM ACM ABATEMENT (WALL PLASTER) 1ST FLOOR HALLWAY WALLS (SPACE ID 4000) - APPROX 20 SSQ FT' at K485 (TELECOM. ARTS & TECH. HS - K)"
SCA0000074959|R440,physical,,,review: environmental hygiene testing at one school (work at a particular place),reviewed,"2xh6-psuq version 2026-08-04, SCA0000074959|R440: SCA IEH: 'PO18-PIPE JOINT TO WHITE AIRCELL PIPE INSULATION - 1060I - 2SQFT WHITE AIRCELL PIPE INSULATION - 100' at R440 (STATEN ISLAND TECHNICAL HS - R)"
SCA0000074960|K265,physical,,,review: environmental hygiene testing at one school (work at a particular place),reviewed,"2xh6-psuq version 2026-08-04, SCA0000074960|K265: SCA IEH: 'PO18-ABATE & REPAIR BASEMENT CORRIDOR CEILING BY B47 FOR ACM' at K265 (I.S. 265 - BROOKLYN)"
SCA0000074962|R455,physical,,,review: environmental hygiene testing at one school (work at a particular place),reviewed,"2xh6-psuq version 2026-08-04, SCA0000074962|R455: SCA IEH: 'PO18-2D129A - SOFT CONCRETE FILLER FLOORING MATERIAL - 15 SQFT 3A206 - CERAMIC TILE MASTIC FLOOR - 8' at R455 (TOTTENVILLE HS - STATEN ISLAND)"
SCA0000074965|X162,physical,,,review: environmental hygiene testing at one school (work at a particular place),reviewed,"2xh6-psuq version 2026-08-04, SCA0000074965|X162: SCA IEH: 'PO18-ABATE/REPLACE 9 X 9 FLOOR TILES MASTIC (BEIGE)  IN LVL 1 : STARIWELL D (SPACE ID #1004S) ABATE/' at X162 (HOSTOS-LINCOLN ACADEMY OF SCIENCE)"
SCA0000074966|X151,physical,,,review: environmental hygiene testing at one school (work at a particular place),reviewed,"2xh6-psuq version 2026-08-04, SCA0000074966|X151: SCA IEH: 'PO18-ABATE 9*9 FLOOR TILES LVL 4 OFF WHITE SPACE ID #4373' at X151 (SCHOOL BASED HEALTH CENTER - BRONX)"
SCA0000074967|X147,physical,,,review: environmental hygiene testing at one school (work at a particular place),reviewed,"2xh6-psuq version 2026-08-04, SCA0000074967|X147: SCA IEH: 'PO18-ABATE CAFETERIA 12*12 FLOOR TILES  LIGHT GREEN -WHITE LINES SPACE ID # 2101 ABATE GIRLSTOILET W' at X147 (I.S. 339 - BRONX)"
SCA0000074968|X134,physical,,,review: environmental hygiene testing at one school (work at a particular place),reviewed,"2xh6-psuq version 2026-08-04, SCA0000074968|X134: SCA IEH: 'PO18-ABATE/REPLACE PIPE INSULATION : BROWN LAYERED PAPER PIPE INSULAION IN CRAWLSPACE (SPACE ID#1001' at X134 (P.S. 134 - BRONX)"
SCA0000074971|X150,physical,,,review: environmental hygiene testing at one school (work at a particular place),reviewed,"2xh6-psuq version 2026-08-04, SCA0000074971|X150: SCA IEH: 'PO18-ABATE FLOORING MATERIALS IN LVL 1: STAIRCASE B (SPACE ID#1002S) ABATE FLOORING MATERIALS IN LVL' at X150 (P.S. 150 - BRONX)"
SCA0000074974|K016,physical,,,review: environmental hygiene testing at one school (work at a particular place),reviewed,"2xh6-psuq version 2026-08-04, SCA0000074974|K016: SCA IEH: 'PO18-ABATE & REMOVE PIPE WRAPPING FROM MULTIPLE CLASSROOMS PIPE WRAPPING IS DETERIORATING AND FLAKIN' at K016 (P.S. 16 - BROOKLYN)"
SCA0000074976|X084,physical,,,review: environmental hygiene testing at one school (work at a particular place),reviewed,"2xh6-psuq version 2026-08-04, SCA0000074976|X084: SCA IEH: 'PO18-ABATE AND REPAIR DAMAGED BOILER BREECHING INSULATION BOILER ROOM #B12' at X084 (X811 SPED - BRONX)"
SCA0000074989|K243,physical,,,review: environmental hygiene testing at one school (work at a particular place),reviewed,"2xh6-psuq version 2026-08-04, SCA0000074989|K243: SCA IEH: 'PO18-ABATE FUEL OIL PIPE INSULATION FOR BOILER CONVERSION LOCATION IS MARKED AT BOILER AND PUMP SET' at K243 (P.S. 243 - BROOKLYN)"
SCA0000074996|M844,physical,,,review: environmental hygiene testing at one school (work at a particular place),reviewed,"2xh6-psuq version 2026-08-04, SCA0000074996|M844: SCA IEH: 'PO18-ABATE PIPE INSULATION  3RD FL BOYS BATHROOM TO REPAIR THE LEAK SPACE ID# 4338.' at M844 (M721 SPED - MANHATTAN)"
SCA0000074999|X862,physical,,,review: environmental hygiene testing at one school (work at a particular place),reviewed,"2xh6-psuq version 2026-08-04, SCA0000074999|X862: SCA IEH: 'PO18-ABATE AND REPLACE DAMAGED FLOOR TILES AND PIPE INSULATION' at X862 (MOTT HALL CHARTER SCHOOL)"
SCA0000075000|R001,physical,,,review: environmental hygiene testing at one school (work at a particular place),reviewed,"2xh6-psuq version 2026-08-04, SCA0000075000|R001: SCA IEH: 'PO18-ABATE & REPLACE 9X9 FLOOR TILES UNDER THE 12X12 APPROX. 1399 SQFT IN 1ST FLOOR HALLWAY SPACE ID' at R001 (P.S. 1 - STATEN ISLAND)"
SCA0000075005|X004,physical,,,review: environmental hygiene testing at one school (work at a particular place),reviewed,"2xh6-psuq version 2026-08-04, SCA0000075005|X004: SCA IEH: 'PO18-ABATE CLOSET IN CLASSROMM 201 FELT PAPER UNDER WOOD FLOOR & CEILING PLASTER - SPACE ID #3201A A' at X004 (P.S. 4 - BRONX)"
SCA0000075007|X053,physical,,,review: environmental hygiene testing at one school (work at a particular place),reviewed,"2xh6-psuq version 2026-08-04, SCA0000075007|X053: SCA IEH: 'PO18-ABATE AND REPAIR FLOOR TILES AND FLOORING MATERIALS' at X053 (P.S. 53 - BRONX)"
SCA0000075008|X087,physical,,,review: environmental hygiene testing at one school (work at a particular place),reviewed,"2xh6-psuq version 2026-08-04, SCA0000075008|X087: SCA IEH: 'PO18-SOME AREAS  WERE IDENTIFIED IN THE AHERA PERIODIC SURVEILLANCE AS A RESPONSE ACTION DUE TO OBSE' at X087 (P.S. 87 - BRONX)"
SCA0000075009|X061,physical,,,review: environmental hygiene testing at one school (work at a particular place),reviewed,"2xh6-psuq version 2026-08-04, SCA0000075009|X061: SCA IEH: 'PO18-AMATE AND REPAIR FLOORING MATERILAS AND WALL BOARD MASTIC.' at X061 (P.S. 61 - BRONX)"
SCA0000075010|X080,physical,,,review: environmental hygiene testing at one school (work at a particular place),reviewed,"2xh6-psuq version 2026-08-04, SCA0000075010|X080: SCA IEH: 'PO18-ABATE & REPAIR PIPE JOINT TO MAGNESIA PIPE INSULATION, SOFT CONCRETE FILLER FLOORING &12*12 FLO' at X080 (P.S. 280 - BRONX)"
SCA0000075011|Q042,physical,,,review: environmental hygiene testing at one school (work at a particular place),reviewed,"2xh6-psuq version 2026-08-04, SCA0000075011|Q042: SCA IEH: 'PO18-IF POSITIVE ABATE & REPLACE  DAMAGED  FLOORING ROOM NUMBERS 320 &  619' at Q042 (P.S. 42 - QUEENS)"
SCA0000075012|M013,physical,,,review: environmental hygiene testing at one school (work at a particular place),reviewed,"2xh6-psuq version 2026-08-04, SCA0000075012|M013: SCA IEH: 'PO18-ABATE/ REPLACE ENTIRE CEILING TILES IN THE CAFETERIA SPACE ID# 1004 DUE TO FLOODS WHEN IT RAINS' at M013 (P.S. 497 - MANHATTAN)"
SCA0000075013|M017,physical,,,review: environmental hygiene testing at one school (work at a particular place),reviewed,"2xh6-psuq version 2026-08-04, SCA0000075013|M017: SCA IEH: 'PO18-ABATE WALL IN WEST SIDE HALLWAY ( BASEMENT) TO DRILL HOLES TO REPLACED THE COMMUNICATION CABLE' at M017 (P.S. 212 - MANHATTAN)"
SCA0000075015|M013,physical,,,review: environmental hygiene testing at one school (work at a particular place),reviewed,"2xh6-psuq version 2026-08-04, SCA0000075015|M013: SCA IEH: 'PO18-ABATE/ REPLACE AUDITORIUM FLOOR TILES  SPACE ID# 2001' at M013 (P.S. 497 - MANHATTAN)"
SCA0000075017|K090,physical,,,review: environmental hygiene testing at one school (work at a particular place),reviewed,"2xh6-psuq version 2026-08-04, SCA0000075017|K090: SCA IEH: 'PO18-PERFORM  ABATEMENT & REPLACEMENT MEDICAL ROOM 100 - SPACE ID 2100C ABATEMENT & REPLACE FLOOR TI' at K090 (P.S. 90 - BROOKLYN)"
SCA0000075018|M036,physical,,,review: environmental hygiene testing at one school (work at a particular place),reviewed,"2xh6-psuq version 2026-08-04, SCA0000075018|M036: SCA IEH: 'PO18-ABATE AND REPLACE 12*12 FLOOR TILES LVL 4 BEIGE IN THE FOLLOWING SPACES LUNCH ROOM ( AREA #2) S' at M036 (P.S. 36 - MANHATTAN)"
SCA0000075021|X476,physical,,,review: environmental hygiene testing at one school (work at a particular place),reviewed,"2xh6-psuq version 2026-08-04, SCA0000075021|X476: SCA IEH: 'PO18-ABATE AND REPLACE DAMAGED FLOOR STORAGE SPACE #1000' at X476 (BX ENGINEERING & TECH ACADEMY - X)"
SCA0000075022|X167,physical,,,review: environmental hygiene testing at one school (work at a particular place),reviewed,"2xh6-psuq version 2026-08-04, SCA0000075022|X167: SCA IEH: 'PO18-ABATE AND REPLACE DAMAGED FLOOR TILES ROOMS #139, 337, 243, C2, WOMENS LOCKER ROOM, MENS LOCKER' at X167 (P.S. 214 - BRONX)"
SCA0000075028|K208,physical,,,review: environmental hygiene testing at one school (work at a particular place),reviewed,"2xh6-psuq version 2026-08-04, SCA0000075028|K208: SCA IEH: 'PO18-ABATE AND DRILL CORE DRILLING THROUGH THE FLOOR IN ROOM 351 MARKED WITH WHITE TAPE AND SIZE IS' at K208 (P.S. 208 - BROOKLYN)"
SCA0000075033|M022,physical,,,review: environmental hygiene testing at one school (work at a particular place),reviewed,"2xh6-psuq version 2026-08-04, SCA0000075033|M022: SCA IEH: 'PO18-AREAS WERE INDENTIFIED DURING THE AHERA PERIODIC SURVEILLANCE AS RESPONSE ACTIONS DUE TO OBSERV' at M022 (NEW EXPLORATIONS - M)"
SCA0000075037|X122,physical,,,review: environmental hygiene testing at one school (work at a particular place),reviewed,"2xh6-psuq version 2026-08-04, SCA0000075037|X122: SCA IEH: 'PO18-SOME AREAS  WERE IDENTIFIED IN THE AHERA PERIODIC SURVEILLANCE AS A RESPONSE ACTION DUE TO OBSE' at X122 (P.S. 310 - BRONX)"
SCA0000075038|X919,physical,,,review: environmental hygiene testing at one school (work at a particular place),reviewed,"2xh6-psuq version 2026-08-04, SCA0000075038|X919: SCA IEH: 'PO18-SOME AREAR WERE IDENTIFIED IN THE AHERA PERIODIC SURVEILLANCE AS A RESPONSE ACTION DUE TO OBSER' at X919 (P.S. 89 - BRONX)"
SCA0000075039|X127,physical,,,review: environmental hygiene testing at one school (work at a particular place),reviewed,"2xh6-psuq version 2026-08-04, SCA0000075039|X127: SCA IEH: 'PO18-SOME AREAS WERE IDENTIFIED IN THE AHERA PERIODIC SURVEILLANCE AS A RESPONSE ACTION DUE TO OBSER' at X127 (I.S. 127 - BRONX)"
SCA0000075041|X109,physical,,,review: environmental hygiene testing at one school (work at a particular place),reviewed,"2xh6-psuq version 2026-08-04, SCA0000075041|X109: SCA IEH: 'PO18-SOME AREAS  WERE IDENTIFIED IN THE AHERA PERIODIC SURVEILLANCE AS A RESPONSE ACTION DUE TO OBSE' at X109 (P.S. 109 - BRONX)"
SCA0000075042|X444,physical,,,review: environmental hygiene testing at one school (work at a particular place),reviewed,"2xh6-psuq version 2026-08-04, SCA0000075042|X444: SCA IEH: 'PO18-SOME AREAS WERE IDENTIFIED IN THE AHERA PERIODIC SURVEILLANCE AS A RESPONSE ACTION DUE TO OBSER' at X444 (ROSE HILL PRE-K CENTER)"
SCA0000075043|M173,physical,,,review: environmental hygiene testing at one school (work at a particular place),reviewed,"2xh6-psuq version 2026-08-04, SCA0000075043|M173: SCA IEH: 'PO18-SOME AREAS WERE IDENTIFIED IN THE AHERA PERIODIC SURVEILLANCE AS A RESPONSE ACTION DUE TO OBSER' at M173 (P.S./I.S. 173 - MANHATTAN)"
SCA0000075045|X822,physical,,,review: environmental hygiene testing at one school (work at a particular place),reviewed,"2xh6-psuq version 2026-08-04, SCA0000075045|X822: SCA IEH: 'PO18-ABAT E AND REPLACE FLOORING MATERIALS' at X822 (P.S. 310 - BRONX)"
SCA0000075046|M480,physical,,,review: environmental hygiene testing at one school (work at a particular place),reviewed,"2xh6-psuq version 2026-08-04, SCA0000075046|M480: SCA IEH: 'PO18-SOME AREAS WERE IDENTIFIED IN THE AHERA PERIODIC SURVEILLANCE AS A RESPONSE ACTION DUE TO OBSER' at M480 (P.S. 225 - MANHATTAN)"
SCA0000075047|X172,physical,,,review: environmental hygiene testing at one school (work at a particular place),reviewed,"2xh6-psuq version 2026-08-04, SCA0000075047|X172: SCA IEH: 'PO18-ABATE AND REPAIR FLOORING MATERIALS' at X172 (P.S. 11 - BRONX)"
SCA0000075048|X092,physical,,,review: environmental hygiene testing at one school (work at a particular place),reviewed,"2xh6-psuq version 2026-08-04, SCA0000075048|X092: SCA IEH: 'PO18-ABATE AND REPLACE FLOOR IN THE FOLLOWING SPACES SPACE ID 3221 - CLASSROOM 221 - SOFT CONCRETE F' at X092 (X352 SPED - BRONX)"
SCA0000075049|X113,physical,,,review: environmental hygiene testing at one school (work at a particular place),reviewed,"2xh6-psuq version 2026-08-04, SCA0000075049|X113: SCA IEH: 'PO18-ABATE & TEST 9*9 FLOOR TILES LVL 2 CLASSROOM @ SPACE ID  #137' at X113 (SCHOOL OF DIPLOMACY)"
SCA0000075050|X081,physical,,,review: environmental hygiene testing at one school (work at a particular place),reviewed,"2xh6-psuq version 2026-08-04, SCA0000075050|X081: SCA IEH: 'PO18-ABATE AND REPAIR SOFT CONCRETE FILLER FLOORING LVL 4- SPACE ID # 4204 ABATE AND REPAIR CERAMIC' at X081 (P.S. 81 - BRONX)"
SCA0000075051|R455,physical,,,review: environmental hygiene testing at one school (work at a particular place),reviewed,"2xh6-psuq version 2026-08-04, SCA0000075051|R455: SCA IEH: 'PO18-1D024E-BOILER ROOM-WHITE AIRCELL PIPE INSULATION & PIPE JOINT- 42LF 3M208A-STORAGE ROOM-9X9 FLO' at R455 (TOTTENVILLE HS - STATEN ISLAND)"
SCA0000075052|X045,physical,,,review: environmental hygiene testing at one school (work at a particular place),reviewed,"2xh6-psuq version 2026-08-04, SCA0000075052|X045: SCA IEH: 'PO18-ABATE AND REPLACE WALL & PIPE INSTILLATION IN DIFFERENT ROOMS' at X045 (I.S. 45 - BRONX)"
SCA0000075053|Q480,physical,,,review: environmental hygiene testing at one school (work at a particular place),reviewed,"2xh6-psuq version 2026-08-04, SCA0000075053|Q480: SCA IEH: 'PO18-77/27Q480/ FLOOR IN ROOM 132 ABATE AND REPLACE' at Q480 (JOHN ADAMS HS - QUEENS)"
SCA0000075055|Q134,physical,,,review: environmental hygiene testing at one school (work at a particular place),reviewed,"2xh6-psuq version 2026-08-04, SCA0000075055|Q134: SCA IEH: 'PO18-ABATE AND REPAIR/REPLACE DAMAGED AREAS IDENTIFIED IN PERIODIC SURVEILLANCE' at Q134 (P.S. 134 - QUEENS)"
SCA0000075056|Q192,physical,,,review: environmental hygiene testing at one school (work at a particular place),reviewed,"2xh6-psuq version 2026-08-04, SCA0000075056|Q192: SCA IEH: 'PO18-ABATE AND REPAIR / REPLACE DAMAGED AREAS IN SPACE ID# 3256, ROOM 256 CLASSROOM - WALL BOARD MAS' at Q192 (I.S. 192 - QUEENS)"
SCA0000075058|K254,physical,,,review: environmental hygiene testing at one school (work at a particular place),reviewed,"2xh6-psuq version 2026-08-04, SCA0000075058|K254: SCA IEH: 'PO18-ABATE AND REMOVE PIPE INSULATION  TWO(2) DRAIN LINE INSULATION IN BOILER ROOM, APPROX 150 LFT' at K254 (P.S. 254 - BROOKLYN)"
SCA0000075059|Q595,physical,,,review: environmental hygiene testing at one school (work at a particular place),reviewed,"2xh6-psuq version 2026-08-04, SCA0000075059|Q595: SCA IEH: 'PO18-ABATE & REPLACE FLOOR IN RM 204' at Q595 (QUEENS SATELLITE HS FOR OPPORTUNITY - Q)"
SCA0000075060|X144,physical,,,review: environmental hygiene testing at one school (work at a particular place),reviewed,"2xh6-psuq version 2026-08-04, SCA0000075060|X144: SCA IEH: 'PO18-ABATE AND REPLACE FLOORING MATERIALS' at X144 (I.S. 144 - BRONX)"
SCA0000075076|X154,physical,,,review: environmental hygiene testing at one school (work at a particular place),reviewed,"2xh6-psuq version 2026-08-04, SCA0000075076|X154: SCA IEH: 'PO18-SOME AREAS  WERE IDENTIFIED IN THE AHERA PERIODIC SURVEILLANCE AS A RESPONSE ACTION DUE TO OBSE' at X154 (P.S. 154 - BRONX)"
SCA0000075077|X021,physical,,,review: environmental hygiene testing at one school (work at a particular place),reviewed,"2xh6-psuq version 2026-08-04, SCA0000075077|X021: SCA IEH: 'PO18-ABATE AND REPLACE 12*12 FLOOR TILES LVL 1 RED IN BASEMENT HALLWAY - SPACE ID 1000B APPROXIMATEL' at X021 (P.S. 21 - BRONX)"
SCA0000075079|Q122,physical,,,review: environmental hygiene testing at one school (work at a particular place),reviewed,"2xh6-psuq version 2026-08-04, SCA0000075079|Q122: SCA IEH: 'PO18-WOOD FLOOR REPLACEMENT 302,306 AND 309 FOR REPLACEMENT TO 12X12 VCT TILES ASSIGNED TO SCA AS PO' at Q122 (P.S. 122 - QUEENS)"
SCA0000075080|X078,physical,,,review: environmental hygiene testing at one school (work at a particular place),reviewed,"2xh6-psuq version 2026-08-04, SCA0000075080|X078: SCA IEH: 'PO18-ABATE AND REPAIR 9*9 FLOOR TILES & FELT PAPER UNDER WOOD,SOFT CONCERATE FILLER FLOORING & BROWN' at X078 (P.S. 78 - BRONX)"
SCA0000075084|Q189,physical,,,review: environmental hygiene testing at one school (work at a particular place),reviewed,"2xh6-psuq version 2026-08-04, SCA0000075084|Q189: SCA IEH: 'PO18-77/25Q189/OPEN CEILING AND ABATE ANY ACM ABOVE THAT IS ON THE LEAKING PIPE AND CLEAN UP ABOVE C' at Q189 (THE FLUSHING INTERNATIONAL HS - Q)"
SCA0000075094|R008,physical,,,review: environmental hygiene testing at one school (work at a particular place),reviewed,"2xh6-psuq version 2026-08-04, SCA0000075094|R008: SCA IEH: 'PO18-ABATE & REPLACE  ENTIRE DAMAGED ACM FLOOR IN ROOM# B8' at R008 (P.S. 8 - STATEN ISLAND)"
SCA0000075105|K232,physical,,,review: environmental hygiene testing at one school (work at a particular place),reviewed,"2xh6-psuq version 2026-08-04, SCA0000075105|K232: SCA IEH: 'PO18-ABATE AND REMOVE STORAGE AREA (1017) - PIPE INSULATION' at K232 (MIDDLE SCHL MEDIA, LAW AND FINE ARTS - K)"
SCA0000075107|Q181,physical,,,review: environmental hygiene testing at one school (work at a particular place),reviewed,"2xh6-psuq version 2026-08-04, SCA0000075107|Q181: SCA IEH: 'PO18-TEST ALL LAYERS 12 X 12 FLOOR TILES 2ND FL CORRIDOR & RM 211 IF POSITIVE ABATE AND REPLACE' at Q181 (P.S. 181 - QUEENS)"
SCA0000075108|M197,physical,,,review: environmental hygiene testing at one school (work at a particular place),reviewed,"2xh6-psuq version 2026-08-04, SCA0000075108|M197: SCA IEH: 'PO18-ACM DRILLING NEEDED IN KITCHEN CEILING ( SPACE ID# 2001) CONTRACTOR REQUESTED 18 HOLES, 1/2 DIA' at M197 (P.S. 197 - MANHATTAN)"
SCA0000075114|R041,physical,,,review: environmental hygiene testing at one school (work at a particular place),reviewed,"2xh6-psuq version 2026-08-04, SCA0000075114|R041: SCA IEH: 'PO18-ABATE 12X12 FLOOR TILES  IN 2ND FLOOR HALLWAY SPACE ID# 3000, 12X12 FLOOR TILES & MASTIC IN 2ND' at R041 (P.S. 41 - STATEN ISLAND)"
SCA0000075118|M600,physical,,,review: environmental hygiene testing at one school (work at a particular place),reviewed,"2xh6-psuq version 2026-08-04, SCA0000075118|M600: SCA IEH: 'PO18-ABATEMENT OF GALVANIZED PIPING FROM THE 5TH FLOOR TO THE BASEMENT (ROOMS 523, 423, 323, 221, 12' at M600 (FASHION INDUSTRIES VOC HS - M)"
SCA0000075119|M161,physical,,,review: environmental hygiene testing at one school (work at a particular place),reviewed,"2xh6-psuq version 2026-08-04, SCA0000075119|M161: SCA IEH: 'PO18-/ABATE RADIATOR COVERS AND RADIATOR INSULATION WALL' at M161 (P.S. 161 - MANHATTAN)"
SCA0000075121|M110,physical,,,review: environmental hygiene testing at one school (work at a particular place),reviewed,"2xh6-psuq version 2026-08-04, SCA0000075121|M110: SCA IEH: 'PO18-ABATE WALL PLASTER IN OFFICE (SPACE ID# 3204A) DUE TO A DAMAGE PLASTER FROM FALLEN SOAP DISPENS' at M110 (P.S. 110 - MANHATTAN)"
SCA0000075122|Q425,physical,,,review: environmental hygiene testing at one school (work at a particular place),reviewed,"2xh6-psuq version 2026-08-04, SCA0000075122|Q425: SCA IEH: 'PO18-REPLACE APPROX. 80 SQ. FT. OF 9' X 9' ACM CONTAINING FLOOR TILES IN ROOM 137. NOTE: THERE WAS A' at Q425 (JOHN BOWNE HS - QUEENS)"
SCA0000075123|M110,physical,,,review: environmental hygiene testing at one school (work at a particular place),reviewed,"2xh6-psuq version 2026-08-04, SCA0000075123|M110: SCA IEH: 'PO18-/ABATE WALL TILES IN THE NURSE BATHROOM (SPACE ID# 2008C) DUE TO SINK AND TILES FALLING OFF THE' at M110 (P.S. 110 - MANHATTAN)"
SCA0000075128|M233,physical,,,review: environmental hygiene testing at one school (work at a particular place),reviewed,"2xh6-psuq version 2026-08-04, SCA0000075128|M233: SCA IEH: 'PO18-ABATE WALL PLASTER IN THE KITCHEN ( SPACE ID# 1011) DUE TO HEATING PIPES BEING BEHIND THE WALL' at M233 (ALTERNATE LEARNING CENTER - MANHATTAN)"
SCA0000075133|Q595,physical,,,review: environmental hygiene testing at one school (work at a particular place),reviewed,"2xh6-psuq version 2026-08-04, SCA0000075133|Q595: SCA IEH: 'PO18-ABATE & REPLACE FLOOR TILES IN 1ST FLOOR HALLWAY' at Q595 (QUEENS SATELLITE HS FOR OPPORTUNITY - Q)"
SCA0000075135|K780,physical,,,review: environmental hygiene testing at one school (work at a particular place),reviewed,"2xh6-psuq version 2026-08-04, SCA0000075135|K780: SCA IEH: 'PO18-DRILL AND ABATE THE FOLLOWING: CORE DRILL (1) 2-1/2' HOLE LOCATED IN ROOM 118 (SPACE ID 2118).' at K780 (DISTRICT 20 PRE-K CENTER)"
SCA0000075143|K040,physical,,,review: environmental hygiene testing at one school (work at a particular place),reviewed,"2xh6-psuq version 2026-08-04, SCA0000075143|K040: SCA IEH: 'PO18-ABATE TILE WALL IN KITCHEN AREA MARKED WITH GRAY TAPE, AHERA SPACE ID' at K040 (P.S. 40 - BROOKLYN)"
SCA0000075146|Q450,physical,,,review: environmental hygiene testing at one school (work at a particular place),reviewed,"2xh6-psuq version 2026-08-04, SCA0000075146|Q450: SCA IEH: 'PO18-TEST FOR ACM, ABATE IF POSITIVE PIPE INSULATION LOCATED IN BOILER ROOM MARKED WITH RED SPRAY PA' at Q450 (NEWCOMERS HIGH SCHOOL - Q)"
SCA0000075149|Q237,physical,,,review: environmental hygiene testing at one school (work at a particular place),reviewed,"2xh6-psuq version 2026-08-04, SCA0000075149|Q237: SCA IEH: 'PO18-TEST WALLS AND FLOOR IN RM 205A FOR ACM' at Q237 (J.H.S. 237 - QUEENS)"
SCA0000075158|M165,physical,,,review: environmental hygiene testing at one school (work at a particular place),reviewed,"2xh6-psuq version 2026-08-04, SCA0000075158|M165: SCA IEH: 'PO18-ROOM 201, 9X9 ACM TILES NEED TO BE REMOVED AND SUB-FLOOR NEEDS TO BE REPLACED AS WELL AS VINYL' at M165 (P.S. 165 - MANHATTAN)"
SCA0000075159|K160,physical,,,review: environmental hygiene testing at one school (work at a particular place),reviewed,"2xh6-psuq version 2026-08-04, SCA0000075159|K160: SCA IEH: 'PO18-ABATE AND REPLACE DAMAGED FLOOR TILES ROOM 201 SPACE ID 3201 ROOM 207 SPACE ID 3207' at K160 (P.S. 160 - BROOKLYN)"
SCA0000075162|K265,physical,,,review: environmental hygiene testing at one school (work at a particular place),reviewed,"2xh6-psuq version 2026-08-04, SCA0000075162|K265: SCA IEH: 'PO18-TEST AND ABATE LOOSE PIPE INSULATION, PAINTED RED APPROX 15 LINEAR FT. PIPE INSULATION DEBRIS O' at K265 (I.S. 265 - BROOKLYN)"
SCA0000075165|K420,physical,,,review: environmental hygiene testing at one school (work at a particular place),reviewed,"2xh6-psuq version 2026-08-04, SCA0000075165|K420: SCA IEH: 'PO18-PLEASE ABATE APPROX 40 LINEAR FT OF ACM PIPE INSULATION FROM STEAM PIPE IN THE GIRLS SHOWER ROO' at K420 (BROOKLYN LAB SCHOOL - BROOKLYN)"
SCA0000075166|Q425,physical,,,review: environmental hygiene testing at one school (work at a particular place),reviewed,"2xh6-psuq version 2026-08-04, SCA0000075166|Q425: SCA IEH: 'PO18-EMERGENCY AIR MONITORING SERVICE AT AUDITORIUM ACM FIRE CURTAIN PARTIALLY CAME DOWN DUE TO BROK' at Q425 (JOHN BOWNE HS - QUEENS)"
SCA0000075168|M030,physical,,,review: environmental hygiene testing at one school (work at a particular place),reviewed,"2xh6-psuq version 2026-08-04, SCA0000075168|M030: SCA IEH: 'PO18-ABATE 9X9 FLOOR TILES ON CAFETERIA (SPACE ID# 2400) DSF CONTRACTOR WILL DO THE REPLACEMENT OF T' at M030 (P.S. 30 - MANHATTAN)"
SCA0000075169|Q188,physical,,,review: environmental hygiene testing at one school (work at a particular place),reviewed,"2xh6-psuq version 2026-08-04, SCA0000075169|Q188: SCA IEH: 'PO18-ABATE PIPE INSULATION IN BASEMENT MARKED WITH YELLOW PAINT' at Q188 (P.S. 188 - QUEENS)"
SCA0000075172|K347,physical,,,review: environmental hygiene testing at one school (work at a particular place),reviewed,"2xh6-psuq version 2026-08-04, SCA0000075172|K347: SCA IEH: 'PO18-ABATE/OPEN MARKED FLOOR TO REPAIR PIPE LOC: ROOM 3111, 3RD FL, SINGLE STALL ADULT BATHROOM 2' X' at K347 (P.S. 321 - BROOKLYN)"
SCA0000075176|M047,physical,,,review: environmental hygiene testing at one school (work at a particular place),reviewed,"2xh6-psuq version 2026-08-04, SCA0000075176|M047: SCA IEH: 'PO18-ABATE/REPLACE 9X9  FLOOR TILES IN ROOM 218 ( SPACE ID# 4220) DUE TO DAMAGE FLOORS' at M047 (J.H.S. 47 (SCH FOR THE DEAF) - M)"
SCA0000075177|M064,physical,,,review: environmental hygiene testing at one school (work at a particular place),reviewed,"2xh6-psuq version 2026-08-04, SCA0000075177|M064: SCA IEH: 'PO18-ABATE/ REPLACE 9X9 ACM FLOOR TILES ON THE 2ND FLOOR HALLWAY (SPACE ID#4000) SQUARE FOOTAGE IS 4' at M064 (I.S. 839 - MANHATTAN)"
SCA0000075179|K160,physical,,,review: environmental hygiene testing at one school (work at a particular place),reviewed,"2xh6-psuq version 2026-08-04, SCA0000075179|K160: SCA IEH: 'PO18-PERFORM ABATEMENT ROOM 101 - SPACE ID 2101 TEST BROWN AIRCELL PIPE INSULATION' at K160 (P.S. 160 - BROOKLYN)"
SCA0000075180|M046,physical,,,review: environmental hygiene testing at one school (work at a particular place),reviewed,"2xh6-psuq version 2026-08-04, SCA0000075180|M046: SCA IEH: 'PO18-ABATE & REPLACE FLOOR TILES 1ST FLOOR HALLWAY LEADING TO MAIN OFFICE (SPACE ID# 2000E)' at M046 (P.S. 46 - MANHATTAN)"
SCA0000075181|Q177,physical,,,review: environmental hygiene testing at one school (work at a particular place),reviewed,"2xh6-psuq version 2026-08-04, SCA0000075181|Q177: SCA IEH: 'PO18-TEST FOR ACM, ABATE IF POSTIVE INSULATION AROUND OS&Y VALVE IN FAN ROOM INSULATION MARKED RED' at Q177 (Q177 SPED - QUEENS)"
SCA0000075183|Q169,physical,,,review: environmental hygiene testing at one school (work at a particular place),reviewed,"2xh6-psuq version 2026-08-04, SCA0000075183|Q169: SCA IEH: 'PO18-775Q169 ABATE WASTE LINE IN CRAWL SPACE FOR PRE-K BATHROOMS ABATE TO TURN TO TRUNK LINE APPROX' at Q169 (P.S. 169 - QUEENS)"
SCA0000075184|Q158,physical,,,review: environmental hygiene testing at one school (work at a particular place),reviewed,"2xh6-psuq version 2026-08-04, SCA0000075184|Q158: SCA IEH: 'PO18-VIOLATION # 35447738P. ABATE/REPLACE 9 X 9 TILES. TRIP HAZARD PLEASE REPAIR/ABATE 1,600 SQ FT O' at Q158 (J.H.S. 158 - QUEENS)"
SCA0000075185|R032,physical,,,review: environmental hygiene testing at one school (work at a particular place),reviewed,"2xh6-psuq version 2026-08-04, SCA0000075185|R032: SCA IEH: 'PO18-ABATE ACM FLOOR TILES - RM #236(ID #3236)' at R032 (P.S. 32 - STATEN ISLAND)"
SCA0000075190|Q126,physical,,,review: environmental hygiene testing at one school (work at a particular place),reviewed,"2xh6-psuq version 2026-08-04, SCA0000075190|Q126: SCA IEH: 'PO18-ABATE AND REPLACE DAMAGED FLOOR IN ROOM 211. THE FLOOR IN ROOM 211 HAS WATER DAMAGE FROM A BATH' at Q126 (I.S. 126 - QUEENS)"
SCA0000075191|K162,physical,,,review: environmental hygiene testing at one school (work at a particular place),reviewed,"2xh6-psuq version 2026-08-04, SCA0000075191|K162: SCA IEH: 'PO18-PLEASE DRILL THE WALL IN MARKED LOCATIONS PICTURES SHARED IN THE EMAIL- 1ST FLOOR KITCHEN & HAL' at K162 (I.S. 162 - BROOKLYN)"
SCA0000075196|X149,physical,,,review: environmental hygiene testing at one school (work at a particular place),reviewed,"2xh6-psuq version 2026-08-04, SCA0000075196|X149: SCA IEH: 'PO18-ABATE A SECTION OF CEILING IN BASEMENT STUDENST CAFETERIA AND ABATE PIPE INSULATON IN PLENUM OF' at X149 (I.S. 221 - BRONX)"
SCA0000075199|K249,physical,,,review: environmental hygiene testing at one school (work at a particular place),reviewed,"2xh6-psuq version 2026-08-04, SCA0000075199|K249: SCA IEH: 'PO18-PLEASE TEST AND ABATE 50' LINEAR FT OF PIPE INSULATION ON VERTICAL AND HORIZONTAL PIPES. LOCATE' at K249 (P.S. 249 - BROOKLYN)"
SCA0000075201|K285,physical,,,review: environmental hygiene testing at one school (work at a particular place),reviewed,"2xh6-psuq version 2026-08-04, SCA0000075201|K285: SCA IEH: 'PO18-PLEASE ABATE ACM 9X9 FLOOR TILES THAT NEED TO BE REMOVED AND REPLACE ROOM 106,107,118,202,206 M' at K285 (I.S. 285 - BROOKLYN)"
SCA0000075204|X011,physical,,,review: environmental hygiene testing at one school (work at a particular place),reviewed,"2xh6-psuq version 2026-08-04, SCA0000075204|X011: SCA IEH: 'PO18-RADIATOR ON 3RD FLOOR REMOVED WOOD UNDERNEATH NEEDS TO BE REPAIRED/REPLACED' at X011 (P.S. 11 - BRONX)"
SCA0000075205|R026,physical,,,review: environmental hygiene testing at one school (work at a particular place),reviewed,"2xh6-psuq version 2026-08-04, SCA0000075205|R026: SCA IEH: 'PO18-NEED TO DRILL 20  HOLES EACH HOLE HAS TO BE 2 INCH DEEP & 1/4' DIAMETER' at R026 (P.S./I.S. 26 - STATEN ISLAND)"
SCA0000075208|K111,physical,,,review: environmental hygiene testing at one school (work at a particular place),reviewed,"2xh6-psuq version 2026-08-04, SCA0000075208|K111: SCA IEH: 'PO18-ABATE 9X9 FLOOR TILES IIN 5 CLASSROOMS 9X9 TILES ARE LOOSE LOCATIONS: 319, 332, 334, 333, 339 A' at K111 (I.S. 349 - BROOKLYN)"
SCA0000075209|X082,physical,,,review: environmental hygiene testing at one school (work at a particular place),reviewed,"2xh6-psuq version 2026-08-04, SCA0000075209|X082: SCA IEH: 'PO18-ABAITMENT OF GYM FLOOR IN ROOM 560.' at X082 (I.S. 232 - BRONX)"
SCA0000075210|Q052,physical,,,review: environmental hygiene testing at one school (work at a particular place),reviewed,"2xh6-psuq version 2026-08-04, SCA0000075210|Q052: SCA IEH: 'PO18-77/29Q052/TEST WALL &  PIPES FOR ACM PEALING PAINT & PLASTER IF POSITIVE ABATE AND REPAIR PLAST' at Q052 (P.S. 52 - QUEENS)"
SCA0000075211|X445,physical,,,review: environmental hygiene testing at one school (work at a particular place),reviewed,"2xh6-psuq version 2026-08-04, SCA0000075211|X445: SCA IEH: 'PO18-ACM TESTING FOR RM 324, 326, 328, 330, 015, 040.' at X445 (BRONX HS OF SCIENCE - X)"
SCA0000075212|K268,physical,,,review: environmental hygiene testing at one school (work at a particular place),reviewed,"2xh6-psuq version 2026-08-04, SCA0000075212|K268: SCA IEH: 'PO18-REMOVE APPROX 10'  OF ACM PIPE COVER FROM A 5' STORM PIPE ( 3-SPOTS ) LOCATED IN BASEMENT STORA' at K268 (P.S. 268 - BROOKLYN)"
SCA0000075215|Q149,physical,,,review: environmental hygiene testing at one school (work at a particular place),reviewed,"2xh6-psuq version 2026-08-04, SCA0000075215|Q149: SCA IEH: 'PO18-ABATE AND REPAIR DAMAGED WALL IN KITCHEN' at Q149 (P.S. 149 - QUEENS)"
SCA0000075216|Q435,physical,,,review: environmental hygiene testing at one school (work at a particular place),reviewed,"2xh6-psuq version 2026-08-04, SCA0000075216|Q435: SCA IEH: 'PO18-PLEASE TEST FLOOR AT AUDITORIUM BALCONY ENTRANCE FOR ACM. CARPENTERS HAVE TO INSTALL A PIECE OF' at Q435 (BUSINESS TECHNOLOGY EARLY COLLEGE HIGH SCHOOL)"
SCA0000075217|K242,physical,,,review: environmental hygiene testing at one school (work at a particular place),reviewed,"2xh6-psuq version 2026-08-04, SCA0000075217|K242: SCA IEH: 'PO18-PERFORM ABATEMENT ROOM B8 LOCATED IN THE BASEMENT ABATE & REMOVE PIPE CHASE' at K242 (OLYMPUS ACADEMY - BROOKLYN)"
SCA0000075218|K303,physical,,,review: environmental hygiene testing at one school (work at a particular place),reviewed,"2xh6-psuq version 2026-08-04, SCA0000075218|K303: SCA IEH: 'PO18-ABATE AND REPLACE FLOOR TILES AHERA # 2115 - LIFTING FLOOR TILES' at K303 (I.S. 303 - BROOKLYN)"
SCA0000075222|R831,physical,,,review: environmental hygiene testing at one school (work at a particular place),reviewed,"2xh6-psuq version 2026-08-04, SCA0000075222|R831: SCA IEH: 'PO18-ASSIST STEAMFITTER: REMOVE APPROX. 8FT OF ACM PIPE COVERING ON STEAM SUPPLY LINE IN CEILING AND' at R831 (P.S. 74 - STATEN ISLAND)"
SCA0000075223|K801,physical,,,review: environmental hygiene testing at one school (work at a particular place),reviewed,"2xh6-psuq version 2026-08-04, SCA0000075223|K801: SCA IEH: 'PO18-ABATE AND REPLACE ACM FLOOR TILES WITH SCREWS ATTACHED APPROXIMATELY 32 SCREWS LOCATION: ROOM 5' at K801 (HEADQTRS 65 CNTRL ADMIN. - K)"
SCA0000075225|K188,physical,,,review: environmental hygiene testing at one school (work at a particular place),reviewed,"2xh6-psuq version 2026-08-04, SCA0000075225|K188: SCA IEH: 'PO18-DRILL AND ABATE THE FOLLOWING: (1) 1-1/4' HOLE FROM THE EXTERIOR TO INTERIOR; EXACT LOCATION IS' at K188 (P.S. 188 - BROOKLYN)"
SCA0000075226|Q593,physical,,,review: environmental hygiene testing at one school (work at a particular place),reviewed,"2xh6-psuq version 2026-08-04, SCA0000075226|Q593: SCA IEH: 'PO18-TEST PIPE INSULATION IN RM 204 FLOORING FOR ACM' at Q593 (P.S. 317 - QUEENS)"
SCA0000075228|K445,physical,,,review: environmental hygiene testing at one school (work at a particular place),reviewed,"2xh6-psuq version 2026-08-04, SCA0000075228|K445: SCA IEH: 'PO18-PERFORM ABATEMENT AND REMOVAL BOOK ROOM 455 - AHERA 6455 ABATE PIPE INSULATION/ APPROX. 25% (RE' at K445 (NEW UTRECHT HS - BROOKLYN)"
SCA0000075229|M132,physical,,,review: environmental hygiene testing at one school (work at a particular place),reviewed,"2xh6-psuq version 2026-08-04, SCA0000075229|M132: SCA IEH: 'PO18-REMOVE 18' OF ACM IN ROOM 214. PIPES EXTEND FROM FLOOR TO CEILING OVER 10 FEET HIGH.' at M132 (P.S. 132 - MANHATTAN)"
SCA0000075230|X053,physical,,,review: environmental hygiene testing at one school (work at a particular place),reviewed,"2xh6-psuq version 2026-08-04, SCA0000075230|X053: SCA IEH: 'PO18-ABATE AND REPLACE DAMAGED 12X12 FLOOR TILES IN FIRST FLOOR CAFETERIA #2119 APPROX. 120SF DAMAGE' at X053 (P.S. 53 - BRONX)"
SCA0000075231|Q023,physical,,,review: environmental hygiene testing at one school (work at a particular place),reviewed,"2xh6-psuq version 2026-08-04, SCA0000075231|Q023: SCA IEH: 'PO18-ABATE AND DRILL HOLES IN ROOM 101 THE DIAMETER OF THE HOLE 3/4', LOCATION IS MARKED' at Q023 (QUEENS ACADEMY HIGH SCHOOL - Q)"
SCA0000075232|K335,physical,,,review: environmental hygiene testing at one school (work at a particular place),reviewed,"2xh6-psuq version 2026-08-04, SCA0000075232|K335: SCA IEH: 'PO18-REMOVAL OF 9X9 (POSSIBLE ACM) TILES NEEDED; TO BE REPLACED WITH 12X12 TILES IN THE FOLLOWING RM' at K335 (P.S. 335 - BROOKLYN)"
SCA0000075233|K138,physical,,,review: environmental hygiene testing at one school (work at a particular place),reviewed,"2xh6-psuq version 2026-08-04, SCA0000075233|K138: SCA IEH: 'PO18-PLEASE ABATE WALL LPLASTER & CEILING PLASTER IN THE SOUTH SIDE GYM AREA, PLASTER WALL WAS DAMAG' at K138 (P.S. 138 - BROOKLYN)"
SCA0000075234|K116,physical,,,review: environmental hygiene testing at one school (work at a particular place),reviewed,"2xh6-psuq version 2026-08-04, SCA0000075234|K116: SCA IEH: 'PO18-TEST WALLS FOR ACM IN HALLWAYS LOCATIONS: BY ROOM 205 AND BY ROOM 305 PRINCIPAL WOULD LIKE TO H' at K116 (P.S. 116 - BROOKLYN)"
SCA0000075235|Q094,physical,,,review: environmental hygiene testing at one school (work at a particular place),reviewed,"2xh6-psuq version 2026-08-04, SCA0000075235|Q094: SCA IEH: 'PO18-PLEASE ABATE ACM FROM TWO-UNIT HEATERS AT LUNCH ROOM/CAFETERIA AS BELOW. 1. SOUTH SIDE -UNIT HE' at Q094 (P.S. 94 - QUEENS)"
SCA0000075236|Q099,physical,,,review: environmental hygiene testing at one school (work at a particular place),reviewed,"2xh6-psuq version 2026-08-04, SCA0000075236|Q099: SCA IEH: 'PO18-TEST 3RD FL BATHROOM WALL AROUND LEAKING PIPE 314X  &IF POSITIVE ABATE & REPLACE REPLASTER' at Q099 (P.S. 99 - QUEENS)"
SCA0000075237|K148,physical,,,review: environmental hygiene testing at one school (work at a particular place),reviewed,"2xh6-psuq version 2026-08-04, SCA0000075237|K148: SCA IEH: 'PO18-ABATE AND REPAIR 2 SF OF PIPE JOINT TO BROWN AIR CELL PIPE INS, 4 SF OF PIPE JOINT TO MAGNESIA' at K148 (K373 SPED - BROOKLYN)"
SCA0000075243|Q196,physical,,,review: environmental hygiene testing at one school (work at a particular place),reviewed,"2xh6-psuq version 2026-08-04, SCA0000075243|Q196: SCA IEH: 'PO18-TEST RADIATOR INSULATION IN RM 116 FOR ACM. ABATE MARKED OUT AREA IF POSITIVE' at Q196 (P.S. 196 - QUEENS)"
SCA0000075245|M470,physical,,,review: environmental hygiene testing at one school (work at a particular place),reviewed,"2xh6-psuq version 2026-08-04, SCA0000075245|M470: SCA IEH: 'PO18-ABATE PIPE INSULATION IN THE BASEMENT- BOYS SHOWER ROOM TO FIX A RISER VALVE THAT IS BKOKEN SO' at M470 (FRANK MCCOURT HS- MANHATTAN)"
SCA0000075246|X135,physical,,,review: environmental hygiene testing at one school (work at a particular place),reviewed,"2xh6-psuq version 2026-08-04, SCA0000075246|X135: SCA IEH: 'PO18-TEST WATER TANK INSULATION ABATE AND REPLACE WATER TANK INSULATION' at X135 (I.S. 556 - BRONX)"
SCA0000075248|X154,physical,,,review: environmental hygiene testing at one school (work at a particular place),reviewed,"2xh6-psuq version 2026-08-04, SCA0000075248|X154: SCA IEH: 'PO18-ABATE AUDITORIUM FLOOR AND ABATE 1ST FLOOR HALLWAY FLOOR TILES' at X154 (P.S. 154 - BRONX)"
SCA0000075249|X148,physical,,,review: environmental hygiene testing at one school (work at a particular place),reviewed,"2xh6-psuq version 2026-08-04, SCA0000075249|X148: SCA IEH: 'PO18-ABATE ACM FLOOR TIN ROOM #137 DANCE STUDIO' at X148 (FREDERICK DOUGLASS ACADEMY III SECONDARY SCHOOL)"
SCA0000075250|K223,physical,,,review: environmental hygiene testing at one school (work at a particular place),reviewed,"2xh6-psuq version 2026-08-04, SCA0000075250|K223: SCA IEH: 'PO18-REMOVE APPROX 8FT OF ACM PIPE COVER FROM A 3' STEAM PIPE IN CAFE. PAINTED RED' at K223 (I.S. 223 - BROOKLYN)"
SCA0000075251|Q143,physical,,,review: environmental hygiene testing at one school (work at a particular place),reviewed,"2xh6-psuq version 2026-08-04, SCA0000075251|Q143: SCA IEH: 'PO18-ABATE & REMOVE AUDORIUM STAGE FLOOR NEW FLOOR WILL BE INSTALLED BY DSF' at Q143 (P.S. 143 - QUEENS)"
SCA0000075252|Q073,physical,,,review: environmental hygiene testing at one school (work at a particular place),reviewed,"2xh6-psuq version 2026-08-04, SCA0000075252|Q073: SCA IEH: 'PO18-ABATE AND REPLACE DMANAGED FLOOR TILES IN MULTIPLE ROOMS ROOMS 200, 200A, 201A, 202' at Q073 (I.S. 73 - QUEENS)"
SCA0000075254|R600,physical,,,review: environmental hygiene testing at one school (work at a particular place),reviewed,"2xh6-psuq version 2026-08-04, SCA0000075254|R600: SCA IEH: 'PO18-ABATE 60 LF OF ACM  PIPE INSULATION IN ROOM# 221 SPACE ID# 3221' at R600 (RALPH R. MCKEE CAREER AND TECHNICAL EDUCATION HS - R)"
SCA0000075255|X174,physical,,,review: environmental hygiene testing at one school (work at a particular place),reviewed,"2xh6-psuq version 2026-08-04, SCA0000075255|X174: SCA IEH: 'PO18-ABAT ACM AT CONDENSATE CONNECTION AT STORAGE TANK AT BOILER ROOM APPROX. 10 SF PHOTOS WILL FOLL' at X174 (WOMEN'S ACADEMY OF EXCELLENCE - BRONX)"
SCA0000075257|K095,physical,,,review: environmental hygiene testing at one school (work at a particular place),reviewed,"2xh6-psuq version 2026-08-04, SCA0000075257|K095: SCA IEH: 'PO18-PERFORM ABATEMENT & REPAIR ROOM 411 - ABATE & REPAIR WALL PLASTER (PICTURE ATTACHED IN THE EMAI' at K095 (P.S. 95 - BROOKLYN)"
SCA0000075258|K100,physical,,,review: environmental hygiene testing at one school (work at a particular place),reviewed,"2xh6-psuq version 2026-08-04, SCA0000075258|K100: SCA IEH: 'PO18-PERFORM ACM ABATEMENT ABATE AND REPLACE PIPE INSULATION LOCATION: 1ST FLOOR KITCHEN' at K100 (P.S. 100 - BROOKLYN)"
SCA0000075259|K104,physical,,,review: environmental hygiene testing at one school (work at a particular place),reviewed,"2xh6-psuq version 2026-08-04, SCA0000075259|K104: SCA IEH: 'PO18-ABATE AND REPAIR CEILING PLASTER AND ROOM 224, 226, 228 (SPACE ID 4224, 4226 & 4228 )' at K104 (P.S. 104 - BROOKLYN)"
SCA0000075260|Q593,physical,,,review: environmental hygiene testing at one school (work at a particular place),reviewed,"2xh6-psuq version 2026-08-04, SCA0000075260|Q593: SCA IEH: 'PO18-TEST THE FOLLOWING FOR ACM &IF POSITIVE ABATE & (REPLACE / REPLASTER) ALL LEVELS OF FLOORING RO' at Q593 (P.S. 317 - QUEENS)"
SCA0000075261|R053,physical,,,review: environmental hygiene testing at one school (work at a particular place),reviewed,"2xh6-psuq version 2026-08-04, SCA0000075261|R053: SCA IEH: 'PO18-REQUIRE CORE DRILLING & CHIPPING IN CMU WALL LOCATED IN ROOMS# 336 & 133.' at R053 (P.S. 53 - STATEN ISLAND)"
SCA0000075262|X104,physical,,,review: environmental hygiene testing at one school (work at a particular place),reviewed,"2xh6-psuq version 2026-08-04, SCA0000075262|X104: SCA IEH: 'PO18-ABATE AND REPAIR DAMAGED PIPE INSULATION BASEMENT STORAGE ROOM' at X104 (P.S. 199 - BRONX)"
SCA0000075263|K460,physical,,,review: environmental hygiene testing at one school (work at a particular place),reviewed,"2xh6-psuq version 2026-08-04, SCA0000075263|K460: SCA IEH: 'PO18-ABATE APPPROX 710SF. OF DAMAGED CEILING PLASTER SPACE ID 1046 & 1047' at K460 (MILLENIUM BROOKLYN HIGH SCHOOL - K)"
SCA0000075264|K138,physical,,,review: environmental hygiene testing at one school (work at a particular place),reviewed,"2xh6-psuq version 2026-08-04, SCA0000075264|K138: SCA IEH: 'PO18-PLEASE ABATE APPROX 20 LINEAR FT OF ACM INSULATION ON A 3' DIAMETER PIPE. ALSO ABATE METAL PIPE' at K138 (P.S. 138 - BROOKLYN)"
SCA0000075265|M188,physical,,,review: environmental hygiene testing at one school (work at a particular place),reviewed,"2xh6-psuq version 2026-08-04, SCA0000075265|M188: SCA IEH: 'PO18-ABATE FLOOR TILES IN ROOM 503A  ( SPACE ID# 6503A) AND 519 (SPACE ID# 6519) THAT ARE BROKEN' at M188 (P.S. 188 - MANHATTAN)"
SCA0000075266|Q091,physical,,,review: environmental hygiene testing at one school (work at a particular place),reviewed,"2xh6-psuq version 2026-08-04, SCA0000075266|Q091: SCA IEH: 'PO18-ABATE AND REPAIR WALLS & CEILING SCHOOL STORAGE RM 256-255' at Q091 (P.S. 91 - QUEENS)"
SCA0000075267|M115,physical,,,review: environmental hygiene testing at one school (work at a particular place),reviewed,"2xh6-psuq version 2026-08-04, SCA0000075267|M115: SCA IEH: 'PO18-ABATE WALL TILES LOCATED IN 1ST FL - BOY'S BATHROOM IN GYM AHERA SPACES #2011A' at M115 (P.S. 115 - MANHATTAN)"
SCA0000075268|M102,physical,,,review: environmental hygiene testing at one school (work at a particular place),reviewed,"2xh6-psuq version 2026-08-04, SCA0000075268|M102: SCA IEH: 'PO18-ABATE PIPE INSULATION LOCATED IN THE CAFETERIA (SPACE ID# 2012) APPROX. 24 LN FT' at M102 (P.S. 102 - MANHATTAN)"
SCA0000075269|Q139,physical,,,review: environmental hygiene testing at one school (work at a particular place),reviewed,"2xh6-psuq version 2026-08-04, SCA0000075269|Q139: SCA IEH: 'PO18-ABATE AND REPLACE FLOOR WITH VCT TILES FLOOR IS ASSUMED - ACM' at Q139 (P.S. 139 - QUEENS)"
SCA0000075270|K169,physical,,,review: environmental hygiene testing at one school (work at a particular place),reviewed,"2xh6-psuq version 2026-08-04, SCA0000075270|K169: SCA IEH: 'PO18-PLEASE ABATE AND CLEAN UP FALLEN DEBRIS FROM PIPE INSULATION LOCATION: KITCHEN STORAGE AREA LOC' at K169 (P.S. 169 - BROOKLYN)"
SCA0000075271|Q217,physical,,,review: environmental hygiene testing at one school (work at a particular place),reviewed,"2xh6-psuq version 2026-08-04, SCA0000075271|Q217: SCA IEH: 'PO18-ABATE AND REPLACE DAMAGED FLOOR' at Q217 (I.S. 217 - QUEENS)"
SCA0000075272|R042,physical,,,review: environmental hygiene testing at one school (work at a particular place),reviewed,"2xh6-psuq version 2026-08-04, SCA0000075272|R042: SCA IEH: 'PO18-ASSIST PLUMBERS: REMOVE APPROX 15 FT OF PIPE COVERING IN CRAWL SPACE PLUMBERS NEED TO REPAIR BR' at R042 (P.S. 42 - STATEN ISLAND)"
SCA0000075273|Q811,physical,,,review: environmental hygiene testing at one school (work at a particular place),reviewed,"2xh6-psuq version 2026-08-04, SCA0000075273|Q811: SCA IEH: 'PO18-TEST PIPE INSULATION FOR ACM  IN BSMT CRAWL SPACE' at Q811 (Q811 SPED - QUEENS)"
SCA0000075274|X115,physical,,,review: environmental hygiene testing at one school (work at a particular place),reviewed,"2xh6-psuq version 2026-08-04, SCA0000075274|X115: SCA IEH: 'PO18-7FEET OF 2INCH PIPE INSULATION CONTAINING ACM. SPRAYED RED IN RM. 508 GYM' at X115 (SCHOOL BASED HEALTH CENTER - BRONX)"
SCA0000075275|X420,physical,,,review: environmental hygiene testing at one school (work at a particular place),reviewed,"2xh6-psuq version 2026-08-04, SCA0000075275|X420: SCA IEH: 'PO18-ACM TESTING FOR 6 FOOT OF 1' PIPE COVER CONDENSATE RETURN LINE OUTSIDE B-9 MARKED IN RED. 8 FEE' at X420 (WORLD CULTURES HS - X)"
SCA0000075276|Q059,physical,,,review: environmental hygiene testing at one school (work at a particular place),reviewed,"2xh6-psuq version 2026-08-04, SCA0000075276|Q059: SCA IEH: 'PO18-ABATE AND REPLACE DAMAGED FLOOR IN RM 200A AND PIPE INSULATION IN 202' at Q059 (I.S. 59 - QUEENS)"
SCA0000075277|K078,physical,,,review: environmental hygiene testing at one school (work at a particular place),reviewed,"2xh6-psuq version 2026-08-04, SCA0000075277|K078: SCA IEH: 'PO18-REMOVE APPROX. 8FT OF ACM PIPE COVER LOCATED UDERNEATH GYM OFFICE IN CAFETERIA.PAUINTED ORANGE' at K078 (I.S. 78 - BROOKLYN)"
SCA0000075278|Q033,physical,,,review: environmental hygiene testing at one school (work at a particular place),reviewed,"2xh6-psuq version 2026-08-04, SCA0000075278|Q033: SCA IEH: 'PO18-77/29Q033/ABATE ACM INSULATION ON LEAKING HOT WATER LINE 5TH FLOOR STAIRCASE G APPROX 8 FT' at Q033 (P.S. 33 - QUEENS)"
SCA0000075279|K615,physical,,,review: environmental hygiene testing at one school (work at a particular place),reviewed,"2xh6-psuq version 2026-08-04, SCA0000075279|K615: SCA IEH: 'PO18-ABATE PIPE INSULATION ON 4' WASTE LINE LOC: BOILER ROOM SPACE ID 1033' at K615 (E NY VOC HS OF TRANSIT TECH.-K)"
SCA0000075281|Q610,physical,,,review: environmental hygiene testing at one school (work at a particular place),reviewed,"2xh6-psuq version 2026-08-04, SCA0000075281|Q610: SCA IEH: 'PO18-TEST FOR ACM, ABATE IF POSITIVE PIPE INSULATION IN HANGAR APPROX 15FT INSULATION MARKED RED' at Q610 (AVIATION HS - QUEENS)"
SCA0000075282|Q450,physical,,,review: environmental hygiene testing at one school (work at a particular place),reviewed,"2xh6-psuq version 2026-08-04, SCA0000075282|Q450: SCA IEH: 'PO18-TEST FOR ACM, ABATE IF POSITIVE PIPE INSULATION IN BOILER ROOM MARKED WITH RED PAINT CE: DANIEL' at Q450 (NEWCOMERS HIGH SCHOOL - Q)"
SCA0000075283|M129,physical,,,review: environmental hygiene testing at one school (work at a particular place),reviewed,"2xh6-psuq version 2026-08-04, SCA0000075283|M129: SCA IEH: 'PO18-ABATEMENT OF DETERIORATED AND COLLAPSING ACM INSULATION LOCATED BEHIND THE EXHAUST BREACHING SE' at M129 (P.S. 129 - MANHATTAN)"
SCA0000075284|K400,physical,,,review: environmental hygiene testing at one school (work at a particular place),reviewed,"2xh6-psuq version 2026-08-04, SCA0000075284|K400: SCA IEH: 'PO18-REMOVE APPROX 10FT OF ACM PIPE COVER FROM A 4' WASTE PIPE LOCATED IN THE PIPE CHASE OF ROOM 344' at K400 (INTERNATIONAL HIGH SCHOOL - K)"
SCA0000075285|Q223,physical,,,review: environmental hygiene testing at one school (work at a particular place),reviewed,"2xh6-psuq version 2026-08-04, SCA0000075285|Q223: SCA IEH: 'PO18-ABATE INSULATION ON PIPE LINE IN CRAWL SPACE INSULATION MARKED WITH RED PAINT' at Q223 (P.S. 223 - QUEENS)"
SCA0000075286|Q217,physical,,,review: environmental hygiene testing at one school (work at a particular place),reviewed,"2xh6-psuq version 2026-08-04, SCA0000075286|Q217: SCA IEH: 'PO18-TEST INSULATION ON LEAKING 3' STEAM BRANCH LINE IF POSITIVE ABATE & REPLACE LOCATED IN PIPE CHA' at Q217 (I.S. 217 - QUEENS)"
SCA0000075287|X149,physical,,,review: environmental hygiene testing at one school (work at a particular place),reviewed,"2xh6-psuq version 2026-08-04, SCA0000075287|X149: SCA IEH: 'PO18-ABATE ACM CEILING IN CAFETERIA' at X149 (I.S. 221 - BRONX)"
SCA0000075288|R440,physical,,,review: environmental hygiene testing at one school (work at a particular place),reviewed,"2xh6-psuq version 2026-08-04, SCA0000075288|R440: SCA IEH: 'PO18-TEST, ABATE & REPLACE 9X9 FLOOR TILE, APPROX. 600 SQ. FT. IN THE GIRL'S LOCKER ROOM,SPACE ID #2' at R440 (STATEN ISLAND TECHNICAL HS - R)"
SCA0000075289|Q157,physical,,,review: environmental hygiene testing at one school (work at a particular place),reviewed,"2xh6-psuq version 2026-08-04, SCA0000075289|Q157: SCA IEH: 'PO18-77/28Q157 /ABATE ACM INSULATION MUD LEG GYM FAN ROOM ABATE 12 INCHES PAST NEXT JOINT' at Q157 (J.H.S. 157 - QUEENS)"
SCA0000075290|K127,physical,,,review: environmental hygiene testing at one school (work at a particular place),reviewed,"2xh6-psuq version 2026-08-04, SCA0000075290|K127: SCA IEH: 'PO18-ABATE AND REPAIR CEILING PLASTER AND WALL PLASTER AHERA - 100 - 2100 CEILING PLASTER, AHERA - B' at K127 (P.S. 127 - BROOKLYN)"
SCA0000075291|K010,physical,,,review: environmental hygiene testing at one school (work at a particular place),reviewed,"2xh6-psuq version 2026-08-04, SCA0000075291|K010: SCA IEH: 'PO18-PLEASE ABATE ABOUT 4 FT OF ACM ON A 5' PIPE, 8 FT ON A 2' PIPE AND 5 FT ON A 1/2 PIPE LOCATED A' at K010 (P.S. 10 - BROOKLYN)"
SCA0000075293|Q221,physical,,,review: environmental hygiene testing at one school (work at a particular place),reviewed,"2xh6-psuq version 2026-08-04, SCA0000075293|Q221: SCA IEH: 'PO18-TEST CEILING & PIPE INSULATION FOR ACM.BSMT HALLWAY BY RM B5' at Q221 (P.S. 221 - QUEENS)"
SCA0000075294|K193,physical,,,review: environmental hygiene testing at one school (work at a particular place),reviewed,"2xh6-psuq version 2026-08-04, SCA0000075294|K193: SCA IEH: 'PO18-ABATE AND REPAIR EXIT 2002V - PIPE INSULATION 14 LFT' at K193 (P.S. 193 - BROOKLYN)"
SCA0000075295|Q158,physical,,,review: environmental hygiene testing at one school (work at a particular place),reviewed,"2xh6-psuq version 2026-08-04, SCA0000075295|Q158: SCA IEH: 'PO18-ACM TEST AND ABATE PIPE INSULATION IN BSMT CRAWL SPACE B12 SPRAYED RED 1 1/4' PIPE. APPROX 10 L' at Q158 (J.H.S. 158 - QUEENS)"
SCA0000075296|K293,physical,,,review: environmental hygiene testing at one school (work at a particular place),reviewed,"2xh6-psuq version 2026-08-04, SCA0000075296|K293: SCA IEH: 'PO18-ABATE FAUCET, SINK, AND CABINET CE WOULD LIKE THE FAUCET DECOMMISSIONED, SINK AND CABINET REMOV' at K293 (DIGITAL ARTS AND CINEMA TECHNOLOGY HIGH SCHOOL - K)"
SCA0000075297|X149,physical,,,review: environmental hygiene testing at one school (work at a particular place),reviewed,"2xh6-psuq version 2026-08-04, SCA0000075297|X149: SCA IEH: 'PO18-ACM TEST PIPE SPACE ID - 1015 FAN ROOM ABATE ACM PIPE IN FAN ROOM #1015' at X149 (I.S. 221 - BRONX)"
SCA0000075298|X139,physical,,,review: environmental hygiene testing at one school (work at a particular place),reviewed,"2xh6-psuq version 2026-08-04, SCA0000075298|X139: SCA IEH: 'PO18-ABATE AND REPLACE ACM FLOOR TILES IN GYM OFFICE' at X139 (I.S. 224 - BRONX)"
SCA0000075299|K318,physical,,,review: environmental hygiene testing at one school (work at a particular place),reviewed,"2xh6-psuq version 2026-08-04, SCA0000075299|K318: SCA IEH: 'PO18-PLEASE ABATE APPROX 10 LFT OF MARKED PIPE INSULATION IN THE PIPE CHASE IN BOYS LOCKER ROOM (111' at K318 (I.S. 318 - BROOKLYN)"
SCA0000075301|R050,physical,,,review: environmental hygiene testing at one school (work at a particular place),reviewed,"2xh6-psuq version 2026-08-04, SCA0000075301|R050: SCA IEH: 'PO18-TEST PIPE INSULATION IN FAN ROOM SPACE ID# 1025' at R050 (P.S. 50 - STATEN ISLAND)"
SCA0000075302|Q120,physical,,,review: environmental hygiene testing at one school (work at a particular place),reviewed,"2xh6-psuq version 2026-08-04, SCA0000075302|Q120: SCA IEH: 'PO18-77/25Q120/ABATE ACM INSULATION ON  1' SUPPLY LINE IN RM 223. FLOOR TO CEILING APPROX 10 FT' at Q120 (P.S. 120 - QUEENS)"
SCA0000075303|Q470,physical,,,review: environmental hygiene testing at one school (work at a particular place),reviewed,"2xh6-psuq version 2026-08-04, SCA0000075303|Q470: SCA IEH: 'PO18-ABATE DMANAGED PIPE INSULATION IN BASEMENT HALLWAY SPRAYED WITH RED PAINT' at Q470 (QUEENS COLLEGIATE SCHOOL - QUEENS)"
SCA0000075304|Q091,physical,,,review: environmental hygiene testing at one school (work at a particular place),reviewed,"2xh6-psuq version 2026-08-04, SCA0000075304|Q091: SCA IEH: 'PO18-ACM TEST WALLS & CEILING IN CLASSROOMS 309 & 504 ABATE & REPAIR CRACKS IF POSITIVE' at Q091 (P.S. 91 - QUEENS)"
SCA0000075306|M110,physical,,,review: environmental hygiene testing at one school (work at a particular place),reviewed,"2xh6-psuq version 2026-08-04, SCA0000075306|M110: SCA IEH: 'PO18-EMERGENCY BATTERY BACKUP LIGHTS NEED TO BE REMOVED AT 14 LOCATIONS IN GYM & CAFE AREA FOR NEW R' at M110 (P.S. 110 - MANHATTAN)"
SCA0000075307|Q432,physical,,,review: environmental hygiene testing at one school (work at a particular place),reviewed,"2xh6-psuq version 2026-08-04, SCA0000075307|Q432: SCA IEH: 'PO18-SAFE ACCESS' at Q432 (Q000 - QUEENS)"
SCA0000075308|Q095,physical,,,review: environmental hygiene testing at one school (work at a particular place),reviewed,"2xh6-psuq version 2026-08-04, SCA0000075308|Q095: SCA IEH: 'PO18-TEST INSULATION LEAKING WASTE LINE CEILING RM 310 IF POSITIVE ABATE & REPLACE CUSTODIAN ENGINEE' at Q095 (P.S. 95 - QUEENS)"
SCA0000075309|M144,physical,,,review: environmental hygiene testing at one school (work at a particular place),reviewed,"2xh6-psuq version 2026-08-04, SCA0000075309|M144: SCA IEH: 'PO18-ABATE PIPE INSULATION IN THE STORAGE AREA BEHIND THE BOILER ROOM DUE TO BROKEN VALVES SO WATER' at M144 (P.S. 242 - MANHATTAN)"
SCA0000075310|X149,physical,,,review: environmental hygiene testing at one school (work at a particular place),reviewed,"2xh6-psuq version 2026-08-04, SCA0000075310|X149: SCA IEH: 'PO18-ABATE PIPE INSULATION TO REPAIR LEAKING PIPE SPACE ID #1009B' at X149 (I.S. 221 - BRONX)"
SCA0000075311|Q130,physical,,,review: environmental hygiene testing at one school (work at a particular place),reviewed,"2xh6-psuq version 2026-08-04, SCA0000075311|Q130: SCA IEH: 'PO18-ABATE & REMOVE PIPE JOINT IN BASEMENT VESTIBULE NEAR EXIT 8' at Q130 (P.S. 130 - QUEENS)"
SCA0000075312|K176,physical,,,review: environmental hygiene testing at one school (work at a particular place),reviewed,"2xh6-psuq version 2026-08-04, SCA0000075312|K176: SCA IEH: 'PO18-ABATE AND REPLACE FLOOR TILES AND FLOORING, REMOVE SOFT CEMENT FILL ASSUMED TO CONTAIN ACM AND' at K176 (P.S. 176 - BROOKLYN)"
SCA0000075313|X445,physical,,,review: environmental hygiene testing at one school (work at a particular place),reviewed,"2xh6-psuq version 2026-08-04, SCA0000075313|X445: SCA IEH: 'PO18-ABATE ACM 1*1 CEILING TILES MASTIC IN SPACE ID 4000 THIRD FLOOR, HALLWAY OUTISIDE OF 325,329,33' at X445 (BRONX HS OF SCIENCE - X)"
SCA0000075314|X660,physical,,,review: environmental hygiene testing at one school (work at a particular place),reviewed,"2xh6-psuq version 2026-08-04, SCA0000075314|X660: SCA IEH: 'PO18-ABATE BROWN AIRCELL PIPE INSULATION IN SPACE ID# 3004A FIRST FLOOR, EXIT VESTIBULE OF 1ST FLOOR' at X660 (HIGH SCHOOL FOR ENERGY AND TECHNOLOGY - BRONX)"
SCA0000075315|Q010,physical,,,review: environmental hygiene testing at one school (work at a particular place),reviewed,"2xh6-psuq version 2026-08-04, SCA0000075315|Q010: SCA IEH: 'PO18-77/30Q010/ABATE APPROX 10 FT OF PIPE INSULATION ON LEAKING WASTE  LINE IN CAFETERIA' at Q010 (I.S. 10 - QUEENS)"
SCA0000075317|K021,physical,,,review: environmental hygiene testing at one school (work at a particular place),reviewed,"2xh6-psuq version 2026-08-04, SCA0000075317|K021: SCA IEH: 'PO18-ABATE & REMOVE PIPE INSULATION APPROX 10 LFT UNDERNEATH KITCHEN IN A CRAWL SPACE. PIPE SPRAYED' at K021 (P.S. 21 - BROOKLYN)"
SCA0000075318|X174,physical,,,review: environmental hygiene testing at one school (work at a particular place),reviewed,"2xh6-psuq version 2026-08-04, SCA0000075318|X174: SCA IEH: 'PO18-ACM TEST INSULATION IN BOILER ROOM ABATE ACM BOILER INSULATION MARKED IN ORANGE' at X174 (WOMEN'S ACADEMY OF EXCELLENCE - BRONX)"
SCA0000075319|Q085,physical,,,review: environmental hygiene testing at one school (work at a particular place),reviewed,"2xh6-psuq version 2026-08-04, SCA0000075319|Q085: SCA IEH: 'PO18-ABATE/REPAIR AND ENCAPSULATE APPROXIMATLY 15 SQ.FT OF DAMAGED ACM PLASTER IN ROOM 202 AND CLOSE' at Q085 (P.S. 85 - QUEENS)"
SCA0000075320|K236,physical,,,review: environmental hygiene testing at one school (work at a particular place),reviewed,"2xh6-psuq version 2026-08-04, SCA0000075320|K236: SCA IEH: 'PO18-ABATE AND REPAIR SILVER INSULATION AROUND THE MIDDLE OF THE PIPE L5 SPACE IS 1105 26 FEET HORSE' at K236 (P.S. 236 - BROOKLYN)"
SCA0000075321|K405,physical,,,review: environmental hygiene testing at one school (work at a particular place),reviewed,"2xh6-psuq version 2026-08-04, SCA0000075321|K405: SCA IEH: 'PO18-ABATE AND DRILL HOLES IN MULTIPLE LOCATIONS ALL LOCATIONS AND RELEVEANT INFORMATION AND LAS ATT' at K405 (MIDWOOD HS - BROOKLYN)"
SCA0000075322|X123,physical,,,review: environmental hygiene testing at one school (work at a particular place),reviewed,"2xh6-psuq version 2026-08-04, SCA0000075322|X123: SCA IEH: 'PO18-TEST WALLS IN THE KITCHEN MARKED AS RED 3X6' at X123 (I.S. 123 - BRONX)"
SCA0000075323|K520,physical,,,review: environmental hygiene testing at one school (work at a particular place),reviewed,"2xh6-psuq version 2026-08-04, SCA0000075323|K520: SCA IEH: 'PO18-TEST PEELING/ CRACKED PLASTER IN THE NURSES OFFICE FOR ACM LOCATED IN SPACE ID 106B' at K520 (BROOKLYN FRONTIERS HIGH SCHOOL - K)"
SCA0000075324|K525,physical,,,review: environmental hygiene testing at one school (work at a particular place),reviewed,"2xh6-psuq version 2026-08-04, SCA0000075324|K525: SCA IEH: 'PO18-ABATE & DRILL 6 HOLES IN THE FLOOR 6 HOLES, 1/4' DIAMETER, 3' IN DEPTH AREAS MARKED IN THE PICT' at K525 (EDWARD R. MURROW HS - K)"
SCA0000075325|K265,physical,,,review: environmental hygiene testing at one school (work at a particular place),reviewed,"2xh6-psuq version 2026-08-04, SCA0000075325|K265: SCA IEH: 'PO18-ABATE APPROX. 15 LFT PIPE INSULATION LOCATION BASEMENT B7, ABOVE DROP CEILING' at K265 (I.S. 265 - BROOKLYN)"
SCA0000075326|M144,physical,,,review: environmental hygiene testing at one school (work at a particular place),reviewed,"2xh6-psuq version 2026-08-04, SCA0000075326|M144: SCA IEH: 'PO18-ABATEMENT OF PIPE INSULATION LOCATED IN THE BASEMENT ROOM B15 CRAWLSPACE ( SPACE ID# 1115). APP' at M144 (P.S. 242 - MANHATTAN)"
SCA0000075327|M099,physical,,,review: environmental hygiene testing at one school (work at a particular place),reviewed,"2xh6-psuq version 2026-08-04, SCA0000075327|M099: SCA IEH: 'PO18-ABATE PIPE INSULATION IN THE BASEMENT EAST SIDE OF THE BUILDING NEXT TO THE BREAK ROOM . IT IS' at M099 (I.S. 224 - MANHATTAN)"
SCA0000075328|M188,physical,,,review: environmental hygiene testing at one school (work at a particular place),reviewed,"2xh6-psuq version 2026-08-04, SCA0000075328|M188: SCA IEH: 'PO18-ABATE CEILING PLASTER LOCATED IN THE 1ST FL STAIRCASE K (SPACE ID# 2000K) ABATE WALL PLASTER LO' at M188 (P.S. 188 - MANHATTAN)"
SCA0000075329|K236,physical,,,review: environmental hygiene testing at one school (work at a particular place),reviewed,"2xh6-psuq version 2026-08-04, SCA0000075329|K236: SCA IEH: 'PO18-ABATE AND REMOVE 5 DOORS THAT LEAD TO KITCHEN AHERA SPACE ID 2019' at K236 (P.S. 236 - BROOKLYN)"
SCA0000075330|K131,physical,,,review: environmental hygiene testing at one school (work at a particular place),reviewed,"2xh6-psuq version 2026-08-04, SCA0000075330|K131: SCA IEH: 'PO18-ABATE AND REPLACE DAMAGED FLOOR TILES 2ND FLOOR - ROOM 204 12X12 GREY WITH DOTS VFT APPROX 40 S' at K131 (P.S. 131 - BROOKLYN)"
SCA0000075331|K201,physical,,,review: environmental hygiene testing at one school (work at a particular place),reviewed,"2xh6-psuq version 2026-08-04, SCA0000075331|K201: SCA IEH: 'PO18-PERFORM ACM ABATEMENT WOODEN PLATFORM REMOVAL FROM CLASSROOM 412 SPACE ID - 5412 APPROX. 100SF' at K201 (I.S. 201 - BROOKLYN)"
SCA0000075332|R440,physical,,,review: environmental hygiene testing at one school (work at a particular place),reviewed,"2xh6-psuq version 2026-08-04, SCA0000075332|R440: SCA IEH: 'PO18-ABATE DAMAGED ACM PIPE INSULATION IN ROOM# C40' at R440 (STATEN ISLAND TECHNICAL HS - R)"
SCA0000075333|Q008,physical,,,review: environmental hygiene testing at one school (work at a particular place),reviewed,"2xh6-psuq version 2026-08-04, SCA0000075333|Q008: SCA IEH: 'PO18-ABATE AND REPAIR/REPLACE DAMAGED  SMALL CAFE CEILING FOR ACM.SPACE ID 1035' at Q008 (J.H.S. 8 - QUEENS)"
SCA0000075334|Q158,physical,,,review: environmental hygiene testing at one school (work at a particular place),reviewed,"2xh6-psuq version 2026-08-04, SCA0000075334|Q158: SCA IEH: 'PO18-ABATE THE FOLLOWING LOCATIONS IN ROOM 315: - LOOSE 9 X 9 FLOOR TILES AND MASTIC -  ACM & TAR PA' at Q158 (J.H.S. 158 - QUEENS)"
SCA0000075335|M047,physical,,,review: environmental hygiene testing at one school (work at a particular place),reviewed,"2xh6-psuq version 2026-08-04, SCA0000075335|M047: SCA IEH: 'PO18-ABATE 5TH FL HALLWAY FLOORS. AS PER AHERA FLOOR IS ACM.  REPLACE HALLWAY TILES  ENTIRELY & 9X9' at M047 (J.H.S. 47 (SCH FOR THE DEAF) - M)"
SCA0000075336|M047,physical,,,review: environmental hygiene testing at one school (work at a particular place),reviewed,"2xh6-psuq version 2026-08-04, SCA0000075336|M047: SCA IEH: 'PO18-ABATE 3RD FL  HALLWAY FLOORS. AS PER AHERA FLOOR IS ACM.  REPLACE HALLWAY TILES  ENTIRELY & 9X9' at M047 (J.H.S. 47 (SCH FOR THE DEAF) - M)"
SCA0000075337|M047,physical,,,review: environmental hygiene testing at one school (work at a particular place),reviewed,"2xh6-psuq version 2026-08-04, SCA0000075337|M047: SCA IEH: 'PO18-ABATE 4TH FL HALLWAY FLOORS. AS PER AHERA FLOOR IS ACM.  REPLACE HALLWAY TILES  ENTIRELY & 9X9' at M047 (J.H.S. 47 (SCH FOR THE DEAF) - M)"
SCA0000075339|K258,physical,,,review: environmental hygiene testing at one school (work at a particular place),reviewed,"2xh6-psuq version 2026-08-04, SCA0000075339|K258: SCA IEH: 'PO18-ABATE & REMOVE ACM PIPE INSULATION AT LOCATIONS LOCATION: ROOM B20A, 8LFT BASEMENT UNDER STAIRC' at K258 (K140 SPED - BROOKLYN)"
SCA0000075340|R044,physical,,,review: environmental hygiene testing at one school (work at a particular place),reviewed,"2xh6-psuq version 2026-08-04, SCA0000075340|R044: SCA IEH: 'PO18-ASSIST PLUMBERS:  REMOVE APPROX. 15 FT OF ACM PIPE COVERING ON 3/4' COLD WATER AND HOT WATER LI' at R044 (P.S. 44 - STATEN ISLAND)"
SCA0000075341|R072,physical,,,review: environmental hygiene testing at one school (work at a particular place),reviewed,"2xh6-psuq version 2026-08-04, SCA0000075341|R072: SCA IEH: 'PO18-ABATE 180 SQFT OF 12X12 BEIGE VFT OVER CONCRETE AND FLOOR TILE MASTIC AT 416E ONLY ABATEMENT NO' at R072 (I.S. 72 - STATEN ISLAND)"
SCA0000075342|X113,physical,,,review: environmental hygiene testing at one school (work at a particular place),reviewed,"2xh6-psuq version 2026-08-04, SCA0000075342|X113: SCA IEH: 'PO18-CLASSROOM 221 ACM TEST  9X9 TILES SPACE ID # IS 3221 ABATE AND REPLACE DAMAGED FLOOR TILES' at X113 (SCHOOL OF DIPLOMACY)"
SCA0000075343|K127,physical,,,review: environmental hygiene testing at one school (work at a particular place),reviewed,"2xh6-psuq version 2026-08-04, SCA0000075343|K127: SCA IEH: 'PO18-ABATE AND REPAIR, ENCAPSULATE AND PAINT ALL DAMAGE CEILING & WALL ACM PLASTER IN ROOM 108 INCLU' at K127 (P.S. 127 - BROOKLYN)"
SCA0000075344|X075,physical,,,review: environmental hygiene testing at one school (work at a particular place),reviewed,"2xh6-psuq version 2026-08-04, SCA0000075344|X075: SCA IEH: 'PO18-ABATE BROWN AIRCELL PIPE INSULATION, FITTINGS OF AIRCELL PIPE INSULATION OF STEAM RISER LINE IN' at X075 (P.S. 75 - BRONX)"
SCA0000075345|Q061,physical,,,review: environmental hygiene testing at one school (work at a particular place),reviewed,"2xh6-psuq version 2026-08-04, SCA0000075345|Q061: SCA IEH: 'PO18-INSTALL SECURITY CAMERAS.THERE ARE EXTERIOR TO INTERIOR PENETRATION THRU HOLES FOR CEILING ACCE' at Q061 (I.S. 61 - QUEENS)"
SCA0000075347|M076,physical,,,review: environmental hygiene testing at one school (work at a particular place),reviewed,"2xh6-psuq version 2026-08-04, SCA0000075347|M076: SCA IEH: 'PO18--ABATE CERAMIC WALL TILE MASTIC IN RM 105A (SPACE ID# 2105A ) 142 SQUARE FEET -CERMAIC WALL TIL' at M076 (I.S. 862 - MANHATTAN)"
SCA0000075348|K091,physical,,,review: environmental hygiene testing at one school (work at a particular place),reviewed,"2xh6-psuq version 2026-08-04, SCA0000075348|K091: SCA IEH: 'PO18-RESPONSE ACTION DUE TO OBSERVED DAMAGE FROM PS CRAWL SPACE SOFT CONCRETE FILLER FLOORING MATERI' at K091 (P.S. 91 - BROOKLYN)"
SCA0000075349|K025,physical,,,review: environmental hygiene testing at one school (work at a particular place),reviewed,"2xh6-psuq version 2026-08-04, SCA0000075349|K025: SCA IEH: 'PO18-ABATE MATERIALS AT LOCATIONS. TEST AS NEEDED. RESPONSE ACTION DUE TO OBSERVED DAMAGE. LOCATIONS' at K025 (SCHOOL SAFETY - BROOKLYN)"
SCA0000075350|K205,physical,,,review: environmental hygiene testing at one school (work at a particular place),reviewed,"2xh6-psuq version 2026-08-04, SCA0000075350|K205: SCA IEH: 'PO18-ABATE AND REPAIR FLOOR 1ST FLR ROOM 212 SOFT CONCRETE FILLER IS ACM' at K205 (P.S. 205 - BROOKLYN)"
SCA0000075351|K128,physical,,,review: environmental hygiene testing at one school (work at a particular place),reviewed,"2xh6-psuq version 2026-08-04, SCA0000075351|K128: SCA IEH: 'PO18-ABATE/ REPAIR WALL PLASTER IN 3RD FLOOR SLOP SINK APPROX. 100 SQ FT' at K128 (P.S. 128 - BROOKLYN)"
SCA0000075352|K139,physical,,,review: environmental hygiene testing at one school (work at a particular place),reviewed,"2xh6-psuq version 2026-08-04, SCA0000075352|K139: SCA IEH: 'PO18-RESPONSE ACTION DUE TO OBSERVED DAMAGE: ABATE LOCATIONS. TEST AS NEEDED (2103) 103 CLASSROOM -' at K139 (P.S. 139 - BROOKLYN)"
SCA0000075354|K062,physical,,,review: environmental hygiene testing at one school (work at a particular place),reviewed,"2xh6-psuq version 2026-08-04, SCA0000075354|K062: SCA IEH: 'PO18-RESPONSE ACTION DUE TO OBSERVED DAMAGE (2120) 120 - MEN'S ROOM - CERAMIC TILE MASTIC FLOOR. 15' at K062 (I.S. 62 - BROOKLYN)"
SCA0000075355|K014,physical,,,review: environmental hygiene testing at one school (work at a particular place),reviewed,"2xh6-psuq version 2026-08-04, SCA0000075355|K014: SCA IEH: 'PO18-ABATE AND REPLACE ACM 9X9 FLOOR TILE ROOM 328A SPACE ID#4328A, APPROX 336 SFT' at K014 (I.S. 14 - BROOKLYN)"
SCA0000075356|K252,physical,,,review: environmental hygiene testing at one school (work at a particular place),reviewed,"2xh6-psuq version 2026-08-04, SCA0000075356|K252: SCA IEH: 'PO18-ABATE AND REMOVE PIPE INSULATION FAN ROOM SPACE ID 1006, APPROX. 50 SQ FT, RED SPRAY PAINTED CA' at K252 (MIDDLE SCHOOL FOR ART & PHILOS - K)"
SCA0000075357|K045,physical,,,review: environmental hygiene testing at one school (work at a particular place),reviewed,"2xh6-psuq version 2026-08-04, SCA0000075357|K045: SCA IEH: 'PO18-RESPONSE ACTION DUE TO OBSERVED DAMAGE (1019) B19 SPRINKLER VAL - PIPE INSULATION 7 LFT (2122)' at K045 (P.S. 45 - BROOKLYN)"
SCA0000075358|K281,physical,,,review: environmental hygiene testing at one school (work at a particular place),reviewed,"2xh6-psuq version 2026-08-04, SCA0000075358|K281: SCA IEH: 'PO18-ABATE AND REPLACE PIPE INSULATION APPROX. 41 LTF LOCATION : 3RD FLOOR - ROOM 320 (SLOP SINK)' at K281 (I.S. 281 - BROOKLYN)"
SCA0000075359|K135,physical,,,review: environmental hygiene testing at one school (work at a particular place),reviewed,"2xh6-psuq version 2026-08-04, SCA0000075359|K135: SCA IEH: 'PO18-ABATE PIPE INSULATION CRAWL SPACE EAST # 1018 IN BOILER ROOM ABATE DAMAGE PIPE COVERS' at K135 (P.S. 135 - BROOKLYN)"
SCA0000075360|K145,physical,,,review: environmental hygiene testing at one school (work at a particular place),reviewed,"2xh6-psuq version 2026-08-04, SCA0000075360|K145: SCA IEH: 'PO18-ABATE ACM FROM WASTELINE IN STAFF BATH ACROSS FROM ROOM 251 ACM MARKED WITH RED SPRAY PIANT APP' at K145 (P.S. 145 - BROOKLYN)"
SCA0000075361|K051,physical,,,review: environmental hygiene testing at one school (work at a particular place),reviewed,"2xh6-psuq version 2026-08-04, SCA0000075361|K051: SCA IEH: 'PO18-ABATE AND REPAIR PIPE INSULATIONS AND CEILING IN MULTIPLE LOCATIONS,' at K051 (I.S. 51 - BROOKLYN)"
SCA0000075362|K397,physical,,,review: environmental hygiene testing at one school (work at a particular place),reviewed,"2xh6-psuq version 2026-08-04, SCA0000075362|K397: SCA IEH: 'PO18-RESPONSE ACTION NEEDED DUE TO OBSERVED DAMAGE 1001 BOILER ROOM - SOFT CONCRETE FILLER MATERIAL' at K397 (P.S. 397 - BROOKLYN)"
SCA0000075363|Q064,physical,,,review: environmental hygiene testing at one school (work at a particular place),reviewed,"2xh6-psuq version 2026-08-04, SCA0000075363|Q064: SCA IEH: 'PO18-ABATE PIPE INSULATION IN BSMT CRAWL SPACE FOR ACM.2 LOCATIONS ABATE AREA SPRAYED RED IF POSITIV' at Q064 (P.S. 64 - QUEENS)"
SCA0000075364|M044,physical,,,review: environmental hygiene testing at one school (work at a particular place),reviewed,"2xh6-psuq version 2026-08-04, SCA0000075364|M044: SCA IEH: 'PO18-ABATE BOILER # 1  EXTERNAL SHELL INSULATION FOR BOILER REPAIRS' at M044 (P.S. 334 - MANHATTAN)"
SCA0000075365|M625,physical,,,review: environmental hygiene testing at one school (work at a particular place),reviewed,"2xh6-psuq version 2026-08-04, SCA0000075365|M625: SCA IEH: 'PO18-ABATE WHITE AIRCELL PIPE INSULATION SHOWER AREA - BASEMENT ( SPACE ID# 1100D) ABOVE DROP DOWN C' at M625 (THE BUSINESS OF SPORTS SCHOOL)"
SCA0000075366|M129,physical,,,review: environmental hygiene testing at one school (work at a particular place),reviewed,"2xh6-psuq version 2026-08-04, SCA0000075366|M129: SCA IEH: 'PO18-ABATE FLOOR TILES IN ROOM 128 ( SPACE ID# 2128) DUE TO DAMAGE TILES 507 SQ FT' at M129 (P.S. 129 - MANHATTAN)"
SCA0000075368|M625,physical,,,review: environmental hygiene testing at one school (work at a particular place),reviewed,"2xh6-psuq version 2026-08-04, SCA0000075368|M625: SCA IEH: 'PO18-ABATE VCT TILES IN RM 346B (SPACE ID# 4346B) SUCCESS INSTALLED 12X12 VCT OVER 9X9. SUBFLOOR OF' at M625 (THE BUSINESS OF SPORTS SCHOOL)"
SCA0000075371|Q336,physical,,,review: environmental hygiene testing at one school (work at a particular place),reviewed,"2xh6-psuq version 2026-08-04, SCA0000075371|Q336: SCA IEH: 'PO18-77/25Q336 /TEST ALL LAYERS OF FLOOR IF POSITIVE OPEN FLOOR TO ACCES STEAM ROOM 307 IF ACM ON LE' at Q336 (COLLEGE POINT COLLABORATIVE - QUEENS)"
SCA0000075372|Q442,physical,,,review: environmental hygiene testing at one school (work at a particular place),reviewed,"2xh6-psuq version 2026-08-04, SCA0000075372|Q442: SCA IEH: 'PO18-TEST CRAWL SPACE UNDER GYM TO ACCESS WATER PIPE &IF POSITIVE AREA WILL BE MARKED OUT FOR ABATEM' at Q442 (Q000 - QUEENS)"
SCA0000075373|M475,physical,,,review: environmental hygiene testing at one school (work at a particular place),reviewed,"2xh6-psuq version 2026-08-04, SCA0000075373|M475: SCA IEH: 'PO18-ABATE WALL PLASTER IN ROOM 213   (SPACE ID# 3213) AND  HAVE RADIATOR COVER REMOVED BY EHS' at M475 (HS FOR HEALTH PROF & HUMAN SERV-M)"
SCA0000075374|K505,physical,,,review: environmental hygiene testing at one school (work at a particular place),reviewed,"2xh6-psuq version 2026-08-04, SCA0000075374|K505: SCA IEH: 'PO18-ABATE AND REMOVE PIPE INSULATION - 6 LINEAR FT ROOM 160 AHERA 2160' at K505 (FRANKLIN D. ROOSEVELT HS - K)"
SCA0000075375|K515,physical,,,review: environmental hygiene testing at one school (work at a particular place),reviewed,"2xh6-psuq version 2026-08-04, SCA0000075375|K515: SCA IEH: 'PO18-ABATE BOILER #2 INSULATION APPROX. 40 LFT NEED THE BOTTOM 16' OF INSULATION REMOVED TO EXPOSE T' at K515 (BROOKLYN COMMUNITY HIGH SCHOOL FOR EXCELLENCE AND EQUITY - K)"
SCA0000075376|Q020,physical,,,review: environmental hygiene testing at one school (work at a particular place),reviewed,"2xh6-psuq version 2026-08-04, SCA0000075376|Q020: SCA IEH: 'PO18-TEST PIPE INSULATION FOR ACM IN BASEMENT HALLWAY CEILING NEAR STAIRCASE H ABATE APPROX 5 LINEAR' at Q020 (P.S. 20 - QUEENS)"
SCA0000075377|X893,physical,,,review: environmental hygiene testing at one school (work at a particular place),reviewed,"2xh6-psuq version 2026-08-04, SCA0000075377|X893: SCA IEH: 'PO18-SAFE ACCESS ABATEMENT' at X893 (P.S. 93 - BRONX)"
SCA0000075378|X045,physical,,,review: environmental hygiene testing at one school (work at a particular place),reviewed,"2xh6-psuq version 2026-08-04, SCA0000075378|X045: SCA IEH: 'PO18-AHERA P.S RESPONSE ACTION DETAILED SCOPE PROVIDED IN EMAIL' at X045 (I.S. 45 - BRONX)"
SCA0000075379|M017,physical,,,review: environmental hygiene testing at one school (work at a particular place),reviewed,"2xh6-psuq version 2026-08-04, SCA0000075379|M017: SCA IEH: 'PO18-ABATE PIPE INSULATION IN BASEMENT HALLWAY & STORAGE RM TO REPAIR A LEAKING PIPE IN RADIATOR BAS' at M017 (P.S. 212 - MANHATTAN)"
SCA0000075381|Q155,physical,,,review: environmental hygiene testing at one school (work at a particular place),reviewed,"2xh6-psuq version 2026-08-04, SCA0000075381|Q155: SCA IEH: 'PO18-ABATE  INSULATION ON DAMAGED GATE VALVE LOCATED 1ST FL CEILING BY SLOP SINK IN CAFE &IF POSITIV' at Q155 (P.S. 155 - QUEENS)"
SCA0000075382|Q021,physical,,,review: environmental hygiene testing at one school (work at a particular place),reviewed,"2xh6-psuq version 2026-08-04, SCA0000075382|Q021: SCA IEH: 'PO18-TEST ALL LAYERS OF FLOORING RM B2B STORAGE SPACE STEAM LEAK UNDERGROUND UNABLE TO ISOLATE &IF P' at Q021 (P.S. 21 - QUEENS)"
SCA0000075383|K255,physical,,,review: environmental hygiene testing at one school (work at a particular place),reviewed,"2xh6-psuq version 2026-08-04, SCA0000075383|K255: SCA IEH: 'PO18-ABATE AND REPAIR 1ST FLR  HALLWAY CEILING, APPROX. 1% DAMAGED ACOSUTICAL CEILING PLASTER IS ACM' at K255 (P.S. 255 - BROOKLYN)"
SCA0000075384|K138,physical,,,review: environmental hygiene testing at one school (work at a particular place),reviewed,"2xh6-psuq version 2026-08-04, SCA0000075384|K138: SCA IEH: 'PO18-ABATE MARKED FLOOR TO EXPOSE PIPES. STEAM LEAK LOC: BOILER ROOM SPACE ID 1008' at K138 (P.S. 138 - BROOKLYN)"
SCA0000075385|M017,physical,,,review: environmental hygiene testing at one school (work at a particular place),reviewed,"2xh6-psuq version 2026-08-04, SCA0000075385|M017: SCA IEH: 'PO18-ABATE AND REPLACE  9X9  FLOOR TILES IN THE LIBRARY LOCATED IN THE 3RD FLOOR. IT IS 1320 SQUARE' at M017 (P.S. 212 - MANHATTAN)"
SCA0000075386|Q475,physical,,,review: environmental hygiene testing at one school (work at a particular place),reviewed,"2xh6-psuq version 2026-08-04, SCA0000075386|Q475: SCA IEH: 'PO18-77/27Q475/ABATE ALL INSULATION ON LEAKING STEAM PIPE RM 203 APPROX 20 FT HIGH ACTIVE LEAK' at Q475 (RICHMOND HILL HS - QUEENS)"
SCA0000075387|Q010,physical,,,review: environmental hygiene testing at one school (work at a particular place),reviewed,"2xh6-psuq version 2026-08-04, SCA0000075387|Q010: SCA IEH: 'PO18-EMERGENCY ABATEMENT PIPE INSULATION AT BASEMENT BOILER ROOM' at Q010 (I.S. 10 - QUEENS)"
SCA0000075388|R025,physical,,,review: environmental hygiene testing at one school (work at a particular place),reviewed,"2xh6-psuq version 2026-08-04, SCA0000075388|R025: SCA IEH: 'PO18-ASSIST STEAMFITTER: REMOVE ALL DEBRI IN CRAWL SPACE INCLUDING ACM PIPE COVERING THAT HAS DISLOD' at R025 (R025 SPED - STATEN ISLAND)"
SCA0000075389|X127,physical,,,review: environmental hygiene testing at one school (work at a particular place),reviewed,"2xh6-psuq version 2026-08-04, SCA0000075389|X127: SCA IEH: 'PO18-ABATE CEILING AND PIPE INSULATION IN CAFETERIA SPACE ID #1024A' at X127 (I.S. 127 - BRONX)"
SCA0000075390|M110,physical,,,review: environmental hygiene testing at one school (work at a particular place),reviewed,"2xh6-psuq version 2026-08-04, SCA0000075390|M110: SCA IEH: 'PO18-ABATE/REPLACE FLOOR TILES IN THE STORAGE ROOM #510   ( SPACE ID# 6510) THAT ARE DAMAGE. APPROX' at M110 (P.S. 110 - MANHATTAN)"
SCA0000075391|M084,physical,,,review: environmental hygiene testing at one school (work at a particular place),reviewed,"2xh6-psuq version 2026-08-04, SCA0000075391|M084: SCA IEH: 'PO18-ABATE/REPLACE FLOOR TILES IN  ROOM 317 DUE TO TILES CAMING UP BECAUSE OF THE LEAKING RADIATOR' at M084 (P.S. 84 - MANHATTAN)"
SCA0000075392|M084,physical,,,review: environmental hygiene testing at one school (work at a particular place),reviewed,"2xh6-psuq version 2026-08-04, SCA0000075392|M084: SCA IEH: 'PO18-ABATE CERAMIC WALL TILES, RADIATOR INSULATION AND TAR TO REPAIR STEAM LEAK FROM THE 3RD FL GIRL' at M084 (P.S. 84 - MANHATTAN)"
SCA0000075393|X043,physical,,,review: environmental hygiene testing at one school (work at a particular place),reviewed,"2xh6-psuq version 2026-08-04, SCA0000075393|X043: SCA IEH: 'PO18-OPEN FLOOR AND WALL AS NEEDED TO REPAIR ACTIVE STEAM LEAK SPACE #3118 AND 2006X ACTIVE RADIATOR' at X043 (P.S. 43 - BRONX)"
SCA0000075394|K316,physical,,,review: environmental hygiene testing at one school (work at a particular place),reviewed,"2xh6-psuq version 2026-08-04, SCA0000075394|K316: SCA IEH: 'PO18-OIL TANK LINE/PIPE INSULATION ABATEMENT FOR ISOLATION VALVE INSTALLS' at K316 (P.S. 316 - BROOKLYN)"
SCA0000075395|K113,physical,,,review: environmental hygiene testing at one school (work at a particular place),reviewed,"2xh6-psuq version 2026-08-04, SCA0000075395|K113: SCA IEH: 'PO18-OIL TANK LINE/PIPE INSULATION ABATEMENT FOR ISOLATION VALVE INSTALLS' at K113 (I.S. 113 - BROOKLYN)"
SCA0000075396|M133,physical,,,review: environmental hygiene testing at one school (work at a particular place),reviewed,"2xh6-psuq version 2026-08-04, SCA0000075396|M133: SCA IEH: 'PO18-OIL TANK LINE/PIPE INSULATION ABATEMENT FOR ISOLATION VALVE INSTALLS' at M133 (P.S. 133 - MANHATTAN)"
SCA0000075397|M191,physical,,,review: environmental hygiene testing at one school (work at a particular place),reviewed,"2xh6-psuq version 2026-08-04, SCA0000075397|M191: SCA IEH: 'PO18-OIL TANK LINE/PIPE INSULATION ABATEMENT FOR ISOLATION VALVE INSTALLS' at M191 (P.S. 452 - MANHATTAN)"
SCA0000075400|M155,physical,,,review: environmental hygiene testing at one school (work at a particular place),reviewed,"2xh6-psuq version 2026-08-04, SCA0000075400|M155: SCA IEH: 'PO18-OIL TANK LINE/PIPE INSULATION ABATEMENT FOR ISOLATION VALVE INSTALLS' at M155 (P.S. 155 - MANHATTAN)"
SCA0000075401|K289,physical,,,review: environmental hygiene testing at one school (work at a particular place),reviewed,"2xh6-psuq version 2026-08-04, SCA0000075401|K289: SCA IEH: 'PO18-OIL TANK LINE/PIPE INSULATION ABATEMENT FOR ISOLATION VALVE INSTALLS' at K289 (P.S. 289 - BROOKLYN)"
SCA0000075403|Q071,physical,,,review: environmental hygiene testing at one school (work at a particular place),reviewed,"2xh6-psuq version 2026-08-04, SCA0000075403|Q071: SCA IEH: 'PO18-AHERA P.S RESPONSE ACTION ABATE SOFT FILLER FLOORING MATERIAL AND FELT PAPER UNDER WOOD FLOOR I' at Q071 (P.S. 71 - QUEENS)"
SCA0000075404|K450,physical,,,review: environmental hygiene testing at one school (work at a particular place),reviewed,"2xh6-psuq version 2026-08-04, SCA0000075404|K450: SCA IEH: 'PO18-OIL TANK LINE/PIPE INSULATION ABATEMENT FOR ISOLATION VALVE INSTALLS' at K450 (PROGRESS HS - K)"
SCA0000075405|X205,physical,,,review: environmental hygiene testing at one school (work at a particular place),reviewed,"2xh6-psuq version 2026-08-04, SCA0000075405|X205: SCA IEH: 'PO18-OIL TANK LINE/PIPE INSULATION ABATEMENT FOR ISOLATION VALVE INSTALLS' at X205 (P.S. 205 - BRONX)"
SCA0000075406|X410,physical,,,review: environmental hygiene testing at one school (work at a particular place),reviewed,"2xh6-psuq version 2026-08-04, SCA0000075406|X410: SCA IEH: 'PO18-AUDITORIUM CEILING TESTED, SPACE ID 2190' at X410 (HS OF BUSINESS - BRONX)"
SCA0000075407|X076,physical,,,review: environmental hygiene testing at one school (work at a particular place),reviewed,"2xh6-psuq version 2026-08-04, SCA0000075407|X076: SCA IEH: 'PO18-ABATE FLOOR TILES IN ROOMS 419,460 AND 413 SPACE IDS - 5419 / 5460 / 5413' at X076 (P.S. 76 - BRONX)"
SCA0000075408|Q067,physical,,,review: environmental hygiene testing at one school (work at a particular place),reviewed,"2xh6-psuq version 2026-08-04, SCA0000075408|Q067: SCA IEH: 'PO18-ACM ABATEMENT AT GYM UNIT SUPPLY DUCTWORK AT SPOT 1 CE: JOSEPH CANTOR 718 423 8138' at Q067 (J.H.S. 67 - QUEENS)"
SCA0000075409|Q390,physical,,,review: environmental hygiene testing at one school (work at a particular place),reviewed,"2xh6-psuq version 2026-08-04, SCA0000075409|Q390: SCA IEH: 'PO18-REPAIR/REPLACE 8X8 GLAS PANE BLOCKS ACM TESTING FOR CALUCKING IN GLASS BLOCKS STAIRCASE  BETWEE' at Q390 (SUCCESS ACADEMY CHARTER SCHOOL - NYC 14)"
SCA0000075410|Q063,physical,,,review: environmental hygiene testing at one school (work at a particular place),reviewed,"2xh6-psuq version 2026-08-04, SCA0000075410|Q063: SCA IEH: 'PO18-ABATE & REPAIR/ENCAPSULATE/REMOVE THE DAMAGED ACM PIPE INSULATION 2ND FLOOR ROOM 214 4 LF OF BR' at Q063 (P.S. 63 - QUEENS)"
SCA0000075411|K027,physical,,,review: environmental hygiene testing at one school (work at a particular place),reviewed,"2xh6-psuq version 2026-08-04, SCA0000075411|K027: SCA IEH: 'PO18-ABATE 9X9 FLOOR TILE MATERIALS SURROUNDING PIPE GOING IN BETWEEN FLOORS. LOCATED ON THE 3RD FL' at K027 (RED HOOK NEIGHBORHOOD SCHOOL  - K)"
SCA0000075412|Q059,physical,,,review: environmental hygiene testing at one school (work at a particular place),reviewed,"2xh6-psuq version 2026-08-04, SCA0000075412|Q059: SCA IEH: 'PO18-ACM ABATEMENT-AUDITORIUM UNIT SUPPLY DUCT  NEXT TO REHEAT COIL 2 IN BASEMENT AT MAIN FAN ROOM' at Q059 (I.S. 59 - QUEENS)"
SCA0000075413|K345,physical,,,review: environmental hygiene testing at one school (work at a particular place),reviewed,"2xh6-psuq version 2026-08-04, SCA0000075413|K345: SCA IEH: 'PO18-ASSUME AND ABATE WALLS AND PIPE INSULATION WITHIN THE WALL ON MARKED WALL AT LOCATION: VESTOBUL' at K345 (P.S. 345 - BROOKLYN)"
SCA0000075414|Q445,physical,,,review: environmental hygiene testing at one school (work at a particular place),reviewed,"2xh6-psuq version 2026-08-04, SCA0000075414|Q445: SCA IEH: 'PO18-TEST INSULATION ON LEAKING RETURN LINE NORTH/EAST CORNER OF CAFETERIA. &IF POSITIVE AREA WILL B' at Q445 (WILLIAM C. BRYANT HS - QUEENS)"
SCA0000075415|R470,physical,,,review: environmental hygiene testing at one school (work at a particular place),reviewed,"2xh6-psuq version 2026-08-04, SCA0000075415|R470: SCA IEH: 'PO18-ASSIST STEAMFITTER OPEN CERAMIC TILE AND PLASTER WALL TO EXPOSE BROKEN STEAM PIPE, REMOVE ACM P' at R470 (CONCORD HS - R)"
SCA0000075416|Q165,physical,,,review: environmental hygiene testing at one school (work at a particular place),reviewed,"2xh6-psuq version 2026-08-04, SCA0000075416|Q165: SCA IEH: 'PO18-77/25Q165/ABATE 9X9 FLOOR TILE AND REPLACE ALL COMING UP NURSES OFFICE ROOM IS CLOSED' at Q165 (P.S. 165 - QUEENS)"
SCA0000075417|K600,physical,,,review: environmental hygiene testing at one school (work at a particular place),reviewed,"2xh6-psuq version 2026-08-04, SCA0000075417|K600: SCA IEH: 'PO18-ABATE APPROX. 4 LFT MARKED RED ON THE TOP PIPE INSULATION AT LOCATION LOCATION: FAN 1, REHEAT V' at K600 (CLARA BARTON HS - K)"
SCA0000075418|R050,physical,,,review: environmental hygiene testing at one school (work at a particular place),reviewed,"2xh6-psuq version 2026-08-04, SCA0000075418|R050: SCA IEH: 'PO18-ABATE PRESUMED ACM PIPE INSULATION IN ROOM# 141 SPACE ID# 2141 CONCELAED INSIDE SOFFIT NO ACCES' at R050 (P.S. 50 - STATEN ISLAND)"
SCA0000075419|K303,physical,,,review: environmental hygiene testing at one school (work at a particular place),reviewed,"2xh6-psuq version 2026-08-04, SCA0000075419|K303: SCA IEH: 'PO18-ABATE AND REPLACE 9X9 GREEN FLOOR- FLOOR TILES AHERA SPACE ID 2090E GYM OFFICE' at K303 (I.S. 303 - BROOKLYN)"
SCA0000075420|K126,physical,,,review: environmental hygiene testing at one school (work at a particular place),reviewed,"2xh6-psuq version 2026-08-04, SCA0000075420|K126: SCA IEH: 'PO18-ABATE AND REPAIR CEILINGPLASTER/ CEILING TILES SURVEY FLOORING AND UNDERLAYMENT, LOC : ROOM 142' at K126 (J.H.S. 126 - BROOKLYN)"
SCA0000075426|K845,physical,,,review: environmental hygiene testing at one school (work at a particular place),reviewed,"2xh6-psuq version 2026-08-04, SCA0000075426|K845: SCA IEH: 'PO18-PLEASE TEST AND ABATE FLOOR AREA APPROX 2'X20' FT IN THE CORRIDOR NEXT TO THE DANCE ROOM AND ST' at K845 (I.S. 443 - BROOKLYN)"
SCA0000075427|Q152,physical,,,review: environmental hygiene testing at one school (work at a particular place),reviewed,"2xh6-psuq version 2026-08-04, SCA0000075427|Q152: SCA IEH: 'PO18-77/30Q152 / ABATE STEAM RISER & RETURN 228 LEAKING ABBATE BOTH LINES FLOOR TO CEILING APPROX 12' at Q152 (P.S. 152 - QUEENS)"
SCA0000075428|K802,physical,,,review: environmental hygiene testing at one school (work at a particular place),reviewed,"2xh6-psuq version 2026-08-04, SCA0000075428|K802: SCA IEH: 'PO18-TEST AND ABATE PIPE INSULATION LOC: SPACE ID 1000A, BASEMENT HALLWAY 12' OF PIPE INSULATION COV' at K802 (VIRTUAL INNOVATORS ACADEMY (A SCHOOL WITHOUT WALLS VIRTUAL))"
SCA0000075429|K460,physical,,,review: environmental hygiene testing at one school (work at a particular place),reviewed,"2xh6-psuq version 2026-08-04, SCA0000075429|K460: SCA IEH: 'PO18-ABATE ACM COVERING ON CONDENSATE RETURN PIPES AND ALL THE RESIDUE AROUND THE PIPES IN THE TRENC' at K460 (MILLENIUM BROOKLYN HIGH SCHOOL - K)"
SCA0000075430|Q374,physical,,,review: environmental hygiene testing at one school (work at a particular place),reviewed,"2xh6-psuq version 2026-08-04, SCA0000075430|Q374: SCA IEH: 'PO18-INSTALL A SPLIT AC UNIT IN ROOMS #220A, 220B, 320A, 320B DRILLING IS REQUIRED ATTACHED IS THE D' at Q374 (SUCCESS ACADEMY CHARTER SCHOOL - ROSEDALE - NEW YORK 5)"
SCA0000075431|M099,physical,,,review: environmental hygiene testing at one school (work at a particular place),reviewed,"2xh6-psuq version 2026-08-04, SCA0000075431|M099: SCA IEH: 'PO18-ABATE FLOOR IN ROOM RM 109-3 (SPACE ID# 2109C) DUE TO STEAM LEAKS APPROX. 105 SF' at M099 (I.S. 224 - MANHATTAN)"
SCA0000075432|M017,physical,,,review: environmental hygiene testing at one school (work at a particular place),reviewed,"2xh6-psuq version 2026-08-04, SCA0000075432|M017: SCA IEH: 'PO18-ABATE AND REPLACE FLOOR TILES 5TH FL HALLWAY (SPACE ID# 6000B) REPLACE APPROXIMATELY 100 SQ FT' at M017 (P.S. 212 - MANHATTAN)"
SCA0000075433|M600,physical,,,review: environmental hygiene testing at one school (work at a particular place),reviewed,"2xh6-psuq version 2026-08-04, SCA0000075433|M600: SCA IEH: 'PO18-ABATE DETERIORATING 9X9 ASBESTOS FLOOR TILE 700 SQ' ROOM 703 (SPACE ID# 8703) USED FOR DC 75 ST' at M600 (FASHION INDUSTRIES VOC HS - M)"
SCA0000075434|M046,physical,,,review: environmental hygiene testing at one school (work at a particular place),reviewed,"2xh6-psuq version 2026-08-04, SCA0000075434|M046: SCA IEH: 'PO18-ONLY ABATE  FLOOR TILES IN THE GYM (SPACE ID# 2170) . ABATE AND REPLACE  FLOOR TILES IN THE GEN' at M046 (P.S. 46 - MANHATTAN)"
SCA0000075435|K138,physical,,,review: environmental hygiene testing at one school (work at a particular place),reviewed,"2xh6-psuq version 2026-08-04, SCA0000075435|K138: SCA IEH: 'PO18-1. ABATE 4 LINEAR FEET OF PIPE WRAP RED PAINT IN BOYS BATHROOM ON THE 3RD FLOOR ACROSS FROM ROO' at K138 (P.S. 138 - BROOKLYN)"
SCA0000075436|K067,physical,,,review: environmental hygiene testing at one school (work at a particular place),reviewed,"2xh6-psuq version 2026-08-04, SCA0000075436|K067: SCA IEH: 'PO18-ABATE FLOOR AREA APPROX 5'X5' AROUND A STEAM PIPE FEEDING A RADIATOR IN ROOM 413A. AREA MARKED' at K067 (P.S. 67 - BROOKLYN)"
SCA0000075437|X093,physical,,,review: environmental hygiene testing at one school (work at a particular place),reviewed,"2xh6-psuq version 2026-08-04, SCA0000075437|X093: SCA IEH: 'PO18-ABATE PIPE INSULATION IN HALLWAY BY 262, SECOND FLOOR SPACE ID 3000' at X093 (P.S. 93 - BRONX)"
SCA0000075438|Q068,physical,,,review: environmental hygiene testing at one school (work at a particular place),reviewed,"2xh6-psuq version 2026-08-04, SCA0000075438|Q068: SCA IEH: 'PO18-ABATE AND REPAIR CLASSROOM 303 CEILING CRACKS' at Q068 (P.S. 68 - QUEENS)"
SCA0000075439|R455,physical,,,review: environmental hygiene testing at one school (work at a particular place),reviewed,"2xh6-psuq version 2026-08-04, SCA0000075439|R455: SCA IEH: 'PO18-ASSIST PLUMBERS: REMOVE ACM PIPE COVERING ON 1IN COLD WATER LINE LOCATED IN THE AUTO SHOP ROOM#' at R455 (TOTTENVILLE HS - STATEN ISLAND)"
SCA0000075440|K265,physical,,,review: environmental hygiene testing at one school (work at a particular place),reviewed,"2xh6-psuq version 2026-08-04, SCA0000075440|K265: SCA IEH: 'PO18-ABATE PIPE AND PLASTER 1) CLASSROOM B7, SPACE ID 1107 CEILING ACCOUSTICAL PLASTER (RED) 2' X 7'' at K265 (I.S. 265 - BROOKLYN)"
SCA0000075442|Q456,physical,,,review: environmental hygiene testing at one school (work at a particular place),reviewed,"2xh6-psuq version 2026-08-04, SCA0000075442|Q456: SCA IEH: 'PO18-77/Q456/24/ACM TEST REQUEST FOR CORE DRILLING RM 156 FOR VERIZON TO RUN 2 INCH EMT FOR FIBER LI' at Q456 (HS FOR ARTS AND BUSINESS - QUEENS)"
SCA0000075445|R021,physical,,,review: environmental hygiene testing at one school (work at a particular place),reviewed,"2xh6-psuq version 2026-08-04, SCA0000075445|R021: SCA IEH: 'PO18-ABATE 50 SQFT OF DAMAGED  WALL PLASTER & CEILING PLASTER IN ROOM# 108' at R021 (P.S. 21 - STATEN ISLAND)"
SCA0000075446|R042,physical,,,review: environmental hygiene testing at one school (work at a particular place),reviewed,"2xh6-psuq version 2026-08-04, SCA0000075446|R042: SCA IEH: 'PO18-PERFORM ACM ABATEMENT ON GYM CEILING MASTIC CONFIRMED ACM IN AHERA BOOK' at R042 (P.S. 42 - STATEN ISLAND)"
SCA0000075447|X097,physical,,,review: environmental hygiene testing at one school (work at a particular place),reviewed,"2xh6-psuq version 2026-08-04, SCA0000075447|X097: SCA IEH: 'PO18-AHERA P.S RESONSE ACTION DETAILED SCOPE PROVIDED IN EMAIL' at X097 (P.S. 97 - BRONX)"
SCA0000075448|M115,physical,,,review: environmental hygiene testing at one school (work at a particular place),reviewed,"2xh6-psuq version 2026-08-04, SCA0000075448|M115: SCA IEH: 'PO18-FOLLOWING LOCATIONS REQUIRES ACM ABATEMENT AND REPAIR: 1ST FL BATHRM 2 - 011A - 4 SQ FT OF DAMA' at M115 (P.S. 115 - MANHATTAN)"
SCA0000075449|K580,physical,,,review: environmental hygiene testing at one school (work at a particular place),reviewed,"2xh6-psuq version 2026-08-04, SCA0000075449|K580: SCA IEH: 'PO18-ABATE IN LOCS : OUTSIDE AIR DUCT FOR S-4, LOCATIONS FOR OUR SENSORS AND OUTSIDE AIR DAMPER ACTU' at K580 (GEORGE WESTINGHOUSE VOC. HS)"
SCA0000075450|K308,physical,,,review: environmental hygiene testing at one school (work at a particular place),reviewed,"2xh6-psuq version 2026-08-04, SCA0000075450|K308: SCA IEH: 'PO18-AHERA P.S RESPONSE ACTION DETAILED SCOPE PROVIDED IN EMAIL' at K308 (P.S. 308 - BROOKLYN)"
SCA0000075451|X036,physical,,,review: environmental hygiene testing at one school (work at a particular place),reviewed,"2xh6-psuq version 2026-08-04, SCA0000075451|X036: SCA IEH: 'PO18-AHERA P.S RESPONSE ACTION DETAILED SCOPE PROVIDED IN EMAIL' at X036 (P.S. 36 - BRONX)"
SCA0000075452|K776,physical,,,review: environmental hygiene testing at one school (work at a particular place),reviewed,"2xh6-psuq version 2026-08-04, SCA0000075452|K776: SCA IEH: 'PO18-AHERA P.S P.S RESPONSE ACTION ABATE 9X9 FLOOR TILES LVL 1 BROWN/VARIOUS SPOTS IN AUDITORIUM/CAF' at K776 (P.S. 152 - BROOKLYN)"
SCA0000075453|M844,physical,,,review: environmental hygiene testing at one school (work at a particular place),reviewed,"2xh6-psuq version 2026-08-04, SCA0000075453|M844: SCA IEH: 'PO18-ABATE THE FOLLOWING LOCATIONS MAIN LOBBY (SPACE ID# 2000) =  MARBLE MASTIC ROOM 114 (SPACE ID#' at M844 (M721 SPED - MANHATTAN)"
SCA0000075454|Q217,physical,,,review: environmental hygiene testing at one school (work at a particular place),reviewed,"2xh6-psuq version 2026-08-04, SCA0000075454|Q217: SCA IEH: 'PO18-77/28Q217/ABATE AND REPLACE 9X9 FLOOR TILE IN RMS 4320&1001 RM 4320 APPROX 4 SQ FT OF 9X9 FL TI' at Q217 (I.S. 217 - QUEENS)"
SCA0000075455|K160,physical,,,review: environmental hygiene testing at one school (work at a particular place),reviewed,"2xh6-psuq version 2026-08-04, SCA0000075455|K160: SCA IEH: 'PO18-ABATE AND REPAIR PIPE INSULATION IN ROOM 205 SPACE ID 3205 STEAM LEAK' at K160 (P.S. 160 - BROOKLYN)"
SCA0000075456|K286,physical,,,review: environmental hygiene testing at one school (work at a particular place),reviewed,"2xh6-psuq version 2026-08-04, SCA0000075456|K286: SCA IEH: 'PO18-ABATE AND REMOVE APPROX 90 FEET OF ACM PIPE COVER IN THE PIPE CHASE .  LOCATED IN ROOM 134B. PA' at K286 (K811 SPED - BROOKLYN)"
SCA0000075457|K216,physical,,,review: environmental hygiene testing at one school (work at a particular place),reviewed,"2xh6-psuq version 2026-08-04, SCA0000075457|K216: SCA IEH: 'PO18-ABATE AND REPAIR ACM PIPE INSULATION APPROX 8LFT DAMAGED AND AS PER AHERA 30 LFT PIPE INS ULATI' at K216 (P.S. 216 - BROOKLYN)"
SCA0000075458|M480,physical,,,review: environmental hygiene testing at one school (work at a particular place),reviewed,"2xh6-psuq version 2026-08-04, SCA0000075458|M480: SCA IEH: 'PO18-ABATE PIPE INSULATION IN HALLWAY BASEMENT  (SPACE ID# 1000). ASBESTOS FELL FROM A PIPE IN THE B' at M480 (P.S. 225 - MANHATTAN)"
SCA0000075459|K410,physical,,,review: environmental hygiene testing at one school (work at a particular place),reviewed,"2xh6-psuq version 2026-08-04, SCA0000075459|K410: SCA IEH: 'PO18-ABATE AND REPAIR ACM INSULATION ROOM 1201 - MAIN CAFETERIA, ACTIVE LEAK AROUND 12 FT HIGH - APP' at K410 (ABRAHAM LINCOLN HS - BROOKLYN)"
SCA0000075460|M435,physical,,,review: environmental hygiene testing at one school (work at a particular place),reviewed,"2xh6-psuq version 2026-08-04, SCA0000075460|M435: SCA IEH: 'PO18-ABATE/REPLACE CEILING IN AUDITORIUM.(SPACE ID# 2902) LEAK WILL BE REPAIRED BY CUSTODIAN STAFF' at M435 (MANHTN CT FOR MATH & SCI. HS - M)"
SCA0000075462|X113,physical,,,review: environmental hygiene testing at one school (work at a particular place),reviewed,"2xh6-psuq version 2026-08-04, SCA0000075462|X113: SCA IEH: 'PO18-ABATE FLOOR TILES IN ROOMS 225 AND 323 SPACE ID - 3225 AND 4323' at X113 (SCHOOL OF DIPLOMACY)"
SCA0000075463|Q076,physical,,,review: environmental hygiene testing at one school (work at a particular place),reviewed,"2xh6-psuq version 2026-08-04, SCA0000075463|Q076: SCA IEH: 'PO18-ABATE AND REPLACE THE LEAKING RADIATOR PIPE INSULATION  119 PRE -K ROOM DAMAGED FLOOR TILES FOR' at Q076 (P.S. 76 - QUEENS)"
SCA0000075464|K068,physical,,,review: environmental hygiene testing at one school (work at a particular place),reviewed,"2xh6-psuq version 2026-08-04, SCA0000075464|K068: SCA IEH: 'PO18-ABATE AND  REMOVE ACM PIPE INSULATION ON SIX LINES, 3 LINES ARE IN ROOM B 28 PIPES ARE LOCATED' at K068 (I.S. 68 - BROOKLYN)"
SCA0000075465|Q151,physical,,,review: environmental hygiene testing at one school (work at a particular place),reviewed,"2xh6-psuq version 2026-08-04, SCA0000075465|Q151: SCA IEH: 'PO18-ABATE REPAIR/ENCAPSULATE ALL DAMAGED ACM PIPE INSULATION 1ST FLOOR BATHROOM 157' at Q151 (P.S. 151 - QUEENS)"
SCA0000075466|Q063,physical,,,review: environmental hygiene testing at one school (work at a particular place),reviewed,"2xh6-psuq version 2026-08-04, SCA0000075466|Q063: SCA IEH: 'PO18-ABATE & REPAIR/ENCAPSULATE/REMOVE THE DAMAGED ACM PIPE INSULATION 2ND FLOOR ROOM 214' at Q063 (P.S. 63 - QUEENS)"
SCA0000075467|M440,physical,,,review: environmental hygiene testing at one school (work at a particular place),reviewed,"2xh6-psuq version 2026-08-04, SCA0000075467|M440: SCA IEH: 'PO18-ABATE PIPE INSULATION IN FAN ROOM B25 (SPACE ID#1025) THAT IS LEAKING APPROXIMATELY 10 FEET OF' at M440 (HUDSON HS OF LEARNING TECH - MANHATTAN)"
SCA0000075468|K099,physical,,,review: environmental hygiene testing at one school (work at a particular place),reviewed,"2xh6-psuq version 2026-08-04, SCA0000075468|K099: SCA IEH: 'PO18-ABATE 9X9 FLOOR TILE  FLOOR APPRX 2700SQFT TILES ARE BABDLY BROKEN CAUSES HAZARD 1ST FLR CORRID' at K099 (P.S. 99 - BROOKLYN)"
SCA0000075470|X071,physical,,,review: environmental hygiene testing at one school (work at a particular place),reviewed,"2xh6-psuq version 2026-08-04, SCA0000075470|X071: SCA IEH: 'PO18-ABATE FLOOR IN GYMNASIUM IN SPACE ID'S #4365, #6564' at X071 (P.S. 71 - BRONX)"
SCA0000075471|M102,physical,,,review: environmental hygiene testing at one school (work at a particular place),reviewed,"2xh6-psuq version 2026-08-04, SCA0000075471|M102: SCA IEH: 'PO18-ABATE PIPE INSULATION IN PLAY AREA (SPACE ID# 2017) MORE THAN 10 LINEAR FEET NEEDS TO BE ABATED' at M102 (P.S. 102 - MANHATTAN)"
SCA0000075474|K410,physical,,,review: environmental hygiene testing at one school (work at a particular place),reviewed,"2xh6-psuq version 2026-08-04, SCA0000075474|K410: SCA IEH: 'PO18-ABATE PIPE INSULATION IN CRAWL SPACE UNDER FLOOR IN ROOM #B43 CRAWL SPACE IS FLOODED AND FILLED' at K410 (ABRAHAM LINCOLN HS - BROOKLYN)"
SCA0000075475|M115,physical,,,review: environmental hygiene testing at one school (work at a particular place),reviewed,"2xh6-psuq version 2026-08-04, SCA0000075475|M115: SCA IEH: 'PO18-ABATE MASTIC CERAMIC WALL TILES ROOM 562  ( SPACE ID# 6562)' at M115 (P.S. 115 - MANHATTAN)"
SCA0000075477|K430,physical,,,review: environmental hygiene testing at one school (work at a particular place),reviewed,"2xh6-psuq version 2026-08-04, SCA0000075477|K430: SCA IEH: 'PO18-ABATE 15' FT OF ACM PIPE INSULATION FROM STEAM RISER IN ROOM 1N4/ COMPUTER ROOM. ID; 21N4 ACM I' at K430 (BROOKLYN TECH HS - K)"
SCA0000075478|Q336,physical,,,review: environmental hygiene testing at one school (work at a particular place),reviewed,"2xh6-psuq version 2026-08-04, SCA0000075478|Q336: SCA IEH: 'PO18-77/25Q336 /OPEN WALL IN RM 207 FLOOR TO CEILING ABATE ANY PIPE ISULATIN ON STEAM LINES IN WALL' at Q336 (COLLEGE POINT COLLABORATIVE - QUEENS)"
SCA0000075479|X059,physical,,,review: environmental hygiene testing at one school (work at a particular place),reviewed,"2xh6-psuq version 2026-08-04, SCA0000075479|X059: SCA IEH: 'PO18-ABATE FLOOR TILES IN ROOMS 406A AND 406B SPACE ID - 5406A AND 5406B' at X059 (P.S. 59 - BRONX)"
SCA0000075480|Q134,physical,,,review: environmental hygiene testing at one school (work at a particular place),reviewed,"2xh6-psuq version 2026-08-04, SCA0000075480|Q134: SCA IEH: 'PO18-ABATE & REMOVE 1 L.FT OF MAGNESIA PIPE INSULATION IN BOTH ROOMS 121 AND 124' at Q134 (P.S. 134 - QUEENS)"
SCA0000075481|M025,physical,,,review: environmental hygiene testing at one school (work at a particular place),reviewed,"2xh6-psuq version 2026-08-04, SCA0000075481|M025: SCA IEH: 'PO18-ABATE FLOOR TILES IN ROOM 242  ( SPACE ID# 3242) TO REPAIR STEAM LEAKS' at M025 (LOWER EAST SIDE PREP HS - M)"
SCA0000075482|X098,physical,,,review: environmental hygiene testing at one school (work at a particular place),reviewed,"2xh6-psuq version 2026-08-04, SCA0000075482|X098: SCA IEH: 'PO18-ABATE APPROX. 14' OF ACM ON STEAM LINE IN BOILER ROOM REQUESTING EMERGENCY ABATEMENT TO REPLACE' at X098 (BRONX ENVISION ACADEMY - BRONX)"
SCA0000075483|M495,physical,,,review: environmental hygiene testing at one school (work at a particular place),reviewed,"2xh6-psuq version 2026-08-04, SCA0000075483|M495: SCA IEH: 'PO18-1) 4-INCH CORE DRILLING (2 LOCATIONS) NEEDS TO BE DONE ON STAIR B. ONE BETWEEN THE 1ST AND 2ND' at M495 (PARK EAST HS - MANHATTAN)"
SCA0000075484|M046,physical,,,review: environmental hygiene testing at one school (work at a particular place),reviewed,"2xh6-psuq version 2026-08-04, SCA0000075484|M046: SCA IEH: 'PO18-ABATE FLOOR TILES IN PRINCIPAL OFFICE RM 123 (SPACE ID# 2123), ROOM 121A (SPACE ID#  2121A), RO' at M046 (P.S. 46 - MANHATTAN)"
SCA0000075485|M154,physical,,,review: environmental hygiene testing at one school (work at a particular place),reviewed,"2xh6-psuq version 2026-08-04, SCA0000075485|M154: SCA IEH: 'PO18-ABATE PIPE INSULATION IN B5 BOILER ROOM (SPACE ID# 1003) IT IS ABOUT 15 FEET AND INSULATION IS' at M154 (P.S. 154 - MANHATTAN)"
SCA0000075486|K105,physical,,,review: environmental hygiene testing at one school (work at a particular place),reviewed,"2xh6-psuq version 2026-08-04, SCA0000075486|K105: SCA IEH: 'PO18-ABATE AND REPLACE FLOOR TILES ROOM 213, 415, 451, 505, 507, 512 CE: ROBINSON REYES' at K105 (P.S. 105 - BROOKLYN)"
SCA0000075487|X076,physical,,,review: environmental hygiene testing at one school (work at a particular place),reviewed,"2xh6-psuq version 2026-08-04, SCA0000075487|X076: SCA IEH: 'PO18-ABATE AND REPLACE FLOOR TILES IN 1ST AND 2ND FLOORS, STAIRWELL E IN AUDITORIUM AND STAIRWELL E,' at X076 (P.S. 76 - BRONX)"
SCA0000075488|M110,physical,,,review: environmental hygiene testing at one school (work at a particular place),reviewed,"2xh6-psuq version 2026-08-04, SCA0000075488|M110: SCA IEH: 'PO18-ABATEMENT OF WALL PLASTER DUE TO INSTALLATION OF NEW WASTE LINES WALL NEEDS TO BE OPEN 24' BY 2' at M110 (P.S. 110 - MANHATTAN)"
SCA0000075489|Q068,physical,,,review: environmental hygiene testing at one school (work at a particular place),reviewed,"2xh6-psuq version 2026-08-04, SCA0000075489|Q068: SCA IEH: 'PO18-ABATE AND REPAIR DAMAGED CEILING RM 308 &IF POSITIVE AREA WILL BE MARKED OUT FOR ABATEMENT' at Q068 (P.S. 68 - QUEENS)"
SCA0000075490|X055,physical,,,review: environmental hygiene testing at one school (work at a particular place),reviewed,"2xh6-psuq version 2026-08-04, SCA0000075490|X055: SCA IEH: 'PO18-ABATE PIPE INSULATION OF APPROX.15 LF & 2LF OF ACTIVE LEAK IN THE FAN ROOM #3 REQUESTING EMERGE' at X055 (P.S. 55 - BRONX)"
SCA0000075491|Q232,physical,,,review: environmental hygiene testing at one school (work at a particular place),reviewed,"2xh6-psuq version 2026-08-04, SCA0000075491|Q232: SCA IEH: 'PO18-AHERA P.S RESPONSE ACTION ABATE 9*9 FLOOR TILES GREEN/WHITE LINES SECOND FLOOR HALLWAY SPACE ID' at Q232 (P.S. 232 - QUEENS)"
SCA0000075492|K152,physical,,,review: environmental hygiene testing at one school (work at a particular place),reviewed,"2xh6-psuq version 2026-08-04, SCA0000075492|K152: SCA IEH: 'PO18-AHERA P.S RESPONSE ACTION ABATEMENT ABATE AND REPLACE/REPAIR - WALL PLASTER LVL 4 ROOMS AT 4319' at K152 (P.S. 315 - BROOKLYN)"
SCA0000075493|Q221,physical,,,review: environmental hygiene testing at one school (work at a particular place),reviewed,"2xh6-psuq version 2026-08-04, SCA0000075493|Q221: SCA IEH: 'PO18-AHERA P.S RESPONSE ACTION DETAILED SCOPE PROVIDED IN THE EMAIL' at Q221 (P.S. 221 - QUEENS)"
SCA0000075494|X410,physical,,,review: environmental hygiene testing at one school (work at a particular place),reviewed,"2xh6-psuq version 2026-08-04, SCA0000075494|X410: SCA IEH: 'PO18-P.S RESPONSE ACTION ABATE FELT PAPER UNDER WOO FLOOR #4323 (CLASSROOM) #4327(CLASSROOM) ,4329(C' at X410 (HS OF BUSINESS - BRONX)"
SCA0000075495|X034,physical,,,review: environmental hygiene testing at one school (work at a particular place),reviewed,"2xh6-psuq version 2026-08-04, SCA0000075495|X034: SCA IEH: 'PO18-P.S RESPONSE ACTION ABATE SOFT CONCRETE FILLER MATERIAL#1009 (MECHANICAL ROOM) & #1002 (GENERAT' at X034 (X188 SPED - BRONX)"
SCA0000075496|K142,physical,,,review: environmental hygiene testing at one school (work at a particular place),reviewed,"2xh6-psuq version 2026-08-04, SCA0000075496|K142: SCA IEH: 'PO18-AHERA P.S RESPONSE ACTION ABATEMENT ABATE AND REPLACE/REPAIR THE CEILING PLASTER IN THE STAIRCA' at K142 (I.S. 448 - BROOKLYN)"
SCA0000075497|K139,physical,,,review: environmental hygiene testing at one school (work at a particular place),reviewed,"2xh6-psuq version 2026-08-04, SCA0000075497|K139: SCA IEH: 'PO18-AHERA P.S RESPONSE ACTION ABATEMENT ABATE AND REPLACE/REPAIR 9X9 FLOOR TILES LVL 4 ADDN 1 GREEN' at K139 (P.S. 139 - BROOKLYN)"
SCA0000075498|X111,physical,,,review: environmental hygiene testing at one school (work at a particular place),reviewed,"2xh6-psuq version 2026-08-04, SCA0000075498|X111: SCA IEH: 'PO18-P.S RESPONSE ACTION ABATE CERAMIC TILE MASTIC #1042 (MEN'S TOILET ) ABATE SOFT CONCRETE FILLER' at X111 (P.S. 111 - BRONX)"
SCA0000075499|K470,physical,,,review: environmental hygiene testing at one school (work at a particular place),reviewed,"2xh6-psuq version 2026-08-04, SCA0000075499|K470: SCA IEH: 'PO18-AHERA P.S RESPONSE ACTION DETAILED SCOPE PROVIDED IN EMAIL' at K470 (H.S. 745 - BROOKLYN)"
SCA0000075500|Q125,physical,,,review: environmental hygiene testing at one school (work at a particular place),reviewed,"2xh6-psuq version 2026-08-04, SCA0000075500|Q125: SCA IEH: 'PO18-AHERA P.S RESPONSE ACTION ABATE WALL PAINT/PRIMER OIL TANK ROOM - SPACE ID : 1012' at Q125 (I.S. 125 - QUEENS)"
SCA0000075501|Q029,physical,,,review: environmental hygiene testing at one school (work at a particular place),reviewed,"2xh6-psuq version 2026-08-04, SCA0000075501|Q029: SCA IEH: 'PO18-AHERS P.S RESPONSE ACTION DETAILED SCOPE' at Q029 (P.S. 29 - QUEENS)"
SCA0000075502|K610,physical,,,review: environmental hygiene testing at one school (work at a particular place),reviewed,"2xh6-psuq version 2026-08-04, SCA0000075502|K610: SCA IEH: 'PO18-AHERA P.S RESPONSE ACTION ABATEMENT DETAILED SCOPE' at K610 (A-TECH HIGH SCHOOL - K)"
SCA0000075503|Q322,physical,,,review: environmental hygiene testing at one school (work at a particular place),reviewed,"2xh6-psuq version 2026-08-04, SCA0000075503|Q322: SCA IEH: 'PO18-AHERA P.S RESPONSE ACTION DETAILED SCOPE OF WORK IS MENTIONED IN THE EMAIL' at Q322 (THE RIVERVIEW SCHOOL - QUEENS)"
SCA0000075504|K485,physical,,,review: environmental hygiene testing at one school (work at a particular place),reviewed,"2xh6-psuq version 2026-08-04, SCA0000075504|K485: SCA IEH: 'PO18-AHERA P.S RESPONSE ACTION ABATE DAMAGED 3000C WALL PLASTER STAIRCASES & DAMAGED 4000A PIPE INSU' at K485 (TELECOM. ARTS & TECH. HS - K)"
SCA0000075505|X002,physical,,,review: environmental hygiene testing at one school (work at a particular place),reviewed,"2xh6-psuq version 2026-08-04, SCA0000075505|X002: SCA IEH: 'PO18-P.S RESPONSE ACTION ABATE WHITE AIRCELL PIPE INSULATION IN #1011 (TANK ROOM) ,#1016 (BOILER ROO' at X002 (BRONX CNTR FOR SCIENCE & MATH - X)"
SCA0000075506|Q196,physical,,,review: environmental hygiene testing at one school (work at a particular place),reviewed,"2xh6-psuq version 2026-08-04, SCA0000075506|Q196: SCA IEH: 'PO18-AHERA P.S RESPONSE ACTION DETAILED SCOPE PROVIDED IN EMAIL' at Q196 (P.S. 196 - QUEENS)"
SCA0000075507|K150,physical,,,review: environmental hygiene testing at one school (work at a particular place),reviewed,"2xh6-psuq version 2026-08-04, SCA0000075507|K150: SCA IEH: 'PO18-AHERA P.S RESPONSE ACTION ABATEMENT DETAILED SCOPE PROVIDED IN EMAIL' at K150 (P.S. 150 - BROOKLYN)"
SCA0000075508|K046,physical,,,review: environmental hygiene testing at one school (work at a particular place),reviewed,"2xh6-psuq version 2026-08-04, SCA0000075508|K046: SCA IEH: 'PO18-AHERA  P.S RESPONSE ACTION ABATEMENT ABATE AND REPLACE/REPAIR 9X9 FLOOR TILES BSMNT DARK BROWN/' at K046 (FORT GREENE PREPARATORY ACADEMY - BROOKLYN)"
SCA0000075509|X852,physical,,,review: environmental hygiene testing at one school (work at a particular place),reviewed,"2xh6-psuq version 2026-08-04, SCA0000075509|X852: SCA IEH: 'PO18-P.S RESPONSE ACTION ABATE SOFT CONCRETE FILLER MATERIAL #3211 (CLASSROOM)' at X852 (BRONX DANCE ACADEMY - BRONX)"
SCA0000075510|X094,physical,,,review: environmental hygiene testing at one school (work at a particular place),reviewed,"2xh6-psuq version 2026-08-04, SCA0000075510|X094: SCA IEH: 'PO18-P.S RESPONSE ACTION ABATE CEILING PLASTER  LVL3 ROOM - SPACE ID :3219 - CLASSROOM ABATE CEILING' at X094 (P.S. 94 - BRONX)"
SCA0000075511|Q177,physical,,,review: environmental hygiene testing at one school (work at a particular place),reviewed,"2xh6-psuq version 2026-08-04, SCA0000075511|Q177: SCA IEH: 'PO18-AHERA P.S RESPONSE ACTION ABATE ACOUSTICAL PLASTER LVL 2 AUDITORIUM CEILING AND ACOUSTICAL PLAS' at Q177 (Q177 SPED - QUEENS)"
SCA0000075512|M540,physical,,,review: environmental hygiene testing at one school (work at a particular place),reviewed,"2xh6-psuq version 2026-08-04, SCA0000075512|M540: SCA IEH: 'PO18-ABATE PIPE INSULATION IN THE LIBRARY (SPACE ID# 3213) TO REPAIR A STEAM LEAK LINE. IT IS 20 LIN' at M540 (A. PHILIP RANDOLPH HS -MANHATTAN)"
SCA0000075513|M115,physical,,,review: environmental hygiene testing at one school (work at a particular place),reviewed,"2xh6-psuq version 2026-08-04, SCA0000075513|M115: SCA IEH: 'PO18-ACM ABATEMENT REQUIRED (WALL PLASTER) LOCATION: 3RD FL, ROOM 307 - DAMAGED WALL PLASTER INSIDE' at M115 (P.S. 115 - MANHATTAN)"
SCA0000075514|X089,physical,,,review: environmental hygiene testing at one school (work at a particular place),reviewed,"2xh6-psuq version 2026-08-04, SCA0000075514|X089: SCA IEH: 'PO18-P.S RESPONSE ACTION ABATE SOFT CONCRETE FILLER FLOORING MATERIAL - SPACE ID :3224- CLASSROOM AB' at X089 (P.S. 89 - BRONX)"
SCA0000075515|X445,physical,,,review: environmental hygiene testing at one school (work at a particular place),reviewed,"2xh6-psuq version 2026-08-04, SCA0000075515|X445: SCA IEH: 'PO18-ACM TEST TILE IN RM- 001, 101, 102, 103, 107, 111, 113 SPACE ID - 1001,2101,2102,2103,2107,2111' at X445 (BRONX HS OF SCIENCE - X)"
SCA0000075516|M025,physical,,,review: environmental hygiene testing at one school (work at a particular place),reviewed,"2xh6-psuq version 2026-08-04, SCA0000075516|M025: SCA IEH: 'PO18-CORE DRILLING THROUGH THE FLOOR(ROOM 332 FLOOR TO ROOM 232 CEILING). ROOM 332 (SPACE ID# 4332)' at M025 (LOWER EAST SIDE PREP HS - M)"
SCA0000075517|K600,physical,,,review: environmental hygiene testing at one school (work at a particular place),reviewed,"2xh6-psuq version 2026-08-04, SCA0000075517|K600: SCA IEH: 'PO18-ABATE FLOORS AT LOCATION LOCATION: ROOM 105 (SPACE ID 2105) (10+) 12 X 12 TILES WERE RIPPED WHE' at K600 (CLARA BARTON HS - K)"
SCA0000075519|X084,physical,,,review: environmental hygiene testing at one school (work at a particular place),reviewed,"2xh6-psuq version 2026-08-04, SCA0000075519|X084: SCA IEH: 'PO18-P.S RESPONSE ACTION ABATE BOILER BREECHING #1012 - BOILER ROOM' at X084 (X811 SPED - BRONX)"
SCA0000075520|X119,physical,,,review: environmental hygiene testing at one school (work at a particular place),reviewed,"2xh6-psuq version 2026-08-04, SCA0000075520|X119: SCA IEH: 'PO18-ACM TEST 2ND FLOOR HALLWAY TILES SPACE ID - 3000' at X119 (P.S. 119 - BRONX)"
SCA0000075521|X205,physical,,,review: environmental hygiene testing at one school (work at a particular place),reviewed,"2xh6-psuq version 2026-08-04, SCA0000075521|X205: SCA IEH: 'PO18-ABATE 12*12 FLOOR TILES & METAL SINK UNDERCOATING  SPACE ID #3216' at X205 (P.S. 205 - BRONX)"
SCA0000075522|K238,physical,,,review: environmental hygiene testing at one school (work at a particular place),reviewed,"2xh6-psuq version 2026-08-04, SCA0000075522|K238: SCA IEH: 'PO18-ABATE AND REPLACE 9X9 FLOOR TILES ROOM 124 SPACE ID : 2142' at K238 (P.S. 238 - BROOKLYN)"
SCA0000075523|M155,physical,,,review: environmental hygiene testing at one school (work at a particular place),reviewed,"2xh6-psuq version 2026-08-04, SCA0000075523|M155: SCA IEH: 'PO18-REMOVE ACM FROM WATER LINES IN BASEMENT BOILER ROOM 20' IN TOTAL SPACE ID NUMBER 1000 PIPE IS L' at M155 (P.S. 155 - MANHATTAN)"
SCA0000075524|K270,physical,,,review: environmental hygiene testing at one school (work at a particular place),reviewed,"2xh6-psuq version 2026-08-04, SCA0000075524|K270: SCA IEH: 'PO18-ABATE ACM ON PIPING IN BOILER ROOM PIPE SPRAYED WITH BLACK PAINT' at K270 (P.S. 270 - BROOKLYN)"
SCA0000075525|Q196,physical,,,review: environmental hygiene testing at one school (work at a particular place),reviewed,"2xh6-psuq version 2026-08-04, SCA0000075525|Q196: SCA IEH: 'PO18-TEST RADIATOR INSULATION IN RMS 119 & 214. ACM IS ON THE SIDES OF THE RADIATOR ENCLOSURE AND SP' at Q196 (P.S. 196 - QUEENS)"
SCA0000075526|M520,physical,,,review: environmental hygiene testing at one school (work at a particular place),reviewed,"2xh6-psuq version 2026-08-04, SCA0000075526|M520: SCA IEH: 'PO18-ABATE ACM FOR  15 FEET (3' DIA) PIPES AT ROOF FAN ROOM RCM#5 PHOTOS WILL SEND BY EMAIL ACCORDIN' at M520 (BERGTRAUM HS - MANHATTAN)"
SCA0000075527|K377,physical,,,review: environmental hygiene testing at one school (work at a particular place),reviewed,"2xh6-psuq version 2026-08-04, SCA0000075527|K377: SCA IEH: 'PO18-AHERA P.S RESPONSE ACTION ABATEMENT ABATE 12X12 FLOOR TILES LVL 4 & LVL 1 BEIGE/VARIOUS SPOTS I' at K377 (P.S. 377 - BROOKLYN)"
SCA0000075528|R020,physical,,,review: environmental hygiene testing at one school (work at a particular place),reviewed,"2xh6-psuq version 2026-08-04, SCA0000075528|R020: SCA IEH: 'PO18-P.S RESPOMNSE ACTION ABATE WALL PLASTER LVL 2 ROOMS #2153B - NETWORK ROOM' at R020 (P.S. 20 - STATEN ISLAND)"
SCA0000075529|K271,physical,,,review: environmental hygiene testing at one school (work at a particular place),reviewed,"2xh6-psuq version 2026-08-04, SCA0000075529|K271: SCA IEH: 'PO18-REMOVE ACM FROM WATER LINES APPRX. 6 LFT MARKED' at K271 (EAGLE ACAD YOUNG MEN AT OCEAN - K)"
SCA0000075530|K244,physical,,,review: environmental hygiene testing at one school (work at a particular place),reviewed,"2xh6-psuq version 2026-08-04, SCA0000075530|K244: SCA IEH: 'PO18-ABATE AND REPLACE 9X9 FLOOR TILES ROOM 102 CE: YVETTE VEGA 718-346-6240 EXT 1061' at K244 (P.S. 244 - BROOKLYN)"
SCA0000075531|M010,physical,,,review: environmental hygiene testing at one school (work at a particular place),reviewed,"2xh6-psuq version 2026-08-04, SCA0000075531|M010: SCA IEH: 'PO18-REMOVE THE MASTIC AND THE MIRRORS IN ROOM 330 (DANCE STUDIO) TO ALLOW VENDOR TO INSTALL SAFETY' at M010 (FREDERICK DOUGLAS ACADEMY - M)"
SCA0000075532|Q445,physical,,,review: environmental hygiene testing at one school (work at a particular place),reviewed,"2xh6-psuq version 2026-08-04, SCA0000075532|Q445: SCA IEH: 'PO18-ABATE DAMAGED AREAS IN KITCHEN CEILING ACTIVE LEAK &IF POSITIVE AREA WILL BE MARKED OUT FOR ABA' at Q445 (WILLIAM C. BRYANT HS - QUEENS)"
SCA0000075533|K193,physical,,,review: environmental hygiene testing at one school (work at a particular place),reviewed,"2xh6-psuq version 2026-08-04, SCA0000075533|K193: SCA IEH: 'PO18-ABATE AND REPLACE FLOOR TILES ROOM 307 - SPACE ID 4307, 9X9 FLOOR TILES CE: EDWARD MCLINDEN' at K193 (P.S. 193 - BROOKLYN)"
SCA0000075534|R042,physical,,,review: environmental hygiene testing at one school (work at a particular place),reviewed,"2xh6-psuq version 2026-08-04, SCA0000075534|R042: SCA IEH: 'PO18-P.S RESPONSE ACTION ABATE PLASTER SCRETCH COAT LVL2 #2103 - 103 SLOP SINK ABATE CEILING PLASTER' at R042 (P.S. 42 - STATEN ISLAND)"
SCA0000075535|M006,physical,,,review: environmental hygiene testing at one school (work at a particular place),reviewed,"2xh6-psuq version 2026-08-04, SCA0000075535|M006: SCA IEH: 'PO18-AHERA P.S RESPONSE ACTION ABATE WHITE AIRCELL PIPE INSULATION #1007 - PIPE SPACE' at M006 (P.S. 6 - MANHATTAN)"
SCA0000075536|R057,physical,,,review: environmental hygiene testing at one school (work at a particular place),reviewed,"2xh6-psuq version 2026-08-04, SCA0000075536|R057: SCA IEH: 'PO18-P.S RESPONSE ACTION ABATE WALL PLASTER LVL2 ROOMS # 2113 - CUSTODIAN'S OFFICE ABATE WALL PLASTE' at R057 (P.S. 57 - STATEN ISLAND)"
SCA0000075537|Q150,physical,,,review: environmental hygiene testing at one school (work at a particular place),reviewed,"2xh6-psuq version 2026-08-04, SCA0000075537|Q150: SCA IEH: 'PO18-TEST ALL LAYERS OF FLOORING MULTIPLE ROOMS IF POSITIVE AREA WILL BE MARKED OUT FOR ABATEMENT &' at Q150 (P.S. 150 - QUEENS)"
SCA0000075538|R848,physical,,,review: environmental hygiene testing at one school (work at a particular place),reviewed,"2xh6-psuq version 2026-08-04, SCA0000075538|R848: SCA IEH: 'PO18-P.S RESPONSE ACTION ABATE WALL PLASTER STAIRCASE #3001 - STAIRWELL A ABATE WALL PLASTER STAIRCA' at R848 (P.S. 42 - STATEN ISLAND)"
SCA0000075539|R044,physical,,,review: environmental hygiene testing at one school (work at a particular place),reviewed,"2xh6-psuq version 2026-08-04, SCA0000075539|R044: SCA IEH: 'PO18-P.S RESPONSE ACTION ABATE 9X9 FLOOR TILES LVL2 GRAY #200 - 1ST FLOOR HALLWAY 1927 BUILDING' at R044 (P.S. 44 - STATEN ISLAND)"
SCA0000075540|K164,physical,,,review: environmental hygiene testing at one school (work at a particular place),reviewed,"2xh6-psuq version 2026-08-04, SCA0000075540|K164: SCA IEH: 'PO18-AHERA P.S RESPONSE ACTION ABATEMENT DETAILED SCOPE PROVIDED IN THE EMAIL' at K164 (P.S. 164 - BROOKLYN)"
SCA0000075541|K205,physical,,,review: environmental hygiene testing at one school (work at a particular place),reviewed,"2xh6-psuq version 2026-08-04, SCA0000075541|K205: SCA IEH: 'PO18-AHERA P.S RESPONSE ACTION ABATEMENT CEILING PLASTER LVL 3 ROOMS AT STAIRWELL TO PROJECTION ROOM' at K205 (P.S. 205 - BROOKLYN)"
SCA0000075542|K159,physical,,,review: environmental hygiene testing at one school (work at a particular place),reviewed,"2xh6-psuq version 2026-08-04, SCA0000075542|K159: SCA IEH: 'PO18-AHERA P.S RESPONSE ACTION ABATEMENT ABATE AND REPLACE/REPAIR 12X12 FLOOR TILES LVL 3 RED/WHITE' at K159 (P.S. 159 - BROOKLYN)"
SCA0000075543|K292,physical,,,review: environmental hygiene testing at one school (work at a particular place),reviewed,"2xh6-psuq version 2026-08-04, SCA0000075543|K292: SCA IEH: 'PO18-DRILL HOLE THROUGH SLAB IN ROOM 304 5' DIAMETER HOLE' at K292 (I.S. 292 - BROOKLYN)"
SCA0000075544|K214,physical,,,review: environmental hygiene testing at one school (work at a particular place),reviewed,"2xh6-psuq version 2026-08-04, SCA0000075544|K214: SCA IEH: 'PO18-AHERA P.S RESPONSE ACTION ABATEMENT 2011 - KITCHEN - MORTAR LVL 2 CERAMIC FLOOR TILES' at K214 (P.S. 214 - BROOKLYN)"
SCA0000075545|K157,physical,,,review: environmental hygiene testing at one school (work at a particular place),reviewed,"2xh6-psuq version 2026-08-04, SCA0000075545|K157: SCA IEH: 'PO18-AHERA P.S RESPONSE ACTION ABATEMENT FLOORING IN ROOMS: 418 AND 503' at K157 (P.S. 157 - BROOKLYN)"
SCA0000075546|K067,physical,,,review: environmental hygiene testing at one school (work at a particular place),reviewed,"2xh6-psuq version 2026-08-04, SCA0000075546|K067: SCA IEH: 'PO18-DRILL 1 1/4'HOLE DIAMETER IN THE KITCHEN OFFICE FLOOR AREA TO BE DRILLED MARKED ON FLOOR' at K067 (P.S. 67 - BROOKLYN)"
SCA0000075547|M641,physical,,,review: environmental hygiene testing at one school (work at a particular place),reviewed,"2xh6-psuq version 2026-08-04, SCA0000075547|M641: SCA IEH: 'PO18-P.S. RESPONSE ACTION DETAILED SCOPE PROVIDED IN EMAIL ******************************* ASSIGNED' at M641 (CITY-AS-SCHOOL - MANHATTAN)"
SCA0000075548|M054,physical,,,review: environmental hygiene testing at one school (work at a particular place),reviewed,"2xh6-psuq version 2026-08-04, SCA0000075548|M054: SCA IEH: 'PO18-P.S. RESPONSE ACTION:  ACOUSTICAL PLASTER LVL 2 AUDITORIUM WALLS SPACE ID #20 DETAILED SCOPE PR' at M054 (I.S. 54 - MANHATTAN)"
SCA0000075549|K261,physical,,,review: environmental hygiene testing at one school (work at a particular place),reviewed,"2xh6-psuq version 2026-08-04, SCA0000075549|K261: SCA IEH: 'PO18-ABATE AND REPLACE BROKEN MISSING 9X9 TILES IN THE BASEMENT HALLWAY, SOUTH SIDE OF THE AUDITORIU' at K261 (P.S. 261 - BROOKLYN)"
SCA0000075550|M834,physical,,,review: environmental hygiene testing at one school (work at a particular place),reviewed,"2xh6-psuq version 2026-08-04, SCA0000075550|M834: SCA IEH: 'PO18-P.S. RESPONSE ACTION DETAILED SCOPE PROVIDED IN EMAIL' at M834 (HS FOR ENVIRONMENTAL STUDIES - M)"
SCA0000075551|K234,physical,,,review: environmental hygiene testing at one school (work at a particular place),reviewed,"2xh6-psuq version 2026-08-04, SCA0000075551|K234: SCA IEH: 'PO18-ABATE AND REMOVE PIPE INSULATION  FOR RM 214 - AHERA 3214 CE: ADAM GAY' at K234 (I.S. 234 - BROOKLYN)"
SCA0000075552|Q126,physical,,,review: environmental hygiene testing at one school (work at a particular place),reviewed,"2xh6-psuq version 2026-08-04, SCA0000075552|Q126: SCA IEH: 'PO18-WALL OPENING IN THE BATHROOM NEXT TO ROOM 211 ABATE & REMOVE ANY ASSUMED/ACM PIPE INSULATION TO' at Q126 (I.S. 126 - QUEENS)"
SCA0000075553|X110,physical,,,review: environmental hygiene testing at one school (work at a particular place),reviewed,"2xh6-psuq version 2026-08-04, SCA0000075553|X110: SCA IEH: 'PO18-ABATE AND REPLACE FLOOR TILES IN  AUDITORIUM AUDITORIUM SPACE ID #1400' at X110 (P.S. 110 - BRONX)"
SCA0000075554|M853,physical,,,review: environmental hygiene testing at one school (work at a particular place),reviewed,"2xh6-psuq version 2026-08-04, SCA0000075554|M853: SCA IEH: 'PO18-P.S. RESPONSE ACTION DETAILED SCOPE PROVIDED IN EMAIL ABATE AND REPLACE/REPAIR DAMAGED MATERIAL' at M853 (MHS SUSPENSION HEARING OFFICE - M)"
SCA0000075555|R007,physical,,,review: environmental hygiene testing at one school (work at a particular place),reviewed,"2xh6-psuq version 2026-08-04, SCA0000075555|R007: SCA IEH: 'PO18-PS RESPONSE ACTION ABATE SOFT CONCRETE FILLER FLOORING #B31 -CLASSROOM' at R007 (I.S. 7 - STATEN ISLAND)"
SCA0000075556|M128,physical,,,review: environmental hygiene testing at one school (work at a particular place),reviewed,"2xh6-psuq version 2026-08-04, SCA0000075556|M128: SCA IEH: 'PO18-P.S. RESPONSE ACTION DETAILED SCOPE PROVIDED IN EMAIL ABATE AND REPLACE/REPAIR DAMAGED MATERIAL' at M128 (P.S. 128 - MANHATTAN)"
SCA0000075557|R003,physical,,,review: environmental hygiene testing at one school (work at a particular place),reviewed,"2xh6-psuq version 2026-08-04, SCA0000075557|R003: SCA IEH: 'PO18-P.S RESPONSE ACTION ABATE AND REPLACE 9X9 FLOOR TILES LVL 1 ADDN 1 GREEN/H LINES #1008 B8 - MEN' at R003 (P.S. 3 - STATEN ISLAND)"
SCA0000075558|M173,physical,,,review: environmental hygiene testing at one school (work at a particular place),reviewed,"2xh6-psuq version 2026-08-04, SCA0000075558|M173: SCA IEH: 'PO18-P.S. RESPONSE ACTION DETAILED SCOPE PROVIDED IN EMAIL CERAMIC TILE MASTIC AND SOFT CONCRETE FIL' at M173 (P.S./I.S. 173 - MANHATTAN)"
SCA0000075559|R014,physical,,,review: environmental hygiene testing at one school (work at a particular place),reviewed,"2xh6-psuq version 2026-08-04, SCA0000075559|R014: SCA IEH: 'PO18-P.S RESPONSED ACTION ABATE 9X9 FLOOR TILES LVL 1 BLACK #1003S - STAIRCASE C ABATE FLOOR TILES M' at R014 (P.S. 078 - STATEN ISLAND)"
SCA0000075560|R090,physical,,,review: environmental hygiene testing at one school (work at a particular place),reviewed,"2xh6-psuq version 2026-08-04, SCA0000075560|R090: SCA IEH: 'PO18-P.S RESPONSE ACTION ABATE 12X12 FLOOR TILE BLUE # 2000L - MAIN LOBBY ABATE 12X12 FLOOR TILE TAN' at R090 (THE RICHMOND PRE-K CENTER)"
SCA0000075561|Q026,physical,,,review: environmental hygiene testing at one school (work at a particular place),reviewed,"2xh6-psuq version 2026-08-04, SCA0000075561|Q026: SCA IEH: 'PO18-77/26Q026/ABATE & REPLACE 9X9 FLOOR TILES RM 120 TILES ARE LOSE AND LIFTING ROOM MAY NEED TO BE' at Q026 (P.S. 26 - QUEENS)"
SCA0000075562|R060,physical,,,review: environmental hygiene testing at one school (work at a particular place),reviewed,"2xh6-psuq version 2026-08-04, SCA0000075562|R060: SCA IEH: 'PO18-P.S RESPONSE ACTION DETAILED SCOPE PROVIDE IN EMAIL SPACE ID #'S 2002V, 3236, 2004V, 2124D, 211' at R060 (P.S. 60 - STATEN ISLAND)"
SCA0000075563|X144,physical,,,review: environmental hygiene testing at one school (work at a particular place),reviewed,"2xh6-psuq version 2026-08-04, SCA0000075563|X144: SCA IEH: 'PO18-AHERA P.S RESPONSE ACTION DETAILED SCOPE PROVIDED  IN  EMAIL ABATE AND REPLACE FLOOR TILES IN R' at X144 (I.S. 144 - BRONX)"
SCA0000075564|X136,physical,,,review: environmental hygiene testing at one school (work at a particular place),reviewed,"2xh6-psuq version 2026-08-04, SCA0000075564|X136: SCA IEH: 'PO18-P.S RESPONSE ACTION ABATE AND REPLACE 9X9 FLOOR TILES LVL 4 BEIGE #4331 - CLASSROOM , #4326 - C' at X136 (X186 SPED - BRONX)"
SCA0000075565|K252,physical,,,review: environmental hygiene testing at one school (work at a particular place),reviewed,"2xh6-psuq version 2026-08-04, SCA0000075565|K252: SCA IEH: 'PO18-ABATE AND REPLACE ACM FLOOR TILES FOR CABINET REMOVAL ROOM #429 2025-153865' at K252 (MIDDLE SCHOOL FOR ART & PHILOS - K)"
SCA0000075566|M166,physical,,,review: environmental hygiene testing at one school (work at a particular place),reviewed,"2xh6-psuq version 2026-08-04, SCA0000075566|M166: SCA IEH: 'PO18-PLEASE DRILL HOLES FOR SPEAKERS AND WIRES MARKED. SEE PHOTOS ATTACHED 132 WEST 89 ST, MANHATTAN' at M166 (P.S. 166 - MANHATTAN)"
SCA0000075567|Q174,physical,,,review: environmental hygiene testing at one school (work at a particular place),reviewed,"2xh6-psuq version 2026-08-04, SCA0000075567|Q174: SCA IEH: 'PO18-TEST BOILER FEED TANK INSULATION FOR ACM IF POSIITIVE, ABATE AREA SPRAYED IN GREY. 2FT X 2FT' at Q174 (P.S. 174 - QUEENS)"
SCA0000075568|Q169,physical,,,review: environmental hygiene testing at one school (work at a particular place),reviewed,"2xh6-psuq version 2026-08-04, SCA0000075568|Q169: SCA IEH: 'PO18-775Q169 ABATE WASTE LINE IN CRAWL SPACE ABATE 25 FEET OF THE WASTE LINE IN THE CRAWL SPACE. THE' at Q169 (P.S. 169 - QUEENS)"
SCA0000075569|X156,physical,,,review: environmental hygiene testing at one school (work at a particular place),reviewed,"2xh6-psuq version 2026-08-04, SCA0000075569|X156: SCA IEH: 'PO18-CORE DRILLING OF WALLS DRILLING INTO ACM FLOOR TILES INSTALLATION OF SINK IN ROOM #320' at X156 (SOUTH BRONX LITERACY ACADEMY)"
SCA0000075570|Q036,physical,,,review: environmental hygiene testing at one school (work at a particular place),reviewed,"2xh6-psuq version 2026-08-04, SCA0000075570|Q036: SCA IEH: 'PO18-TEST ALL LAYERS OF FLOORING CLASSROOM 101A &IF POSITIVE AREA WILL BE MARKED OUT FOR ABATEMENT R' at Q036 (P.S. 36 - QUEENS)"
SCA0000075572|Q610,physical,,,review: environmental hygiene testing at one school (work at a particular place),reviewed,"2xh6-psuq version 2026-08-04, SCA0000075572|Q610: SCA IEH: 'PO18-ABATE PIPE INSULATION IN HANGER ROOM' at Q610 (AVIATION HS - QUEENS)"
SCA0000075573|Q126,physical,,,review: environmental hygiene testing at one school (work at a particular place),reviewed,"2xh6-psuq version 2026-08-04, SCA0000075573|Q126: SCA IEH: 'PO18-ABATE AND REPAIR DAMAGED AREAS IN ROOM 211 AREAS ARE MARKED' at Q126 (I.S. 126 - QUEENS)"
SCA0000075575|Q116,physical,,,review: environmental hygiene testing at one school (work at a particular place),reviewed,"2xh6-psuq version 2026-08-04, SCA0000075575|Q116: SCA IEH: 'PO18-ABATE AND REPAIR DAMAGED WHITE AIR CELL PIPE INSULATION IN RM 414 (~12 LF), RM 418 (~2LF)' at Q116 (P.S. 116 - QUEENS)"
SCA0000075576|Q008,physical,,,review: environmental hygiene testing at one school (work at a particular place),reviewed,"2xh6-psuq version 2026-08-04, SCA0000075576|Q008: SCA IEH: 'PO18-AHERA P.S RESPONSE ACTION ABATE 9*9 FLOOR TILES LVL1 DARK GRAY - 1010 - B10 STORAGE ROOM. AND 9' at Q008 (J.H.S. 8 - QUEENS)"
SCA0000075577|Q021,physical,,,review: environmental hygiene testing at one school (work at a particular place),reviewed,"2xh6-psuq version 2026-08-04, SCA0000075577|Q021: SCA IEH: 'PO18-ABATE & OPEN UP 112 SQ FT OF 9X9 FLOOR TILES IN HALLWAY, FOR CONTRACTORS TO REPAIR STEAM LEAK A' at Q021 (P.S. 21 - QUEENS)"
SCA0000075578|X160,physical,,,review: environmental hygiene testing at one school (work at a particular place),reviewed,"2xh6-psuq version 2026-08-04, SCA0000075578|X160: SCA IEH: 'PO18-AHERA P.S RESPONSE ACTION ABATE 12X12 FLOOR TILES LVL2 BROWN/VARIOUS SPOTS #2000 - 1ST FLOOR HA' at X160 (P.S. 160 - BRONX)"
SCA0000075579|X162,physical,,,review: environmental hygiene testing at one school (work at a particular place),reviewed,"2xh6-psuq version 2026-08-04, SCA0000075579|X162: SCA IEH: 'PO18-AHERA P.S RESPONSE ACTION DEATILED SCOPE PROVIDED IN EMAIL - ASSIG' at X162 (HOSTOS-LINCOLN ACADEMY OF SCIENCE)"
SCA0000075580|Q069,physical,,,review: environmental hygiene testing at one school (work at a particular place),reviewed,"2xh6-psuq version 2026-08-04, SCA0000075580|Q069: SCA IEH: 'PO18-AHERA P.S RESPONSE ACTION ABATE CEILING PLASTER STAIRCASE - 2007 - MAIN ENTRANCE HALLWAY, CEILI' at Q069 (P.S. 69 - QUEENS)"
SCA0000075581|X182,physical,,,review: environmental hygiene testing at one school (work at a particular place),reviewed,"2xh6-psuq version 2026-08-04, SCA0000075581|X182: SCA IEH: 'PO18-AHERA P.S RESPONSE ACTION ABATE SOFT CONCRETE FILLER FLOORING MATERIAL # 2166 - 1ST FLOOR CAFET' at X182 (P.S. 182 - BRONX)"
SCA0000075582|K174,physical,,,review: environmental hygiene testing at one school (work at a particular place),reviewed,"2xh6-psuq version 2026-08-04, SCA0000075582|K174: SCA IEH: 'PO18-ABATE FLOOR IN CLOSET ROOM 303 MARKED RED MARKER CEILING IN 203 MARKED IN RED BOTH AREAS LOCATE' at K174 (BROOKLYN GARDENS ELEMENTARY SCHOOL)"
SCA0000075583|Q040,physical,,,review: environmental hygiene testing at one school (work at a particular place),reviewed,"2xh6-psuq version 2026-08-04, SCA0000075583|Q040: SCA IEH: 'PO18-AHERA P.S RESPONSE ACTION ABATE 9*9 FLOOR TILES LVL3 GRAY - 3209 - MDF ROOM AND 9*9 FLOOR TILES' at Q040 (P.S. 40 - QUEENS)"
SCA0000075584|K324,physical,,,review: environmental hygiene testing at one school (work at a particular place),reviewed,"2xh6-psuq version 2026-08-04, SCA0000075584|K324: SCA IEH: 'PO18-REPLACEMENT OF TEMPORARY WALL CONSTRUCTION FLOOR TILES ARE CONFIRMED ACM, SURVEY REPORT ATTACHE' at K324 (I.S. 267 - BROOKLYN)"
SCA0000075585|Q436,physical,,,review: environmental hygiene testing at one school (work at a particular place),reviewed,"2xh6-psuq version 2026-08-04, SCA0000075585|Q436: SCA IEH: 'PO18-77/26Q436/ABATE ALL ACM INSULATION ON STORAGE TANK PIPING AND CHIMENY CONECTION IN FIELD HOUSE' at Q436 (MARTIN VAN BUREN HS - QUEENS)"
SCA0000075586|K371,physical,,,review: environmental hygiene testing at one school (work at a particular place),reviewed,"2xh6-psuq version 2026-08-04, SCA0000075586|K371: SCA IEH: 'PO18-AHERA P.S RESPONSE ACTION ABATEMENT DETAILED SCOPE  PROVIDED IN THE EMAIL' at K371 (K371 SPED - BROOKLYN)"
SCA0000075587|K384,physical,,,review: environmental hygiene testing at one school (work at a particular place),reviewed,"2xh6-psuq version 2026-08-04, SCA0000075587|K384: SCA IEH: 'PO18-AHERA P.S RESPONSE ACTION ABATEMENT DETAILED SCOPE PROVIDED IN THE EMAIL' at K384 (P.S. 384 - BROOKLYN)"
SCA0000075588|K243,physical,,,review: environmental hygiene testing at one school (work at a particular place),reviewed,"2xh6-psuq version 2026-08-04, SCA0000075588|K243: SCA IEH: 'PO18-AHERA P.S RESPONSE ACTION ABATEMENT DETAILED SCOPE PROVIDED IN THE EMAIL' at K243 (P.S. 243 - BROOKLYN)"
SCA0000075589|K051,physical,,,review: environmental hygiene testing at one school (work at a particular place),reviewed,"2xh6-psuq version 2026-08-04, SCA0000075589|K051: SCA IEH: 'PO18-1. ABATE MARKED PIPES IN PIPE CHASE. 8LFT 2. ABATE DAMAGED INSULATION AND DUCTS AT LOCATIONS PH' at K051 (I.S. 51 - BROOKLYN)"
SCA0000075590|X826,physical,,,review: environmental hygiene testing at one school (work at a particular place),reviewed,"2xh6-psuq version 2026-08-04, SCA0000075590|X826: SCA IEH: 'PO18-AHERA P.S RESPONSE ACTION ABATE WATER PROOFING MEMEBRANE TAR LVL 1 CERAMIC FLOOR TILES #1005A -' at X826 (P.S. 226 - BRONX)"
SCA0000075591|K307,physical,,,review: environmental hygiene testing at one school (work at a particular place),reviewed,"2xh6-psuq version 2026-08-04, SCA0000075591|K307: SCA IEH: 'PO18-AHERA P.S RESPONSE ACTION ABATEMENT ABATE AND REPLACE/REPAIR DAMAGED MATERIALS 1017 - CRAWL SPA' at K307 (P.S. 307 - BROOKLYN)"
SCA0000075592|X476,physical,,,review: environmental hygiene testing at one school (work at a particular place),reviewed,"2xh6-psuq version 2026-08-04, SCA0000075592|X476: SCA IEH: 'PO18-AHERA P.S RESPONSE ACTION ABATE SOFT CONCRETE FILLER FLOORING MATERIAL #1000 - STORAGE SPACE' at X476 (BX ENGINEERING & TECH ACADEMY - X)"
SCA0000075593|X430,physical,,,review: environmental hygiene testing at one school (work at a particular place),reviewed,"2xh6-psuq version 2026-08-04, SCA0000075593|X430: SCA IEH: 'PO18-AHERA P.S RESPONSE ACTION ABATE SOFT CONCRETE FILLER FLOORING MATERIAL #1089 - DANCE STUDIO ABA' at X430 (M.S./H.S. 342 - BRONX)"
SCA0000075594|M017,physical,,,review: environmental hygiene testing at one school (work at a particular place),reviewed,"2xh6-psuq version 2026-08-04, SCA0000075594|M017: SCA IEH: 'PO18-ABATE PIPE INSULATION IN ROOM 306 (SPACE ID# 4306) IT IS APPROXIMATELY 10 FEET' at M017 (P.S. 212 - MANHATTAN)"
SCA0000075595|M171,physical,,,review: environmental hygiene testing at one school (work at a particular place),reviewed,"2xh6-psuq version 2026-08-04, SCA0000075595|M171: SCA IEH: 'PO18-ABATE DAMGAED PIPE INSULATION ROOM #414' at M171 (P.S. 171 - MANHATTAN)"
SCA0000075596|R030,physical,,,review: environmental hygiene testing at one school (work at a particular place),reviewed,"2xh6-psuq version 2026-08-04, SCA0000075596|R030: SCA IEH: 'PO18-TEST FOR ACM - CEILING PLASTER BATHROOM 117A, SPACE ID #2117A' at R030 (P.S. 30 - STATEN ISLAND)"
SCA0000075597|K148,physical,,,review: environmental hygiene testing at one school (work at a particular place),reviewed,"2xh6-psuq version 2026-08-04, SCA0000075597|K148: SCA IEH: 'PO18-ABATE INSULATION IN BASEMENT BOILER ROOM BEHIND OLD BOILER, THROUGH WALL PIPE, ACM & FILL MARKE' at K148 (K373 SPED - BROOKLYN)"
SCA0000075598|X064,physical,,,review: environmental hygiene testing at one school (work at a particular place),reviewed,"2xh6-psuq version 2026-08-04, SCA0000075598|X064: SCA IEH: 'PO18-ABATE SOFT CONCRETE FILLER FLOORING MATERIALS - SPACE ID #3202 CLASSROOM' at X064 (THE WALTON AVENUE SCHOOL)"
SCA0000075599|K068,physical,,,review: environmental hygiene testing at one school (work at a particular place),reviewed,"2xh6-psuq version 2026-08-04, SCA0000075599|K068: SCA IEH: 'PO18-AHERA P.S RESPONSE ACTION ABATEMENT DETAILED SCOPE PROVIDED IN THE EMAIL 1001A B1 PIPE SPACE -' at K068 (I.S. 68 - BROOKLYN)"
SCA0000075600|M600,physical,,,review: environmental hygiene testing at one school (work at a particular place),reviewed,"2xh6-psuq version 2026-08-04, SCA0000075600|M600: SCA IEH: 'PO18-ROOM 411 REQUIRES ACM PIPE INSULATION ABATEMENT TO REPAIR A STEAM LEAK - 8 INCH PIPE INSULATION' at M600 (FASHION INDUSTRIES VOC HS - M)"
SCA0000075601|X083,physical,,,review: environmental hygiene testing at one school (work at a particular place),reviewed,"2xh6-psuq version 2026-08-04, SCA0000075601|X083: SCA IEH: 'PO18-AHERA RESPONSE ACTION DEATILED SCOPE IS PROVIDED IN EMAIL' at X083 (P.S. 83 - BRONX)"
SCA0000075602|M116,physical,,,review: environmental hygiene testing at one school (work at a particular place),reviewed,"2xh6-psuq version 2026-08-04, SCA0000075602|M116: SCA IEH: 'PO18-ABATE AND REPLACE  FLOOR TILES IN ROOM 503 (SPACE ID# 6503) AND ROOM 301 (SPACE ID# 4301)' at M116 (P.S. 116 - MANHATTAN)"
SCA0000075603|K138,physical,,,review: environmental hygiene testing at one school (work at a particular place),reviewed,"2xh6-psuq version 2026-08-04, SCA0000075603|K138: SCA IEH: 'PO18-ABATE AND REPAIR 2ND FL BALCONY WALL AND CEILING LOC: AUDITORIUM' at K138 (P.S. 138 - BROOKLYN)"
SCA0000075604|M060,physical,,,review: environmental hygiene testing at one school (work at a particular place),reviewed,"2xh6-psuq version 2026-08-04, SCA0000075604|M060: SCA IEH: 'PO18-REMOVE APROX> 8' OF ACM FROM STEAM PIPES IN STORAGE ROOM (SPACE ID# 2160) LINES PAINTED ORANGE' at M060 (EAST SIDE COMMUNITY SCHOOL)"
SCA0000075605|K208,physical,,,review: environmental hygiene testing at one school (work at a particular place),reviewed,"2xh6-psuq version 2026-08-04, SCA0000075605|K208: SCA IEH: 'PO18-ABATE 3LF OF DAMAGED PIPE JOINT TO MAGNESIA PIPE INSULATION & 1 LF OF DAMAGED MAGNECIA PIPE INS' at K208 (P.S. 208 - BROOKLYN)"
SCA0000075606|X064,physical,,,review: environmental hygiene testing at one school (work at a particular place),reviewed,"2xh6-psuq version 2026-08-04, SCA0000075606|X064: SCA IEH: 'PO18-ABATE AND REPLACE 12X12 FLOOR TILES IN THE PLAY AREA (SPACE ID #2017)' at X064 (THE WALTON AVENUE SCHOOL)"
SCA0000075607|Q849,physical,,,review: environmental hygiene testing at one school (work at a particular place),reviewed,"2xh6-psuq version 2026-08-04, SCA0000075607|Q849: SCA IEH: 'PO18-ABATE AND REPLACE ACM FLOOR TILES IN ROOM 206, 113A, 111' at Q849 (I.S. 77 - QUEENS)"
SCA0000075608|M110,physical,,,review: environmental hygiene testing at one school (work at a particular place),reviewed,"2xh6-psuq version 2026-08-04, SCA0000075608|M110: SCA IEH: 'PO18-ABATE/REPLACE WALL & CEILING PLASTER IN THE 1ST FLOOR KITCHEN STAFF LOCKER RM (SPACE ID#2006B)' at M110 (P.S. 110 - MANHATTAN)"
SCA0000075609|K033,physical,,,review: environmental hygiene testing at one school (work at a particular place),reviewed,"2xh6-psuq version 2026-08-04, SCA0000075609|K033: SCA IEH: 'PO18-LOCATION 1: B2 CLASSROOM ABATE AND OPEN CEILING, REMOVE ACM PIPE IN SOFFIT, AND REMOVE FILL BET' at K033 (K368 SPED - BROOKLYN)"
SCA0000075610|X095,physical,,,review: environmental hygiene testing at one school (work at a particular place),reviewed,"2xh6-psuq version 2026-08-04, SCA0000075610|X095: SCA IEH: 'PO18-AHERA P.S RESPONSE ACTION DETAILED SCOPE IS PROVIDED IN EMAIL ABATE AND REPLACE FLOOR TILES IN' at X095 (P.S. 95 - BRONX)"
SCA0000075611|X440,physical,,,review: environmental hygiene testing at one school (work at a particular place),reviewed,"2xh6-psuq version 2026-08-04, SCA0000075611|X440: SCA IEH: 'PO18-AHERA P.S RESPONSE ACTION DETAILED SCOPE PROVIDED IN EMAIL ABATE AND REPAIR WALL AND CEILING PL' at X440 (DEWITT CLINTON HS - X)"
SCA0000075612|Q011,physical,,,review: environmental hygiene testing at one school (work at a particular place),reviewed,"2xh6-psuq version 2026-08-04, SCA0000075612|Q011: SCA IEH: 'PO18-AHERA P.S RESONSE ACTION DETAILED SCOPE IS MENTIONED IN THE EMAIL ABATE AND REPLACE FLOOR TILES' at Q011 (P.S. 11 - QUEENS)"
SCA0000075613|X158,physical,,,review: environmental hygiene testing at one school (work at a particular place),reviewed,"2xh6-psuq version 2026-08-04, SCA0000075613|X158: SCA IEH: 'PO18-AHERA P.S RESPONSE ACTION ABATE TAR LVL 2 RADIATOR COVERS #2110 - BOY'S TOILET' at X158 (I.S. 267 - BRONX)"
SCA0000075614|K402,physical,,,review: environmental hygiene testing at one school (work at a particular place),reviewed,"2xh6-psuq version 2026-08-04, SCA0000075614|K402: SCA IEH: 'PO18-AHERA P.S RESPONSE ACTION ABATEMENT  ABATE AND REPLACE/REPAIR DAMAGED MATERIALS: 1000 - PLAY AR' at K402 (K000 - BROOKLYN)"
SCA0000075615|K003,physical,,,review: environmental hygiene testing at one school (work at a particular place),reviewed,"2xh6-psuq version 2026-08-04, SCA0000075615|K003: SCA IEH: 'PO18-REMOVE PIPE INSULATION FROM STEAM RETURN LINE LOCATED IN THE FAN  RM.  #18 SPACE ID# 1018 AREA' at K003 (P.S. 3 - BROOKLYN)"
SCA0000075616|K458,physical,,,review: environmental hygiene testing at one school (work at a particular place),reviewed,"2xh6-psuq version 2026-08-04, SCA0000075616|K458: SCA IEH: 'PO18-AHERA P.S RESPONSE ACTION ABATEMENT DETAILED SCOPE PROVIDED IN THE EMAIL FIRE DOOR INSULATION T' at K458 (BROOKLYN ACADEMY HS - BROOKLYN)"
SCA0000075617|K451,physical,,,review: environmental hygiene testing at one school (work at a particular place),reviewed,"2xh6-psuq version 2026-08-04, SCA0000075617|K451: SCA IEH: 'PO18-AHERA P.S RESPONSE ACTION ABATEMENT ABATE AND REPLACE/REPAIR DAMAGED MATERIALS 1005 - TOILET -' at K451 (PROGRESS HS - K)"
SCA0000075618|X039,physical,,,review: environmental hygiene testing at one school (work at a particular place),reviewed,"2xh6-psuq version 2026-08-04, SCA0000075618|X039: SCA IEH: 'PO18-AHERA P.S RESPONSE ACTION ABATE FELT PAPER UNDER WOOD FLOOR #4311 - CLASSROOM ABATE 9X9 FLOOR T' at X039 (LONGWOOD PREPARATORY ACADEMY)"
SCA0000075619|K057,physical,,,review: environmental hygiene testing at one school (work at a particular place),reviewed,"2xh6-psuq version 2026-08-04, SCA0000075619|K057: SCA IEH: 'PO18-AHERA P.S RESPONSE ACTION ABATEMENT ABATE AND REPLACE FLOOR TILES IN OFFICE IN KITCHEN(SPACE ID' at K057 (WHITELAW REID ACADEMY OF ARTS AND BUSINESS - BROOKLYN)"
SCA0000075620|Q219,physical,,,review: environmental hygiene testing at one school (work at a particular place),reviewed,"2xh6-psuq version 2026-08-04, SCA0000075620|Q219: SCA IEH: 'PO18-ABATE & REMOVE ACM INSULATION ON BOILER FOR WORKERS TO REPAIR THE LEAK LOCATED IN IN BOILER ROO' at Q219 (P.S. 219 - QUEENS)"
SCA0000075621|K097,physical,,,review: environmental hygiene testing at one school (work at a particular place),reviewed,"2xh6-psuq version 2026-08-04, SCA0000075621|K097: SCA IEH: 'PO18-AHERA P.S RESPONSE ACTION ABATEMENT WALL PLASTER SPACE ID #'S 1004, 4005, 2003, 3007, 2005, 400' at K097 (P.S. 97 - BROOKLYN)"
SCA0000075622|K038,physical,,,review: environmental hygiene testing at one school (work at a particular place),reviewed,"2xh6-psuq version 2026-08-04, SCA0000075622|K038: SCA IEH: 'PO18-ABATE AND REPLACE DAMAGED 9X9 TILES IN ROOM 210. APPROX 15 SQ FT OF DAMAGED BROKEN TILES. SPACE' at K038 (P.S. 38 - BROOKLYN)"
SCA0000075623|K038,physical,,,review: environmental hygiene testing at one school (work at a particular place),reviewed,"2xh6-psuq version 2026-08-04, SCA0000075623|K038: SCA IEH: 'PO18-AHERA P.S RESPONSE ACTION ABATEMENT - ABATE AND REPLACE FLOOR TILES FLOOR TILES IN ROOMS: 208,' at K038 (P.S. 38 - BROOKLYN)"
SCA0000075625|K155,physical,,,review: environmental hygiene testing at one school (work at a particular place),reviewed,"2xh6-psuq version 2026-08-04, SCA0000075625|K155: SCA IEH: 'PO18-AHERA P.S RESPONSE ACTION ABATEMENT 0002 - FAN ROOM - SOFT CONCRETE FILLER FLOORING MATERIAL LV' at K155 (P.S. 155 - BROOKLYN)"
SCA0000075627|K167,physical,,,review: environmental hygiene testing at one school (work at a particular place),reviewed,"2xh6-psuq version 2026-08-04, SCA0000075627|K167: SCA IEH: 'PO18-AHERA P.S RESPONSE ACTION ABATEMENT ABATE AND REPLACE FLOORING IN THE FOLLOWING LOCATIONS: MAIN' at K167 (NEW BRIDGES)"
SCA0000075628|K001,physical,,,review: environmental hygiene testing at one school (work at a particular place),reviewed,"2xh6-psuq version 2026-08-04, SCA0000075628|K001: SCA IEH: 'PO18-AHERA P.S RESPONSE ACTION ABATEMENT ABATE AND REPLACE FLOOR TILES IN ROOMS: 337, 204 AND 335' at K001 (P.S. 1 - BROOKLYN)"
SCA0000075629|X205,physical,,,review: environmental hygiene testing at one school (work at a particular place),reviewed,"2xh6-psuq version 2026-08-04, SCA0000075629|X205: SCA IEH: 'PO18-ABATEACM  FLOOR TILES IN LIBRARY #216' at X205 (P.S. 205 - BRONX)"
SCA0000075630|K188,physical,,,review: environmental hygiene testing at one school (work at a particular place),reviewed,"2xh6-psuq version 2026-08-04, SCA0000075630|K188: SCA IEH: 'PO18-ABATE AND REMOVE ACM PIPE INSULATION FROM ROOM 158 - LOCATED ON THE 1ST FLR - 40 LINEAR FT (NEE' at K188 (P.S. 188 - BROOKLYN)"
SCA0000075631|X166,physical,,,review: environmental hygiene testing at one school (work at a particular place),reviewed,"2xh6-psuq version 2026-08-04, SCA0000075631|X166: SCA IEH: 'PO18-AHERA P.S RESPONSE ACTION ABATE TAR LVL 4 RADIATOR COVERS #4347 - OFFICE ABATE RADIATOR INSULAT' at X166 (BRONX EARLY COLLEGE ACADEMY)"
SCA0000075632|X970,physical,,,review: environmental hygiene testing at one school (work at a particular place),reviewed,"2xh6-psuq version 2026-08-04, SCA0000075632|X970: SCA IEH: 'PO18-AHERA P.S RESPONSE ACTION ABATE AND REAPIR CERAMIC TILE MASTIC IN FOYER LEADING TO MALE LOCKER' at X970 (I.S. 241 - BRONX)"
SCA0000075633|K369,physical,,,review: environmental hygiene testing at one school (work at a particular place),reviewed,"2xh6-psuq version 2026-08-04, SCA0000075633|K369: SCA IEH: 'PO18-AHERA P.S RESPONSE ACTION ABATEMENT ABATE AND REPLACE/REPAIR DAMAGED MATERIALS ABATE AND REPLAC' at K369 (COY L. COX SCHOOL)"
SCA0000075634|K033,physical,,,review: environmental hygiene testing at one school (work at a particular place),reviewed,"2xh6-psuq version 2026-08-04, SCA0000075634|K033: SCA IEH: 'PO18-ABATE PIPE AND FITTING INSULATION APPROX 15LFT LOCATION - BASEMENT RM#B4 & B6 AHERA 1002 & 1004' at K033 (K368 SPED - BROOKLYN)"
SCA0000075635|K465,physical,,,review: environmental hygiene testing at one school (work at a particular place),reviewed,"2xh6-psuq version 2026-08-04, SCA0000075635|K465: SCA IEH: 'PO18-ABATE & REPAIR CIELING PLASTER APPROX 100 SFT DAMAGED LOCATION STAIRCASE M 1ST THROUGH 4TH FLR' at K465 (I.S. 382 - BROOKLYN)"
SCA0000075637|Q801,physical,,,review: environmental hygiene testing at one school (work at a particular place),reviewed,"2xh6-psuq version 2026-08-04, SCA0000075637|Q801: SCA IEH: 'PO18-CORE DRILLING THROUGH WALLS TO RUN NEW DRAIN LINES FOR NEW BATHROOM ROOM #515' at Q801 (SCHOOL FOOD SERVICE - QUEENS)"
SCA0000075638|M057,physical,,,review: environmental hygiene testing at one school (work at a particular place),reviewed,"2xh6-psuq version 2026-08-04, SCA0000075638|M057: SCA IEH: 'PO18-ABATE (3) VALVES LOCATED IN THE CRAWL SPACE NEAR THE KITCHEN STORAGE AREA.  (SPACE ID 1004) .TH' at M057 (P.S. 57 - MANHATTAN)"
SCA0000075639|X470,physical,,,review: environmental hygiene testing at one school (work at a particular place),reviewed,"2xh6-psuq version 2026-08-04, SCA0000075639|X470: SCA IEH: 'PO18-AHERA P.S RESPONSE ACTION ABATE ACOUSTICAL CEILING PLASTER LVL 3 #3250 - AUDITORIUM' at X470 (UNIVERSITY HEIGHTS HS - BRONX)"
SCA0000075640|K126,physical,,,review: environmental hygiene testing at one school (work at a particular place),reviewed,"2xh6-psuq version 2026-08-04, SCA0000075640|K126: SCA IEH: 'PO18-AHERA P.S RESPONSE ACTION ABATEMENT ABATE AND REPLACE/REPAIR DAMAGED MATERIALS 1114-C14 - MALE'' at K126 (J.H.S. 126 - BROOKLYN)"
SCA0000075641|M117,physical,,,review: environmental hygiene testing at one school (work at a particular place),reviewed,"2xh6-psuq version 2026-08-04, SCA0000075641|M117: SCA IEH: 'PO18-ABATE AND REPLACE AIRCELL PIPE INSULATION - APPROX. 61 LFT LOCATION -  304B ADDRESS THE MOLD ON' at M117 (I.S. 12 - MANHATTAN)"
SCA0000075642|K196,physical,,,review: environmental hygiene testing at one school (work at a particular place),reviewed,"2xh6-psuq version 2026-08-04, SCA0000075642|K196: SCA IEH: 'PO18-P.S RESPONSE ACTION ABATEMENT ABATE AND REPLACE/REPAIR DAMAGED MATERIALS 5420 - 420 - WOMEN'S T' at K196 (P.S. 196 - BROOKLYN)"
SCA0000075643|Q450,physical,,,review: environmental hygiene testing at one school (work at a particular place),reviewed,"2xh6-psuq version 2026-08-04, SCA0000075643|Q450: SCA IEH: 'PO18-AHERA P.S RESPONSE ACTION ABATE AND REPAIR FLOORING IN PROJECTION ROOM(SPACE ID #3222D) CEILING' at Q450 (NEWCOMERS HIGH SCHOOL - Q)"
SCA0000075644|X779,physical,,,review: environmental hygiene testing at one school (work at a particular place),reviewed,"2xh6-psuq version 2026-08-04, SCA0000075644|X779: SCA IEH: 'PO18-AHERA P.S RESPONSE ACTION ABATE TERRAZO FLOOR #1002S - STAIRCASE B ,#2001S - SRTAIRCASE A , #40' at X779 (P.S. 315 - BRONX)"
SCA0000075645|X181,physical,,,review: environmental hygiene testing at one school (work at a particular place),reviewed,"2xh6-psuq version 2026-08-04, SCA0000075645|X181: SCA IEH: 'PO18-AHERA P.S RESPONSE ACTION ABATE SOFT CONCRETE FILLER MATERIAL #2062 - BOY'S TOILET ,#3136 - BOY' at X181 (I.S. 181 - BRONX)"
SCA0000075646|Q118,physical,,,review: environmental hygiene testing at one school (work at a particular place),reviewed,"2xh6-psuq version 2026-08-04, SCA0000075646|Q118: SCA IEH: 'PO18-AHERA P.S RESPONSE ACTION ABATE AND REPAIR WALL AND CEILING PLASTER IN THE FOLLOWING LOCATIONS:' at Q118 (P.S. 118 - QUEENS)"
SCA0000075647|K023,physical,,,review: environmental hygiene testing at one school (work at a particular place),reviewed,"2xh6-psuq version 2026-08-04, SCA0000075647|K023: SCA IEH: 'PO18-AHERA P.S RESPONSE ACTION ABATEMENT ABATE AND REPLACE/REPAIR DAMAGED MATERIALS 1015A - TOILET I' at K023 (P.S. 23 - BROOKLYN)"
SCA0000075648|K203,physical,,,review: environmental hygiene testing at one school (work at a particular place),reviewed,"2xh6-psuq version 2026-08-04, SCA0000075648|K203: SCA IEH: 'PO18-AHERA P.S RESPONSE ACTION ABATEMENT ABATE AND REPLACE/REPAIR DAMAGED MATERIALS ABATE AND REPAIR' at K203 (P.S. 203 - BROOKLYN)"
SCA0000075649|K241,physical,,,review: environmental hygiene testing at one school (work at a particular place),reviewed,"2xh6-psuq version 2026-08-04, SCA0000075649|K241: SCA IEH: 'PO18-AHERA P.S RESPONSE ACTION ABATEMENT 2105 - 105 - CLASSROOM: CEILING PLASTER LVL 2 ROOMS 5409 -' at K241 (P.S. 241 - BROOKLYN)"
SCA0000075650|Q159,physical,,,review: environmental hygiene testing at one school (work at a particular place),reviewed,"2xh6-psuq version 2026-08-04, SCA0000075650|Q159: SCA IEH: 'PO18-TEST KITCHEN WALL BY STAINLESS-STEEL SINK ACTIVE LEAK &IF POSITIVE AREA WILL BE MARKED OUT FOR' at Q159 (P.S. 159 - QUEENS)"
SCA0000075651|K200,physical,,,review: environmental hygiene testing at one school (work at a particular place),reviewed,"2xh6-psuq version 2026-08-04, SCA0000075651|K200: SCA IEH: 'PO18-AHERA P.S RESPONSE ACTION ABATEMENT 6434 - 434 - CLASSROOM: FLR TILES W/MASTIC UNDER PLYWD W/FL' at K200 (P.S. 200 - BROOKLYN)"
SCA0000075652|K176,physical,,,review: environmental hygiene testing at one school (work at a particular place),reviewed,"2xh6-psuq version 2026-08-04, SCA0000075652|K176: SCA IEH: 'PO18-ABATE AND REPLACE VFT OVER WOOD SUBSTRATE APPROXIMATELY 172SF, 50 SF DAMAGED 5TH FLOOR-ROOM 551' at K176 (P.S. 176 - BROOKLYN)"
SCA0000075653|K227,physical,,,review: environmental hygiene testing at one school (work at a particular place),reviewed,"2xh6-psuq version 2026-08-04, SCA0000075653|K227: SCA IEH: 'PO18-AHERA P.S RESPONSE ACTION ABATEMENT ABATE AND REPLACE/REPAIR DAMAGED MATERIALS ABATE AND REPAIR' at K227 (I.S. 227 - BROOKLYN)"
SCA0000075654|K230,physical,,,review: environmental hygiene testing at one school (work at a particular place),reviewed,"2xh6-psuq version 2026-08-04, SCA0000075654|K230: SCA IEH: 'PO18-AHERA P.S RESPONSE ACTION ABATEMENT ABATE AND REPAIR WALL PLASTER IN ROOMS: C-02 - ELECTRICAL R' at K230 (P.S. 230 - BROOKLYN)"
SCA0000075655|Q215,physical,,,review: environmental hygiene testing at one school (work at a particular place),reviewed,"2xh6-psuq version 2026-08-04, SCA0000075655|Q215: SCA IEH: 'PO18-77/27Q215/ABATE ACM FROM  ROTTED AND LEAKING RETURN TANK APPROX 4FT X 4 FT AROUND LEAKING AREA' at Q215 (P.S. 362 - QUEENS)"
SCA0000075656|X973,physical,,,review: environmental hygiene testing at one school (work at a particular place),reviewed,"2xh6-psuq version 2026-08-04, SCA0000075656|X973: SCA IEH: 'PO18-AHERA P.S RESPONSE ACTION ABATE SOFT CONCRETE FILLER FLOORING MATERIAL SPACE ID #2001A, 1000, 3' at X973 (EAST BRONX ACADEMY FOR THE FUTURE -X)"
SCA0000075657|Q124,physical,,,review: environmental hygiene testing at one school (work at a particular place),reviewed,"2xh6-psuq version 2026-08-04, SCA0000075657|Q124: SCA IEH: 'PO18-AHERA P.S RESPONSE ACTION SOFT CONCRETE FILLER FLOORING MATERIAL LVL 2 ADDN 2 - 2104C - 104C OF' at Q124 (P.S. 124 - QUEENS)"
SCA0000075659|Q138,physical,,,review: environmental hygiene testing at one school (work at a particular place),reviewed,"2xh6-psuq version 2026-08-04, SCA0000075659|Q138: SCA IEH: 'PO18-AHERA P.S RESPONSE ACTION 9*9 FLOOR TILES LVL 2 GREEN/WHITE LINES - 2103 - 103 CLASSROOM' at Q138 (P.S. 138 - QUEENS)"
SCA0000075660|K316,physical,,,review: environmental hygiene testing at one school (work at a particular place),reviewed,"2xh6-psuq version 2026-08-04, SCA0000075660|K316: SCA IEH: 'PO18-AHERA P.S RESPONSE ACTION ABATEMENT ABATE AND REPLACE FLOOR TILES IN ROOMS: #209, 215, 213, 203' at K316 (P.S. 316 - BROOKLYN)"
SCA0000075661|X008,physical,,,review: environmental hygiene testing at one school (work at a particular place),reviewed,"2xh6-psuq version 2026-08-04, SCA0000075661|X008: SCA IEH: 'PO18-AHERA P.S RESPONSE ACTION ABATE WALL BOARD MATIC #4304 - CLASSROOM ABATE SOFT CONCRETE FILLER F' at X008 (P.S. 8 - BRONX)"
SCA0000075663|Q173,physical,,,review: environmental hygiene testing at one school (work at a particular place),reviewed,"2xh6-psuq version 2026-08-04, SCA0000075663|Q173: SCA IEH: 'PO18-ABATE & REPLACE APPROX 25 FT PIPE INSULATION ON FEED WATER TANK PIPES APPROX 15FT PIPES IN CRAW' at Q173 (P.S. 173 - QUEENS)"
SCA0000075664|M180,physical,,,review: environmental hygiene testing at one school (work at a particular place),reviewed,"2xh6-psuq version 2026-08-04, SCA0000075664|M180: SCA IEH: 'PO18-HOT  WATER LINE  AND COLD WATER LINES NEEDS TO BE ABATED IN THE BOILER ROOM  (SPACE ID# 1012).' at M180 (P.S. 180 - MANHATTAN)"
SCA0000075665|M025,physical,,,review: environmental hygiene testing at one school (work at a particular place),reviewed,"2xh6-psuq version 2026-08-04, SCA0000075665|M025: SCA IEH: 'PO18-ABATE FLOOR TILES IN ROOM 326 (SPACE ID# 4326) DUE TO STEAM LEAKS' at M025 (LOWER EAST SIDE PREP HS - M)"
SCA0000075666|M060,physical,,,review: environmental hygiene testing at one school (work at a particular place),reviewed,"2xh6-psuq version 2026-08-04, SCA0000075666|M060: SCA IEH: 'PO18-ABATE PIPE INSULATION IN ROOM 413 (SPACE ID# 5413) IT IS 10 LINEAR FEET. THIS IS DUE TO A HOT W' at M060 (EAST SIDE COMMUNITY SCHOOL)"
SCA0000075667|K110,physical,,,review: environmental hygiene testing at one school (work at a particular place),reviewed,"2xh6-psuq version 2026-08-04, SCA0000075667|K110: SCA IEH: 'PO18-REPLACE 4 ROOMS OF 9X9 ASBESTOS TILE. ROOMS ARE 401, 402, 403, AND 404. ROOMS ARE APPROXIMATELY' at K110 (P.S. 110 - BROOKLYN)"
SCA0000075669|X009,physical,,,review: environmental hygiene testing at one school (work at a particular place),reviewed,"2xh6-psuq version 2026-08-04, SCA0000075669|X009: SCA IEH: 'PO18-ABATE AND REPLACE 9X9 ACM FLOOR TILES ROOM #229' at X009 (P.S. 9 - BRONX)"
SCA0000075670|K249,physical,,,review: environmental hygiene testing at one school (work at a particular place),reviewed,"2xh6-psuq version 2026-08-04, SCA0000075670|K249: SCA IEH: 'PO18-AHERA P.S RESPONSE ACTION ABATEMENT ABATE AND REPLACE/REPAIR DAMAGED MATERIALS ABATE AND REPLAC' at K249 (P.S. 249 - BROOKLYN)"
SCA0000075671|R880,physical,,,review: environmental hygiene testing at one school (work at a particular place),reviewed,"2xh6-psuq version 2026-08-04, SCA0000075671|R880: SCA IEH: 'PO18-TEST & ABATE PIPE INSULATION -  1' COLD WATER SUPPLY LINE IN 'B' BUILDING GAS METER ROOM,  APPR' at R880 (P.S. 80 - STATEN ISLAND)"
SCA0000075672|K191,physical,,,review: environmental hygiene testing at one school (work at a particular place),reviewed,"2xh6-psuq version 2026-08-04, SCA0000075672|K191: SCA IEH: 'PO18-ABATE ACM PIPE WRAP IN CRAWL SPACE ON 5 PIPES RUNNING ALONSIDE EACH OTHER, MARKED IN RED APPROX' at K191 (P.S. 191 - BROOKLYN)"
SCA0000075673|K029,physical,,,review: environmental hygiene testing at one school (work at a particular place),reviewed,"2xh6-psuq version 2026-08-04, SCA0000075673|K029: SCA IEH: 'PO18-AHERA P.S RESPONSE ACTION ABATEMENT ABATE AND REPLACE/REPAIR DAMAGED MATERIALS ABATE PIPE INSUL' at K029 (P.S. 29 - BROOKLYN)"
SCA0000075674|K302,physical,,,review: environmental hygiene testing at one school (work at a particular place),reviewed,"2xh6-psuq version 2026-08-04, SCA0000075674|K302: SCA IEH: 'PO18-AHERA P.S RESPONSE ACTION ABATEMENT ABATE AND REPLACE/REPAIR DAMAGED 9X9 FLOOR TILES 145B, 260F' at K302 (LIBERTY AVENUE MIDDLE SCHOOL)"
SCA0000075675|K216,physical,,,review: environmental hygiene testing at one school (work at a particular place),reviewed,"2xh6-psuq version 2026-08-04, SCA0000075675|K216: SCA IEH: 'PO18-ABATE & REPLACE FLOOR IN ROOM#413 APPROX 672 SFT, 70SFT DAMAGED LAS AND PICTURES ATTACHED' at K216 (P.S. 216 - BROOKLYN)"
SCA0000075676|K048,physical,,,review: environmental hygiene testing at one school (work at a particular place),reviewed,"2xh6-psuq version 2026-08-04, SCA0000075676|K048: SCA IEH: 'PO18-ABATE AND REPLACE FLOOR TILES AND MASTIC SPRINKLER ROOM IN 61ST ST CAFE 500A - AHERA 2500A DAMA' at K048 (P.S. 48 - BROOKLYN)"
SCA0000075677|K201,physical,,,review: environmental hygiene testing at one school (work at a particular place),reviewed,"2xh6-psuq version 2026-08-04, SCA0000075677|K201: SCA IEH: 'PO18-AHERA P.S RESPONSE ACTION ABATEMENT ABATE AND REPLACE/REPAIR DAMAGED MATERIALS ABATE AND REPLAC' at K201 (I.S. 201 - BROOKLYN)"
SCA0000075678|M460,physical,,,review: environmental hygiene testing at one school (work at a particular place),reviewed,"2xh6-psuq version 2026-08-04, SCA0000075678|M460: SCA IEH: 'PO18-ABATE & REPLACE APPROX 750 SQ FT OF 9X9 TILES DUE TO WATER DAMAGE. LOCATED IN PRINCIPAL OFFICE' at M460 (THE HIGH SCHOOL FOR LANGUAGE AND DIPLOMACY)"
SCA0000075679|Q091,physical,,,review: environmental hygiene testing at one school (work at a particular place),reviewed,"2xh6-psuq version 2026-08-04, SCA0000075679|Q091: SCA IEH: 'PO18-ABATE AND REPAIR DAMAGED AREAS IN ROOM 105 & 106 AS NEEDED, LAS ATTACHED' at Q091 (P.S. 91 - QUEENS)"
SCA0000075680|K046,physical,,,review: environmental hygiene testing at one school (work at a particular place),reviewed,"2xh6-psuq version 2026-08-04, SCA0000075680|K046: SCA IEH: 'PO18-ABATE & REMOVE ACM PIPE INSULATION ELBOW INSULATION APPROX 15LFT 10 LFT DAMAGED BASEMENT CAFETE' at K046 (FORT GREENE PREPARATORY ACADEMY - BROOKLYN)"
SCA0000075681|K142,physical,,,review: environmental hygiene testing at one school (work at a particular place),reviewed,"2xh6-psuq version 2026-08-04, SCA0000075681|K142: SCA IEH: 'PO18-ABATE AND REPAIR CEILING PLASTER ON STAIRCASE B SPACE ID 2002' at K142 (I.S. 448 - BROOKLYN)"
SCA0000075682|M072,physical,,,review: environmental hygiene testing at one school (work at a particular place),reviewed,"2xh6-psuq version 2026-08-04, SCA0000075682|M072: SCA IEH: 'PO18-ABATE /REPLACE FLOOR TILES ROOM 207 (SPACE ID# 3207- PRINCIPAL OFFICE) SOFT CONCRETE FILLER FLO' at M072 (P.S. 72 - MANHATTAN)"
SCA0000075683|Q374,physical,,,review: environmental hygiene testing at one school (work at a particular place),reviewed,"2xh6-psuq version 2026-08-04, SCA0000075683|Q374: SCA IEH: 'PO18-AHERA P.S RESPONSE ACTION 9*9 FLOOR TILES LVL 2 BEOIGE/VARIOUS SPOTS - 2111A - CLOSET 9*9 FLOOR' at Q374 (SUCCESS ACADEMY CHARTER SCHOOL - ROSEDALE - NEW YORK 5)"
SCA0000075684|Q158,physical,,,review: environmental hygiene testing at one school (work at a particular place),reviewed,"2xh6-psuq version 2026-08-04, SCA0000075684|Q158: SCA IEH: 'PO18-77/26Q158/ ABATE ACM PIPE INSULATION IN FAN RMS RM 224-A APPROX 12 FT RM 226-B APPROX 12 FT' at Q158 (J.H.S. 158 - QUEENS)"
SCA0000075685|K111,physical,,,review: environmental hygiene testing at one school (work at a particular place),reviewed,"2xh6-psuq version 2026-08-04, SCA0000075685|K111: SCA IEH: 'PO18-ABATE & REMOVE ACM PIPE INSULATION IN BASEMENT NEXT TO STORAGE TANK AIRCELL PIPE INSULATION & E' at K111 (I.S. 349 - BROOKLYN)"
SCA0000075686|Q126,physical,,,review: environmental hygiene testing at one school (work at a particular place),reviewed,"2xh6-psuq version 2026-08-04, SCA0000075686|Q126: SCA IEH: 'PO18-TEST ALL LAYERS OF FLOORING 4TH FL HALLWAY &IF POSITIVE AREA WILL BE MARKED OUT FOR ABATEMENT &' at Q126 (I.S. 126 - QUEENS)"
SCA0000075687|Q237,physical,,,review: environmental hygiene testing at one school (work at a particular place),reviewed,"2xh6-psuq version 2026-08-04, SCA0000075687|Q237: SCA IEH: 'PO18-AHERA P.S RESPONSE ACTION ABATE AND REPLACE 9X9 FLOOR TILES IN THE FOLLOWING LOCATIONS: SPACE I' at Q237 (J.H.S. 237 - QUEENS)"
SCA0000075688|K852,physical,,,review: environmental hygiene testing at one school (work at a particular place),reviewed,"2xh6-psuq version 2026-08-04, SCA0000075688|K852: SCA IEH: 'PO18-AHERA P.S RESPONSE ACTION ABATEMENT ABATE AND REPLACE/REPAIR DAMAGED MATERIALS DETAILED SCOPE P' at K852 (P.S. 326 - BROOKLYN)"
SCA0000075689|K105,physical,,,review: environmental hygiene testing at one school (work at a particular place),reviewed,"2xh6-psuq version 2026-08-04, SCA0000075689|K105: SCA IEH: 'PO18-ABATE AND REPALCE WOOD FLOORING IN ROOMS 212 & 257 SOFT CONCRETE FILLER IS ACM APPROX 672 & 528' at K105 (P.S. 105 - BROOKLYN)"
SCA0000075691|K010,physical,,,review: environmental hygiene testing at one school (work at a particular place),reviewed,"2xh6-psuq version 2026-08-04, SCA0000075691|K010: SCA IEH: 'PO18-AHERA P.S RESPONSE ACTION ABATEMENT ABATE AND REPLACE/REPAIR DAMAGED MATERIALS LOCATIONS: RMS#' at K010 (P.S. 10 - BROOKLYN)"
SCA0000075693|K027,physical,,,review: environmental hygiene testing at one school (work at a particular place),reviewed,"2xh6-psuq version 2026-08-04, SCA0000075693|K027: SCA IEH: 'PO18-AHERA P.S RESPONSE ACTION ABATEMENT ABATE AND REPLACE/REPAIR DAMAGED MATERIALS CEILING PLASTER' at K027 (RED HOOK NEIGHBORHOOD SCHOOL  - K)"
SCA0000075694|M116,physical,,,review: environmental hygiene testing at one school (work at a particular place),reviewed,"2xh6-psuq version 2026-08-04, SCA0000075694|M116: SCA IEH: 'PO18-ABATE /REPLACE THE FOLLOWING FLOORS ROOM 401 (SPACE ID# 5401), ROOM 402 (SPACE ID# 5402), ROOM' at M116 (P.S. 116 - MANHATTAN)"
SCA0000075695|K860,physical,,,review: environmental hygiene testing at one school (work at a particular place),reviewed,"2xh6-psuq version 2026-08-04, SCA0000075695|K860: SCA IEH: 'PO18-AHERA P.S RESPONSE ACTION ABATEMENT ABATE AND REPLACE/REPAIR DAMAGED MATERIALS 2001V - VESTIBUL' at K860 (EAST BKLN COMMUNITY HS - K)"
SCA0000075696|X139,physical,,,review: environmental hygiene testing at one school (work at a particular place),reviewed,"2xh6-psuq version 2026-08-04, SCA0000075696|X139: SCA IEH: 'PO18-ACM TEST  HOT WATER TANK HAS LOOSE INSULATION SPACE ID - 1015' at X139 (I.S. 224 - BRONX)"
SCA0000075697|K309,physical,,,review: environmental hygiene testing at one school (work at a particular place),reviewed,"2xh6-psuq version 2026-08-04, SCA0000075697|K309: SCA IEH: 'PO18-AHERA P.S RESPONSE ACTION ABATEMENT ABATE AND REPLACE/REPAIR DAMAGED MATERIALS 4307 - 307 - CLA' at K309 (P.S. 309 - BROOKLYN)"
SCA0000075698|X121,physical,,,review: environmental hygiene testing at one school (work at a particular place),reviewed,"2xh6-psuq version 2026-08-04, SCA0000075698|X121: SCA IEH: 'PO18-AHERA P.S RESPONSE ACTION ABATE AND REPLACE 9X9 FLOOR TILES #4319 - CLASSROOM' at X121 (P.S. 121 - BRONX)"
SCA0000075699|K370,physical,,,review: environmental hygiene testing at one school (work at a particular place),reviewed,"2xh6-psuq version 2026-08-04, SCA0000075699|K370: SCA IEH: 'PO18-AHERA P.S RESPONSE ACTION ABATEMENT ABATE AND REPLACE/REPAIR DAMAGED MATERIALS 3309 - 309 - CLA' at K370 (K370 SPED - BROOKLYN)"
SCA0000075700|R048,physical,,,review: environmental hygiene testing at one school (work at a particular place),reviewed,"2xh6-psuq version 2026-08-04, SCA0000075700|R048: SCA IEH: 'PO18-ABATE & REPLACE 9X9 FLOOR TILES IN ROOMS# 2101 & 2102' at R048 (NAPLES STREET ELEMENTARY SCHOOL - R)"
SCA0000075702|X122,physical,,,review: environmental hygiene testing at one school (work at a particular place),reviewed,"2xh6-psuq version 2026-08-04, SCA0000075702|X122: SCA IEH: 'PO18-AHERA P.S RESPONSE ACTION ABATE AND REPLACE FLOOR TILES IN THE FOLLOWING LOCATIONS: B06, 308, B' at X122 (P.S. 310 - BRONX)"
SCA0000075703|X156,physical,,,review: environmental hygiene testing at one school (work at a particular place),reviewed,"2xh6-psuq version 2026-08-04, SCA0000075703|X156: SCA IEH: 'PO18-AHERA P.S RESPONSE ACTION ABATE AND REPLACE 9X9 FLOOR TILES IN THE FOLLOWING ROOMS: #314, 323,' at X156 (SOUTH BRONX LITERACY ACADEMY)"
SCA0000075704|X878,physical,,,review: environmental hygiene testing at one school (work at a particular place),reviewed,"2xh6-psuq version 2026-08-04, SCA0000075704|X878: SCA IEH: 'PO18-AHERA P.S RESPONSE ACTION ABATE AND REPLACE CERAMIC TILE MASTIC LVL 3 WALL #3215 - SLOP SINK' at X878 (FANNIE LOU HAMER FREEDOM HS - X)"
SCA0000075705|K505,physical,,,review: environmental hygiene testing at one school (work at a particular place),reviewed,"2xh6-psuq version 2026-08-04, SCA0000075705|K505: SCA IEH: 'PO18-ABATE AND REPLACE FLOOR TILES IN MULTIPLE LOCATIONS 15 LOCATIONS ROOMS WITH 100 SQFT REPLACEMEN' at K505 (FRANKLIN D. ROOSEVELT HS - K)"
SCA0000075706|Q030,physical,,,review: environmental hygiene testing at one school (work at a particular place),reviewed,"2xh6-psuq version 2026-08-04, SCA0000075706|Q030: SCA IEH: 'PO18-AHERA P.S RESPONSE ACTION ABATEMENT CERAMIC TILE MASTIC LCL 2 FLOOR - 2127A MEN'S TOILET SOFT C' at Q030 (P.S. 354 - QUEENS)"
SCA0000075707|Q149,physical,,,review: environmental hygiene testing at one school (work at a particular place),reviewed,"2xh6-psuq version 2026-08-04, SCA0000075707|Q149: SCA IEH: 'PO18-AHERA P.S RESPONSE ACTION ABATEMENT 9*9 FLOOR TILES LVL 3 LIGHT BROWN/WHITE LINES - 3200B - 200' at Q149 (P.S. 149 - QUEENS)"
SCA0000075709|Q610,physical,,,review: environmental hygiene testing at one school (work at a particular place),reviewed,"2xh6-psuq version 2026-08-04, SCA0000075709|Q610: SCA IEH: 'PO18-TEST LEAKING COLD WATER PIPE INSULATION ROOM C9 &IF POSITIVE AREA WILL BE MARKED OUT FOR ABATEM' at Q610 (AVIATION HS - QUEENS)"
SCA0000075710|K405,physical,,,review: environmental hygiene testing at one school (work at a particular place),reviewed,"2xh6-psuq version 2026-08-04, SCA0000075710|K405: SCA IEH: 'PO18-ABATE AND REPLACE FLOOR TILES IN ROOMS 125, 131, 133, 135 REPLACEMENT FLOOR TILES AND MATERIALS' at K405 (MIDWOOD HS - BROOKLYN)"
SCA0000075711|K160,physical,,,review: environmental hygiene testing at one school (work at a particular place),reviewed,"2xh6-psuq version 2026-08-04, SCA0000075711|K160: SCA IEH: 'PO18-ABATE & REPAIR ACM CEILING PLASTER APPROX 100SFT WALL PLASTER APPROX 500 SFT LOCATION IN 1003 A' at K160 (P.S. 160 - BROOKLYN)"
SCA0000075712|K293,physical,,,review: environmental hygiene testing at one school (work at a particular place),reviewed,"2xh6-psuq version 2026-08-04, SCA0000075712|K293: SCA IEH: 'PO18-ABATE & REPLACE 9X9 FLOOR TILES LOC: ROOM B21A (SPACE ID 1021A)' at K293 (DIGITAL ARTS AND CINEMA TECHNOLOGY HIGH SCHOOL - K)"
SCA0000075713|K196,physical,,,review: environmental hygiene testing at one school (work at a particular place),reviewed,"2xh6-psuq version 2026-08-04, SCA0000075713|K196: SCA IEH: 'PO18-ABATE & REPAIR DAMAGED WOOD FLOORING IN RM#329 APPROX 120 SFT SUB CONCRETE LEVELING COMPOUND IS' at K196 (P.S. 196 - BROOKLYN)"
SCA0000075714|M920,physical,,,review: environmental hygiene testing at one school (work at a particular place),reviewed,"2xh6-psuq version 2026-08-04, SCA0000075714|M920: SCA IEH: 'PO18-P.S. RESPONSE ACTION ABATE AND REPAIR FELT PAPER UNDER WOOD FLOOR IN ROOM #207' at M920 (SATELLITE ACADEMY - M)"
SCA0000075715|K292,physical,,,review: environmental hygiene testing at one school (work at a particular place),reviewed,"2xh6-psuq version 2026-08-04, SCA0000075715|K292: SCA IEH: 'PO18-DRILL 8 HOLES THROUGH THE FLOOR IN ROOM 304 1 1/4 INCH HOLEA TO BRING POWER FROM THE 3RD TO 2ND' at K292 (I.S. 292 - BROOKLYN)"
SCA0000075716|K259,physical,,,review: environmental hygiene testing at one school (work at a particular place),reviewed,"2xh6-psuq version 2026-08-04, SCA0000075716|K259: SCA IEH: 'PO18-ABATE & DRILL HOLES IN WALL PLAY AREA 1ST FLOOR LEFT OF EXIT 5  HOLE SIZE  3/4' HOLE DEPTH THRU' at K259 (I.S. 259 - BROOKLYN)"
SCA0000075717|K073,physical,,,review: environmental hygiene testing at one school (work at a particular place),reviewed,"2xh6-psuq version 2026-08-04, SCA0000075717|K073: SCA IEH: 'PO18-AHERA P.S RESPONSE ACTION ABATEMENT 1005 - BOILER ROOM : WHITE AIRCELL PIPE INSULATION, SOFT CO' at K073 (BROOKLYN LANDMARK ELEMENTARY SCHOOL)"
SCA0000075718|K078,physical,,,review: environmental hygiene testing at one school (work at a particular place),reviewed,"2xh6-psuq version 2026-08-04, SCA0000075718|K078: SCA IEH: 'PO18-AHERA P.S RESPONSE ACTION ABATEMENT ABATE AND REPLACE FLOOR TILES IN ROOMS 235 AND 128. ABATE A' at K078 (I.S. 78 - BROOKLYN)"
SCA0000075719|R060,physical,,,review: environmental hygiene testing at one school (work at a particular place),reviewed,"2xh6-psuq version 2026-08-04, SCA0000075719|R060: SCA IEH: 'PO18-ABATE APPROX. 3500 SQFT OF ACM 12X12 FLOOR TILES IN 1ST FLOOR ALL FOUR CORRIDORS.' at R060 (P.S. 60 - STATEN ISLAND)"
SCA0000075720|K061,physical,,,review: environmental hygiene testing at one school (work at a particular place),reviewed,"2xh6-psuq version 2026-08-04, SCA0000075720|K061: SCA IEH: 'PO18-AHERA P.S RESPONSE ACTION ABATEMENT ABATE AND REPLACE/REPAIR DAMAGED MATERIALS ABATE AND REPAIR' at K061 (I.S. 61 - BROOKLYN)"
SCA0000075721|K067,physical,,,review: environmental hygiene testing at one school (work at a particular place),reviewed,"2xh6-psuq version 2026-08-04, SCA0000075721|K067: SCA IEH: 'PO18-AHERA P.S RESPONSE ACTION ABATEMENT ABATE AND REPAIR CEILING PLASTER IN THE FOLLOWING LOCATIONS' at K067 (P.S. 67 - BROOKLYN)"
SCA0000075722|K111,physical,,,review: environmental hygiene testing at one school (work at a particular place),reviewed,"2xh6-psuq version 2026-08-04, SCA0000075722|K111: SCA IEH: 'PO18-AHERA P.S RESPONSE ACTION ABATEMENT ABATE AND REPLACE 9X9 FLOOR TILES IN ROOMS: 319, 323, 332,' at K111 (I.S. 349 - BROOKLYN)"
SCA0000075723|K845,physical,,,review: environmental hygiene testing at one school (work at a particular place),reviewed,"2xh6-psuq version 2026-08-04, SCA0000075723|K845: SCA IEH: 'PO18-ABATE AND REPLACE/REPAIR DAMAGED MATERIALS DETAILED SCOPE PROVIDED IN THE EMAIL' at K845 (I.S. 443 - BROOKLYN)"
SCA0000075725|K025,physical,,,review: environmental hygiene testing at one school (work at a particular place),reviewed,"2xh6-psuq version 2026-08-04, SCA0000075725|K025: SCA IEH: 'PO18-AHERA P.S RESPONSE ACTION ABATEMENT 2125 - 125 - GENERAL OFFICE - ELECTRICAL WIRING INSULATION' at K025 (SCHOOL SAFETY - BROOKLYN)"
SCA0000075726|R024,physical,,,review: environmental hygiene testing at one school (work at a particular place),reviewed,"2xh6-psuq version 2026-08-04, SCA0000075726|R024: SCA IEH: 'PO18-CORE DRILLING IS REQUIRED FOR 1-4' HOLE IN KITCHEN STORAGE ROOM SPACE ID# 2005F FROM FIRST FLOO' at R024 (I.S. 24 - STATEN ISLAND)"
SCA0000075727|K091,physical,,,review: environmental hygiene testing at one school (work at a particular place),reviewed,"2xh6-psuq version 2026-08-04, SCA0000075727|K091: SCA IEH: 'PO18-AHERA P.S RESPONSE ACTION ABATEMENT ABATE AND REPAIR PIPE INSULATION IN FAN ROOM, BOILER ROOM C' at K091 (P.S. 91 - BROOKLYN)"
SCA0000075729|K210,physical,,,review: environmental hygiene testing at one school (work at a particular place),reviewed,"2xh6-psuq version 2026-08-04, SCA0000075729|K210: SCA IEH: 'PO18-ABATE AND REPAIR FLOOR IN ROOM 407 28LF ASSIGNED TO SCA ON 4.7.2026 AS PRIORITY 1' at K210 (I.S. 394 - BROOKLYN)"
SCA0000075731|Q150,physical,,,review: environmental hygiene testing at one school (work at a particular place),reviewed,"2xh6-psuq version 2026-08-04, SCA0000075731|Q150: SCA IEH: 'PO18-ABATE PIPE INSULATION IN 428 & 429 PLEASE OPEN THE CEILING AND REMOVE PIPE INSULATION' at Q150 (P.S. 150 - QUEENS)"
SCA0000075732|M107,physical,,,review: environmental hygiene testing at one school (work at a particular place),reviewed,"2xh6-psuq version 2026-08-04, SCA0000075732|M107: SCA IEH: 'PO18-P.S. RESPONSE ACTION ABATE AND REPAIR FELT PAPER UNDER WOOD IN DEAN'S OFFICE(RM #307)' at M107 (THE HERITAGE SCHOOL - MANHATTAN)"
SCA0000075733|M098,physical,,,review: environmental hygiene testing at one school (work at a particular place),reviewed,"2xh6-psuq version 2026-08-04, SCA0000075733|M098: SCA IEH: 'PO18-P.S. RESPONSE ACTION ABATE AND REPAIR SOFT CONCRETE FILLER FLOORING MATERIAL IN THE FOLLOWING L' at M098 (P.S. 98 - MANHATTAN)"
SCA0000075734|M911,physical,,,review: environmental hygiene testing at one school (work at a particular place),reviewed,"2xh6-psuq version 2026-08-04, SCA0000075734|M911: SCA IEH: 'PO18-P.S. RESPONSE ACTION ABATE AND REPAIR SOFT CONCRETE FILLER FLOORING MATERIAL IN THE FOLLOWING L' at M911 (HARLEM RENAISSANCE HS - M)"
SCA0000075735|M111,physical,,,review: environmental hygiene testing at one school (work at a particular place),reviewed,"2xh6-psuq version 2026-08-04, SCA0000075735|M111: SCA IEH: 'PO18-P.S. RESPONSE ACTION ABATE AND REPLACE 9X9 FLOOR TILES IN THE FOLLOWING LOCATIONS: SPACE ID #10' at M111 (P.S. 111 - MANHATTAN)"
SCA0000075736|M223,physical,,,review: environmental hygiene testing at one school (work at a particular place),reviewed,"2xh6-psuq version 2026-08-04, SCA0000075736|M223: SCA IEH: 'PO18-P.S. RESPONSE ACTION ABATE AND REPAIR SOFT CONCRETE FILLER FLOORING MATERIAL IN HALLWAY (SPACE' at M223 (SISULU-WALKER CHARTER SCHOOL OF HARLEM)"
SCA0000075737|M183,physical,,,review: environmental hygiene testing at one school (work at a particular place),reviewed,"2xh6-psuq version 2026-08-04, SCA0000075737|M183: SCA IEH: 'PO18-P.S. RESPONSE ACTION ABATE AND REPAIR SOFT CONCRETE FILLER FLOORING MATERIAL IN THE FOLLOWING' at M183 (P.S. 183 - MANHATTAN)"
SCA0000075738|M112,physical,,,review: environmental hygiene testing at one school (work at a particular place),reviewed,"2xh6-psuq version 2026-08-04, SCA0000075738|M112: SCA IEH: 'PO18-P.S. RESPONSE ACTION ABATE AND REPLACE 9X9 FLOOR TILES IN THE FOLLOWING LOCATIONS: SPACE ID #20' at M112 (P.S. 112 - MANHATTAN)"
SCA0000075739|M198,physical,,,review: environmental hygiene testing at one school (work at a particular place),reviewed,"2xh6-psuq version 2026-08-04, SCA0000075739|M198: SCA IEH: 'PO18-P.S. RESPONSE ACTION ABATE AND REPLACE 9X9 FLOOR TILES IN THE FOLLOWING LOCATIONS: M23(LOCKER R' at M198 (P.S. 198 - MANHATTAN)"
SCA0000075740|M480,physical,,,review: environmental hygiene testing at one school (work at a particular place),reviewed,"2xh6-psuq version 2026-08-04, SCA0000075740|M480: SCA IEH: 'PO18-P.S. RESPONSE ACTION ABATE AND REPAIR SOF CONCRETE FILLER FLOORING MATERIAL IN ROOM #402 AND CA' at M480 (P.S. 225 - MANHATTAN)"
SCA0000075741|R053,physical,,,review: environmental hygiene testing at one school (work at a particular place),reviewed,"2xh6-psuq version 2026-08-04, SCA0000075741|R053: SCA IEH: 'PO18-ABATE & REPLACE APPROX. 1568 SFT OF 9X9 FLOOR TILES LOCATED IN 3RD FLOOR ROOMS# 324 & 334' at R053 (P.S. 53 - STATEN ISLAND)"
SCA0000075742|K138,physical,,,review: environmental hygiene testing at one school (work at a particular place),reviewed,"2xh6-psuq version 2026-08-04, SCA0000075742|K138: SCA IEH: 'PO18-ABATE AND REPLACE 9X9 FLOORS LOCATION: KITCHEN STAFF ROOM 129 APPROX 100 SQ FT' at K138 (P.S. 138 - BROOKLYN)"
SCA0000075743|M195,physical,,,review: environmental hygiene testing at one school (work at a particular place),reviewed,"2xh6-psuq version 2026-08-04, SCA0000075743|M195: SCA IEH: 'PO18-P.S. RESPONSE ACTION ABATE AND REPAIR SOFT CONCRETE FILLER FLOORING MATERIAL IN THE FOLLOWING' at M195 (SCHOOL SAFETY - MANHATTAN)"
SCA0000075744|Q226,physical,,,review: environmental hygiene testing at one school (work at a particular place),reviewed,"2xh6-psuq version 2026-08-04, SCA0000075744|Q226: SCA IEH: 'PO18-77/27Q226/EMERGENCY ABATEMENT ON MAKE UP TANK ROTTED LEAKING' at Q226 (I.S. 226 - QUEENS)"
SCA0000075745|M387,physical,,,review: environmental hygiene testing at one school (work at a particular place),reviewed,"2xh6-psuq version 2026-08-04, SCA0000075745|M387: SCA IEH: 'PO18-ABATE ACM PIPE UNDER SINK IN MULTIPLE LOCATIONS 0005, 0006, 0007, 0008, 0009, 0010, 1009A, 1009' at M387 (SUCCESS ACADEMY CHARTER SCHOOL - WASHINGTON HEIGHTS - NEW YORK 1)"
SCA0000075746|Q204,physical,,,review: environmental hygiene testing at one school (work at a particular place),reviewed,"2xh6-psuq version 2026-08-04, SCA0000075746|Q204: SCA IEH: 'PO18-THE INSTALLATION IS SCHEDULED FOR 4/17, AND WE NEED THE DRILLING TO BE DONE PICTURES AND PROVID' at Q204 (I.S. 204 - QUEENS)"
SCA0000075748|Q072,physical,,,review: environmental hygiene testing at one school (work at a particular place),reviewed,"2xh6-psuq version 2026-08-04, SCA0000075748|Q072: SCA IEH: 'PO18-AHERA P.S RESPONSE ACTION 9*9 FLOOR TILES LVL 1 BEIGE/VARIOUS SPOTS - 1001 - CUSTODIAN'S LOCKER' at Q072 (J.H.S. 72 - QUEENS)"
SCA0000075749|Q041,physical,,,review: environmental hygiene testing at one school (work at a particular place),reviewed,"2xh6-psuq version 2026-08-04, SCA0000075749|Q041: SCA IEH: 'PO18-AHERA P.S RESPONSE ACTION ABATEMENT ABATE AND REPAIR CEILING PLASTER IN SLOP SINK(SPACE ID #103' at Q041 (P.S. 41 - QUEENS)"
SCA0000075750|X400,physical,,,review: environmental hygiene testing at one school (work at a particular place),reviewed,"2xh6-psuq version 2026-08-04, SCA0000075750|X400: SCA IEH: 'PO18-AHERA P.S RESPONSE ACTION VARIOUS MATERIALS THAT NEED TO BE ABATED AND REPAIR: SPACE ID #3003,1' at X400 (BRONX INTERNATIONAL - BRONX)"
SCA0000075751|Q154,physical,,,review: environmental hygiene testing at one school (work at a particular place),reviewed,"2xh6-psuq version 2026-08-04, SCA0000075751|Q154: SCA IEH: 'PO18-HOLES MUST BE DRILLED THROUGH THE CAFETERIA FLOOR TO THE BASEMENT/BOILERROOM( (B003) CEILING (2' at Q154 (P.S. 154 - QUEENS)"
SCA0000075752|Q199,physical,,,review: environmental hygiene testing at one school (work at a particular place),reviewed,"2xh6-psuq version 2026-08-04, SCA0000075752|Q199: SCA IEH: 'PO18-AHERA P.S RESPONSE ACTION SOFT CONCRETE FILLER FLOORING MATERIAL LVL3 - 3000 - 2ND FLOOR HALLWA' at Q199 (P.S. 199 - QUEENS)"
SCA0000075753|Q229,physical,,,review: environmental hygiene testing at one school (work at a particular place),reviewed,"2xh6-psuq version 2026-08-04, SCA0000075753|Q229: SCA IEH: 'PO18-AHERA P.S RESPONSE ACTION ABATEMENT MASTIC LVL 2 LINOLEUM LIGHT BROWN/VARIIOUS SPOTS - 2108 - 1' at Q229 (P.S. 229 - QUEENS)"
SCA0000075754|Q215,physical,,,review: environmental hygiene testing at one school (work at a particular place),reviewed,"2xh6-psuq version 2026-08-04, SCA0000075754|Q215: SCA IEH: 'PO18-AHERA P.S RESPONSE ACTION ABATE AND REPLACE FLOOR TILES IN ROOMS: 307D(OFFICE), STAIRWELL G(SPA' at Q215 (P.S. 362 - QUEENS)"
SCA0000075755|X425,physical,,,review: environmental hygiene testing at one school (work at a particular place),reviewed,"2xh6-psuq version 2026-08-04, SCA0000075755|X425: SCA IEH: 'PO18-ABATE SOFT CONCRETE FILLER MATERIAL #1150 - NATATORIUM SWIMMING POOL #1 ABATE CERAMIC TILE MAST' at X425 (BRONX LAB SCHOOL - BRONX)"
SCA0000075756|Q107,physical,,,review: environmental hygiene testing at one school (work at a particular place),reviewed,"2xh6-psuq version 2026-08-04, SCA0000075756|Q107: SCA IEH: 'PO18-77/25Q107/RM 551ABATE PIPE INSULATION AND CLEAN UP ANY THAT HEAS FALLEN OFF' at Q107 (P.S. 107 - QUEENS)"
SCA0000075757|Q470,physical,,,review: environmental hygiene testing at one school (work at a particular place),reviewed,"2xh6-psuq version 2026-08-04, SCA0000075757|Q470: SCA IEH: 'PO18-77/28Q470/TEST INSULATION ON 4 INCH DRAIN LINE ROTTED IF POSITIVE ABATE ALL ON WASTE LINE ACCES' at Q470 (QUEENS COLLEGIATE SCHOOL - QUEENS)"
SCA0000075758|X115,physical,,,review: environmental hygiene testing at one school (work at a particular place),reviewed,"2xh6-psuq version 2026-08-04, SCA0000075758|X115: SCA IEH: 'PO18-AHERA P.S RESPONSE ACTION ABATE WALL BOARD MASTIC #4221 - CLASSROOM ,#1017 - CUSTODIAN LOCKER R' at X115 (SCHOOL BASED HEALTH CENTER - BRONX)"
SCA0000075759|Q811,physical,,,review: environmental hygiene testing at one school (work at a particular place),reviewed,"2xh6-psuq version 2026-08-04, SCA0000075759|Q811: SCA IEH: 'PO18-CORE DRILLING HOLES IN THE ABOVE-MENTIONED SCHOOL CAFETERIA. THE HOLE SIZES AND LOCATIONS ARE F' at Q811 (Q811 SPED - QUEENS)"
SCA0000075760|X114,physical,,,review: environmental hygiene testing at one school (work at a particular place),reviewed,"2xh6-psuq version 2026-08-04, SCA0000075760|X114: SCA IEH: 'PO18-AHERA P.S RESPONSE ACTION ABATE MAGNESIA PIPE INSULATION & SOFT CONCRETE MATTERIAL  #1007- CAFE' at X114 (P.S. 114 - BRONX)"
SCA0000075761|X149,physical,,,review: environmental hygiene testing at one school (work at a particular place),reviewed,"2xh6-psuq version 2026-08-04, SCA0000075761|X149: SCA IEH: 'PO18-P.S RESPONSE ACTION ABATE ACOUSTICAL CEILING PLASTER #1013 - CAFETERIA' at X149 (I.S. 221 - BRONX)"
SCA0000075762|X145,physical,,,review: environmental hygiene testing at one school (work at a particular place),reviewed,"2xh6-psuq version 2026-08-04, SCA0000075762|X145: SCA IEH: 'PO18-P.S AHERA RESPONSE ACTION ABATE AND REPAIR WATER TANK INSULATION UNIT 2 IN BOILER ROOM, CEILING' at X145 (M.S. 593 - BRONX)"
SCA0000075763|X183,physical,,,review: environmental hygiene testing at one school (work at a particular place),reviewed,"2xh6-psuq version 2026-08-04, SCA0000075763|X183: SCA IEH: 'PO18-AHERA P.S RESPONSE ACTION ABATE AND REPLACE FLOOR TILES IN THE FOLLOWING LOCATIONS: CAFETERIA,' at X183 (THE URBAN ASSEMBLY BRONX ACADEMY OF LETTERS)"
SCA0000075764|M171,physical,,,review: environmental hygiene testing at one school (work at a particular place),reviewed,"2xh6-psuq version 2026-08-04, SCA0000075764|M171: SCA IEH: 'PO18-AND WALLS AS PER THE FIABATE AND REPLACE AIRCELL PIPE INSULATION - APPROX. 61 LFT LOCATION -  3' at M171 (P.S. 171 - MANHATTAN)"
SCA0000075765|Q442,physical,,,review: environmental hygiene testing at one school (work at a particular place),reviewed,"2xh6-psuq version 2026-08-04, SCA0000075765|Q442: SCA IEH: 'PO18-CORE DRILLING THROUGH FLOOR FROM 321A CLOSET ROOM TO SECOND FLOOR 5' CORE DRILL' at Q442 (Q000 - QUEENS)"
SCA0000075766|Q081,physical,,,review: environmental hygiene testing at one school (work at a particular place),reviewed,"2xh6-psuq version 2026-08-04, SCA0000075766|Q081: SCA IEH: 'PO18-AHERA P.S RESPONSE ACTION ABATEMENT SPRAY-ON FIREPROOFING LVL 1 - 1009 - PIPE SPACE' at Q081 (P.S. 81 - QUEENS)"
SCA0000075767|X155,physical,,,review: environmental hygiene testing at one school (work at a particular place),reviewed,"2xh6-psuq version 2026-08-04, SCA0000075767|X155: SCA IEH: 'PO18-ABATE AND REPLACE DAMAGED FLOOR TILES ROOM 218, NO DAMAGE ROOM 223 (50SF DAMAGED ) ROOM 230A &' at X155 (P.S. 754 SPED - BRONX)"
SCA0000075768|Q109,physical,,,review: environmental hygiene testing at one school (work at a particular place),reviewed,"2xh6-psuq version 2026-08-04, SCA0000075768|Q109: SCA IEH: 'PO18-AHERA P.S RESPONSE ACTION ABATEMENT ABATE AND REPAIR CEILING PALSTER IN ROOMS: 454, 363(BOY'S G' at Q109 (I.S. 109 - QUEENS)"
SCA0000075769|Q104,physical,,,review: environmental hygiene testing at one school (work at a particular place),reviewed,"2xh6-psuq version 2026-08-04, SCA0000075769|Q104: SCA IEH: 'PO18-AHERA P.S RESPONSE ACTION ABATEMENT ABATE AND REPLACE L9X9 FLOOR TILES IN THE FOLLOWING LOCATIO' at Q104 (P.S. 104 - QUEENS)"
SCA0000075770|Q120,physical,,,review: environmental hygiene testing at one school (work at a particular place),reviewed,"2xh6-psuq version 2026-08-04, SCA0000075770|Q120: SCA IEH: 'PO18-AHERA P.S RESPONSE ACTION ABATEMENT FLOOR TILES MASTIC LVL3 9*9 BLACK/WHITE LINES - 3229 - 229' at Q120 (P.S. 120 - QUEENS)"
SCA0000075771|K116,physical,,,review: environmental hygiene testing at one school (work at a particular place),reviewed,"2xh6-psuq version 2026-08-04, SCA0000075771|K116: SCA IEH: 'PO18-AHERA P.S RESPONSE ACTION ABATEMENT WALL PLASTER LVL 5 AUDITORIUM - SPACE ID 5400 CEILING PLAST' at K116 (P.S. 116 - BROOKLYN)"
SCA0000075772|K115,physical,,,review: environmental hygiene testing at one school (work at a particular place),reviewed,"2xh6-psuq version 2026-08-04, SCA0000075772|K115: SCA IEH: 'PO18-AHERA P.S RESPONSE ACTION ABATEMENT ABATE AND REPLACE FLOOR TILES IN ROOM #357(OFFICE), FLET PA' at K115 (P.S. 115 - BROOKLYN)"
SCA0000075773|K104,physical,,,review: environmental hygiene testing at one school (work at a particular place),reviewed,"2xh6-psuq version 2026-08-04, SCA0000075773|K104: SCA IEH: 'PO18-AHERA P.S RESPONSE ACTION ABATEMENT ABATE AND REPAIR WALL AND CEILING PLASTER IN THE FOLLOWING' at K104 (P.S. 104 - BROOKLYN)"
SCA0000075774|K101,physical,,,review: environmental hygiene testing at one school (work at a particular place),reviewed,"2xh6-psuq version 2026-08-04, SCA0000075774|K101: SCA IEH: 'PO18-AHERA P.S RESPONSE ACTION ABATEMENT ABATE AND REPAIR WALL AND CEILING PLASTER IN THE FOLLOWING' at K101 (P.S. 101 - BROOKLYN)"
SCA0000075775|K096,physical,,,review: environmental hygiene testing at one school (work at a particular place),reviewed,"2xh6-psuq version 2026-08-04, SCA0000075775|K096: SCA IEH: 'PO18-AHERA P.S RESPONSE ACTION ABATEMENT ABATE AND REPAIR WALL AND CEILING PLASTER IN THE FOLLOWING' at K096 (I.S. 96 - BROOKLYN)"
SCA0000075776|K106,physical,,,review: environmental hygiene testing at one school (work at a particular place),reviewed,"2xh6-psuq version 2026-08-04, SCA0000075776|K106: SCA IEH: 'PO18-AHERA P.S RESPONSE ACTION ABATEMENT ABATE AND REPLACE/REPAIR DAMAGED MATERIALS 1002C - ELECTRIC' at K106 (P.S. 106 - BROOKLYN)"
SCA0000075777|K124,physical,,,review: environmental hygiene testing at one school (work at a particular place),reviewed,"2xh6-psuq version 2026-08-04, SCA0000075777|K124: SCA IEH: 'PO18-AHERA P.S RESPONSE ACTION ABATEMENT ABATE AND REPAIR CEILING AND WALL PLASTER IN THE FOLLOWING' at K124 (P.S. 124 - BROOKLYN)"
SCA0000075778|Q450,physical,,,review: environmental hygiene testing at one school (work at a particular place),reviewed,"2xh6-psuq version 2026-08-04, SCA0000075778|Q450: SCA IEH: 'PO18-201,202,204,206,207,208,210,301,307,309,312,313,314,317A,317B,318B, 319B,401,402,404,406,407,40' at Q450 (NEWCOMERS HIGH SCHOOL - Q)"
SCA0000075779|M076,physical,,,review: environmental hygiene testing at one school (work at a particular place),reviewed,"2xh6-psuq version 2026-08-04, SCA0000075779|M076: SCA IEH: 'PO18-P.S. RESPONSE ACTION ABATE AND REPAIR TAR IN RADIATOR COVERS IN ROOM 105(LOCKER ROOM) AND MEDIC' at M076 (I.S. 862 - MANHATTAN)"
SCA0000075780|K486,physical,,,review: environmental hygiene testing at one school (work at a particular place),reviewed,"2xh6-psuq version 2026-08-04, SCA0000075780|K486: SCA IEH: 'PO18-ABATE & REMOVE PIPE INSULATION VESTIBULE EXIT B, C, F & G, ROOM  211, 451, 505' at K486 (I.S. 187 - BROOKLYN)"
SCA0000075781|Q173,physical,,,review: environmental hygiene testing at one school (work at a particular place),reviewed,"2xh6-psuq version 2026-08-04, SCA0000075781|Q173: SCA IEH: 'PO18-ABATEMENT NEEDED WOULD BE THE 9X9 TILES IN BOTH BATHROOM FOYERS. 113 FOYER (AHERA 2113) 9X9 FLO' at Q173 (P.S. 173 - QUEENS)"
SCA0000075782|M003,physical,,,review: environmental hygiene testing at one school (work at a particular place),reviewed,"2xh6-psuq version 2026-08-04, SCA0000075782|M003: SCA IEH: 'PO18-P.S. RESPONSE ACTION ABATE AND REPAIR CEILING PLASTER AND PAINT IN THE FOLLOWING AREAS: STAIRWE' at M003 (P.S. 3 - MANHATTAN)"
SCA0000075783|X132,physical,,,review: environmental hygiene testing at one school (work at a particular place),reviewed,"2xh6-psuq version 2026-08-04, SCA0000075783|X132: SCA IEH: 'PO18-AHERA PS  RESPONSE ACTION ABATE PIPE INSULATION #1005 - CRAWL SPACE ABATE SOFT CONCRETE FILLER' at X132 (P.S. 132 - BRONX)"
SCA0000075784|X120,physical,,,review: environmental hygiene testing at one school (work at a particular place),reviewed,"2xh6-psuq version 2026-08-04, SCA0000075784|X120: SCA IEH: 'PO18-P.S RESPONSE ACTION ABATE AND REPAIR WALL PLAST IN 3RD FL. CENTRAL HALLWAY, CERAMIC TILE MASTIC' at X120 (I.S. 301 - BRONX)"
SCA0000075785|X112,physical,,,review: environmental hygiene testing at one school (work at a particular place),reviewed,"2xh6-psuq version 2026-08-04, SCA0000075785|X112: SCA IEH: 'PO18-P.S AHERA RESPONSE ACTION ABATE WALL PLASTER SAMPLE #5002 - STAIRWELL BULKHEAD B' at X112 (P.S. 112 - BRONX)"
SCA0000075786|X100,physical,,,review: environmental hygiene testing at one school (work at a particular place),reviewed,"2xh6-psuq version 2026-08-04, SCA0000075786|X100: SCA IEH: 'PO18-AHERA P.S RESPONSE ACTION ABATE 9X9 FLOOR TILES #1024 - CUSTODIAL LOCKER ROOM, #1031A - STORAGE' at X100 (P.S. 100 - BRONX)"
SCA0000075787|X125,physical,,,review: environmental hygiene testing at one school (work at a particular place),reviewed,"2xh6-psuq version 2026-08-04, SCA0000075787|X125: SCA IEH: 'PO18-AHERA PS RESPONSE ACTION ABATE AND REPAIR FIRE DOOR INSULATION IN THE FOLLOWING LOCATIONS: STAI' at X125 (P.S. 119 - BRONX)"
SCA0000075788|X082,physical,,,review: environmental hygiene testing at one school (work at a particular place),reviewed,"2xh6-psuq version 2026-08-04, SCA0000075788|X082: SCA IEH: 'PO18-P.S AHERA  RESPONSE ACTION ABATE FLOOR TILE MASTIC #3212 - CLASSROOM ABATE CERAMIC TILE MASTIC' at X082 (I.S. 232 - BRONX)"
SCA0000075789|X420,physical,,,review: environmental hygiene testing at one school (work at a particular place),reviewed,"2xh6-psuq version 2026-08-04, SCA0000075789|X420: SCA IEH: 'PO18-ABATE AND REPLACE ACM FLOOR ROOM #135 SOFT CONCRETE FILLER IS ACM, APPROX. 580SFT' at X420 (WORLD CULTURES HS - X)"
SCA0000075790|K174,physical,,,review: environmental hygiene testing at one school (work at a particular place),reviewed,"2xh6-psuq version 2026-08-04, SCA0000075790|K174: SCA IEH: 'PO18-AHERA P.S RESPONSE ACTION ABATEMENT ABATE AND REPLACE/REPAIR DAMAGED MATERIALS TERRAZZO IN SPAC' at K174 (BROOKLYN GARDENS ELEMENTARY SCHOOL)"
SCA0000075791|X044,physical,,,review: environmental hygiene testing at one school (work at a particular place),reviewed,"2xh6-psuq version 2026-08-04, SCA0000075791|X044: SCA IEH: 'PO18-AHERA P.S RESPONSE ACTION ABATE PIPE INSULATION #1010 - CAFETERIA' at X044 (P.S. 44 - BRONX)"
SCA0000075792|X043,physical,,,review: environmental hygiene testing at one school (work at a particular place),reviewed,"2xh6-psuq version 2026-08-04, SCA0000075792|X043: SCA IEH: 'PO18-AHERA P.S RESPONSE ACTION ABATE TERRAZZO FLOOR #3118A - TOILET ,6400A - TOILET ABATE PIPE INSUL' at X043 (P.S. 43 - BRONX)"
SCA0000075793|X107,physical,,,review: environmental hygiene testing at one school (work at a particular place),reviewed,"2xh6-psuq version 2026-08-04, SCA0000075793|X107: SCA IEH: 'PO18-AHERA P.S RESPONSE ACTION ABATE 9X9 FLOOR TILES #5420- OFFICE ,#4320 - OFFICE,#3220- STORAGE RO' at X107 (P.S. 107 - BRONX)"
SCA0000075794|X127,physical,,,review: environmental hygiene testing at one school (work at a particular place),reviewed,"2xh6-psuq version 2026-08-04, SCA0000075794|X127: SCA IEH: 'PO18-P.S RESPONSE ACTION ABATE AND REPAIR FLOORING IN THE FOLLOWING LOCATIONS: SPACE ID #1026B, 2147' at X127 (I.S. 127 - BRONX)"
SCA0000075795|X141,physical,,,review: environmental hygiene testing at one school (work at a particular place),reviewed,"2xh6-psuq version 2026-08-04, SCA0000075795|X141: SCA IEH: 'PO18-AHERA P.S RESPONSE ACTION ABATE AND REPLACE FLOOR TILES IN THE FOLLOWING LOCATIONS: RMS #145, 1' at X141 (M.S./H.S. 141 - BRONX)"
SCA0000075796|K839,physical,,,review: environmental hygiene testing at one school (work at a particular place),reviewed,"2xh6-psuq version 2026-08-04, SCA0000075796|K839: SCA IEH: 'PO18-ABATE AND REPLACE DAMAGED FLOOR TILES BASEMENT - CAFETERIA 12X12 GRAY VFT MASTIC OVER BROWN VFT' at K839 (P.S. 134 - BROOKLYN)"
SCA0000075797|K054,physical,,,review: environmental hygiene testing at one school (work at a particular place),reviewed,"2xh6-psuq version 2026-08-04, SCA0000075797|K054: SCA IEH: 'PO18-AHERA P.S RESPONSE ACTION ABATEMENT 6501FLR TILES W/MASTIC UNDER PLYWD W/FLR TILES - 501 - CLAS' at K054 (P.S. 54 - BROOKLYN)"
SCA0000075798|K014,physical,,,review: environmental hygiene testing at one school (work at a particular place),reviewed,"2xh6-psuq version 2026-08-04, SCA0000075798|K014: SCA IEH: 'PO18-NEED ABATEMENT & 3 1/2 HOLES DRILLED IN FLR ROOM 329 -SPACE ID 4329' at K014 (I.S. 14 - BROOKLYN)"
SCA0000075799|K114,physical,,,review: environmental hygiene testing at one school (work at a particular place),reviewed,"2xh6-psuq version 2026-08-04, SCA0000075799|K114: SCA IEH: 'PO18-AHERA P.S RESPONSE ACTION ABATEMENT CEILING PLASTER LVL 4 HALLWAY ADDN 1 - 3RD FLOOR HALLWAY -' at K114 (P.S. 114 - BROOKLYN)"
SCA0000075800|K128,physical,,,review: environmental hygiene testing at one school (work at a particular place),reviewed,"2xh6-psuq version 2026-08-04, SCA0000075800|K128: SCA IEH: 'PO18-AHERA P.S RESPONSE ACTION ABATEMENT ABATE AND REPAIR WALL, CEILING PLASTER, 9X9 FLOOR TILES, CE' at K128 (P.S. 128 - BROOKLYN)"
SCA0000075801|K135,physical,,,review: environmental hygiene testing at one school (work at a particular place),reviewed,"2xh6-psuq version 2026-08-04, SCA0000075801|K135: SCA IEH: 'PO18-AHERA P.S RESPONSE ACTION ABATEMENT ABATE AND REPAIR WALL AND CEILING PLASTER IN THE FOLLOWING' at K135 (P.S. 135 - BROOKLYN)"
SCA0000075802|K877,physical,,,review: environmental hygiene testing at one school (work at a particular place),reviewed,"2xh6-psuq version 2026-08-04, SCA0000075802|K877: SCA IEH: 'PO18-AHERA P.S RESPONSE ACTION ABATEMENT ABATE AND REPLACE/REPAIR DAMAGED MATERIALS 4001 - CAFETERIA' at K877 (K373 SPED - BROOKLYN)"
SCA0000075803|K580,physical,,,review: environmental hygiene testing at one school (work at a particular place),reviewed,"2xh6-psuq version 2026-08-04, SCA0000075803|K580: SCA IEH: 'PO18-ABATE APPROX 15 LINEAR FT OF ACM ON A STEAM SUPPLY PIPE IN ROOM B30. LOCATED 10 FT HIGH. AREA M' at K580 (GEORGE WESTINGHOUSE VOC. HS)"
SCA0000075806|Q102,physical,,,review: environmental hygiene testing at one school (work at a particular place),reviewed,"2xh6-psuq version 2026-08-04, SCA0000075806|Q102: SCA IEH: 'PO18-AHERA P.S RESPONSE ACTION ABATEMENT SOFT CONCRETE FILLER FLOORING MATERIAL LVL 3 - 3000 - 2ND F' at Q102 (P.S. 102 - QUEENS)"
SCA0000075807|Q158,physical,,,review: environmental hygiene testing at one school (work at a particular place),reviewed,"2xh6-psuq version 2026-08-04, SCA0000075807|Q158: SCA IEH: 'PO18-ABATE/REPLACE 3,010 SQ FT OF 9X9 HALLWAY FLOOR TILES THAT ARE DAMAGED/CRACKED TRIP HAZARDS.2 ND' at Q158 (J.H.S. 158 - QUEENS)"
SCA0000075808|X033,physical,,,review: environmental hygiene testing at one school (work at a particular place),reviewed,"2xh6-psuq version 2026-08-04, SCA0000075808|X033: SCA IEH: 'PO18-AHERA P.S RESPONSE ACTION ABATEMENT ABATE 60 LFT OF WHITE AIRCELLPIPE INSULATION IN SPACE# 2110' at X033 (P.S. 33 - BRONX)"
SCA0000075809|Q084,physical,,,review: environmental hygiene testing at one school (work at a particular place),reviewed,"2xh6-psuq version 2026-08-04, SCA0000075809|Q084: SCA IEH: 'PO18-AHERA P.S RESPONSE ACTION ABATEMENT ABATE AND REPAIR  CEILING , WALL PLASTER, FLOORING IN THE F' at Q084 (P.S. 84 - QUEENS)"
SCA0000075810|X012,physical,,,review: environmental hygiene testing at one school (work at a particular place),reviewed,"2xh6-psuq version 2026-08-04, SCA0000075810|X012: SCA IEH: 'PO18-ABATE 9X9 GREEN FLOOR TILES IN AUDITORIUM SPACE ID# 2120' at X012 (X012 SPED - BRONX)"
SCA0000075811|Q122,physical,,,review: environmental hygiene testing at one school (work at a particular place),reviewed,"2xh6-psuq version 2026-08-04, SCA0000075811|Q122: SCA IEH: 'PO18-AHERA P.S RESPONSE ACTION ABATE AND REPAIR CEILING PLASTER IN ROOMS: 414, 460 ABATE AND REPAIR' at Q122 (P.S. 122 - QUEENS)"
SCA0000075812|K255,physical,,,review: environmental hygiene testing at one school (work at a particular place),reviewed,"2xh6-psuq version 2026-08-04, SCA0000075812|K255: SCA IEH: 'PO18-ABATE & REPAIR ACM FLOOR TILES IN  ROOM 106A (2106) 9X9 FLOOR TILES LVL 2 BLACK/BEIGE LINES' at K255 (P.S. 255 - BROOKLYN)"
SCA0000075813|K138,physical,,,review: environmental hygiene testing at one school (work at a particular place),reviewed,"2xh6-psuq version 2026-08-04, SCA0000075813|K138: SCA IEH: 'PO18-ABATE AND REPAIR CEILING APPROX 12 SQ FT OF DAMAGE CEILING AREA IN TWO LOCATIONS IN MAIN OFFICE' at K138 (P.S. 138 - BROOKLYN)"
SCA0000075814|K297,physical,,,review: environmental hygiene testing at one school (work at a particular place),reviewed,"2xh6-psuq version 2026-08-04, SCA0000075814|K297: SCA IEH: 'PO18-ABATE & REMOVE AIRCELL PIPE INSULATION IN ROOMS B4, B6, & THE CORRIDOR WASTE LINE IS SPRAYED IN' at K297 (P.S. 297 - BROOKLYN)"
SCA0000075815|Q149,physical,,,review: environmental hygiene testing at one school (work at a particular place),reviewed,"2xh6-psuq version 2026-08-04, SCA0000075815|Q149: SCA IEH: 'PO18-TEST ROOM 415 FOR ACM. STEAM LEAK ID AFFECTING FLOOR IF POSITIVE, ABATE THROUGH FLOOR AROUND RA' at Q149 (P.S. 149 - QUEENS)"
SCA0000075816|K034,physical,,,review: environmental hygiene testing at one school (work at a particular place),reviewed,"2xh6-psuq version 2026-08-04, SCA0000075816|K034: SCA IEH: 'PO18-ABATE AND DRILL A 2' HOLE THROUGH THE FOUNDATION WALL LOCATION HAS BEEN LABELED AND MARKED WITH' at K034 (P.S. 34 - BROOKLYN)"
SCA0000075817|K071,physical,,,review: environmental hygiene testing at one school (work at a particular place),reviewed,"2xh6-psuq version 2026-08-04, SCA0000075817|K071: SCA IEH: 'PO18-ABATE EXPOSED ACM HARD BOARD MASTIC ON WALL TO INSTALL MIRROR REPAIR AS NEEDED LOCATION: RM 311' at K071 (I.S. 71 - BROOKLYN)"
SCA0000075818|K440,physical,,,review: environmental hygiene testing at one school (work at a particular place),reviewed,"2xh6-psuq version 2026-08-04, SCA0000075818|K440: SCA IEH: 'PO18-AHERA P.S RESPONSE ACTION ABATEMENT TERRAZZO LVL 2 FLOOR - 1ST FLOOR STAIRWELL A : 2000A SOFT C' at K440 (THE INTERNATIONAL HS - BROOKLYN)"
SCA0000075819|K864,physical,,,review: environmental hygiene testing at one school (work at a particular place),reviewed,"2xh6-psuq version 2026-08-04, SCA0000075819|K864: SCA IEH: 'PO18-ABATE & REPAIR ACM CEILING/SOFFIT PLASTER(BROWN COAT) APPROX. 600SFT. IN 3RD FLR CORRIDOR ACM W' at K864 (SUCCESS ACADEMY CHARTER SCHOOL - BERGEN BEACH - NEW YORK 4)"
SCA0000075820|R050,physical,,,review: environmental hygiene testing at one school (work at a particular place),reviewed,"2xh6-psuq version 2026-08-04, SCA0000075820|R050: SCA IEH: 'PO18-ABATE LEAKING PIPE IN SPACE ID# 2139' at R050 (P.S. 50 - STATEN ISLAND)"
SCA0000075821|Q200,physical,,,review: environmental hygiene testing at one school (work at a particular place),reviewed,"2xh6-psuq version 2026-08-04, SCA0000075821|Q200: SCA IEH: 'PO18-77/25Q200/TEST WALL AND FLOOR RM Q124 IF POSITIVE WALL WILL NEED TO BE OPENED AND IF ACM INSULA' at Q200 (P.S. 200 - QUEENS)"
SCA0000075822|X079,physical,,,review: environmental hygiene testing at one school (work at a particular place),reviewed,"2xh6-psuq version 2026-08-04, SCA0000075822|X079: SCA IEH: 'PO18-ABATE AND REPAIR WHITE AIRCELL PIPE INSULATION AND PIPE JOINT TO WHITE AIRCELL PIPE INSULATION' at X079 (I.S. 447 - BRONX)"
SCA0000075823|K329,physical,,,review: environmental hygiene testing at one school (work at a particular place),reviewed,"2xh6-psuq version 2026-08-04, SCA0000075823|K329: SCA IEH: 'PO18-ABATE AND REPLACE FLOOR TILES ROOM 133 SPACE ID 2133 CE: NICHOLAS CUEVAS' at K329 (P.S. 329 - BROOKLYN)"
SCA0000075824|M017,physical,,,review: environmental hygiene testing at one school (work at a particular place),reviewed,"2xh6-psuq version 2026-08-04, SCA0000075824|M017: SCA IEH: 'PO18-AHERA P.S RESPONSE ACTION ABATEMENT 4312A - CLOSET IN CLASSROOM #312 - CEILING PLASTER LVL 4 RO' at M017 (P.S. 212 - MANHATTAN)"
SCA0000075825|M020,physical,,,review: environmental hygiene testing at one school (work at a particular place),reviewed,"2xh6-psuq version 2026-08-04, SCA0000075825|M020: SCA IEH: 'PO18-AHERA P.S RESPONSE ACTION ABATEMENT BROWM LAYERED PAPER PIPE INSULATION - 1023 - B23 STORAGE RO' at M020 (P.S. 20 - MANHATTAN)"
SCA0000075826|X405,physical,,,review: environmental hygiene testing at one school (work at a particular place),reviewed,"2xh6-psuq version 2026-08-04, SCA0000075826|X405: SCA IEH: 'PO18-AHERA P.S RESPONSE ACTION ABATEMENT 1003E - TERRAZZO - 3 SFT 3215 - CERAMIC TILE MASTIC FLOOR -' at X405 (HERBERT H. LEHMAN HS - X)"
SCA0000075827|X980,physical,,,review: environmental hygiene testing at one school (work at a particular place),reviewed,"2xh6-psuq version 2026-08-04, SCA0000075827|X980: SCA IEH: 'PO18-AHERA P.S RESPONSE ACTION ABATEMENT 12X12 FLOOR TILES LVL 3 LIGHT BROWN/WHITE BLOTCHES IN SPACE' at X980 (X176 SPED - BRONX)"
SCA0000075828|Q425,physical,,,review: environmental hygiene testing at one school (work at a particular place),reviewed,"2xh6-psuq version 2026-08-04, SCA0000075828|Q425: SCA IEH: 'PO18-ABATE & REMOVE  THE PIPE INSULATION AT THE FOLLOWING LOCATIONS BATHROOMS 156, 158,  246, 248. A' at Q425 (JOHN BOWNE HS - QUEENS)"
SCA0000075830|X905,physical,,,review: environmental hygiene testing at one school (work at a particular place),reviewed,"2xh6-psuq version 2026-08-04, SCA0000075830|X905: SCA IEH: 'PO18-AHERA P.S RESPONSE ACTION ABATEMENT ABATE AND REAPIR SOFT CONCRETE FILLER FLOORING MATERIAL IN' at X905 (HS OF AMERICAN STUDIES - BRONX)"
SCA0000075831|K161,physical,,,review: environmental hygiene testing at one school (work at a particular place),reviewed,"2xh6-psuq version 2026-08-04, SCA0000075831|K161: SCA IEH: 'PO18-AHERA P.S RESPONSE ACTION ABATEMENT ABATE AND REPAIR WALL AND CEILING PLASTER IN THE FOLLOWING' at K161 (P.S. 161 - BROOKLYN)"
SCA0000075832|R024,physical,,,review: environmental hygiene testing at one school (work at a particular place),reviewed,"2xh6-psuq version 2026-08-04, SCA0000075832|R024: SCA IEH: 'PO18-ABATE 714 SFT OF 9X9 FLOOR TILES IN ROOM# 415' at R024 (I.S. 24 - STATEN ISLAND)"
SCA0000075833|Q025,physical,,,review: environmental hygiene testing at one school (work at a particular place),reviewed,"2xh6-psuq version 2026-08-04, SCA0000075833|Q025: SCA IEH: 'PO18-ABATE & REPLACE 9X9 FLOOR TILES IN STORAGE SPACE 4268' at Q025 (J.H.S. 25 - QUEENS)"
SCA0000075834|K138,physical,,,review: environmental hygiene testing at one school (work at a particular place),reviewed,"2xh6-psuq version 2026-08-04, SCA0000075834|K138: SCA IEH: 'PO18-AHERA P.S RESPONSE ACTION ABATEMENT ABATE AND REPAIR MATERIALS IN THE FOLLOWING LOCATIONS: SPAC' at K138 (P.S. 138 - BROOKLYN)"
SCA0000075835|K163,physical,,,review: environmental hygiene testing at one school (work at a particular place),reviewed,"2xh6-psuq version 2026-08-04, SCA0000075835|K163: SCA IEH: 'PO18-AHERA P.S RESPONSE ACTION ABATEMENT ABATE AND REPLACE/REPAIR DAMAGED MATERIALS WALL PLASTER LVL' at K163 (P.S. 748 - BROOKLYN)"
SCA0000075837|K390,physical,,,review: environmental hygiene testing at one school (work at a particular place),reviewed,"2xh6-psuq version 2026-08-04, SCA0000075837|K390: SCA IEH: 'PO18-WASTE CLEAN UP DUE TO WASTE RUPTURED LINE IN BASEMENT CRAWLSAPCE' at K390 (M.S. 354 - BROOKLYN)"
SCA0000075838|Q405,physical,,,review: environmental hygiene testing at one school (work at a particular place),reviewed,"2xh6-psuq version 2026-08-04, SCA0000075838|Q405: SCA IEH: 'PO18-ALL HOLES MUST BO DONE IN THE FLOOR PLEASE LET US KNOW THE SCHEDULE, NEEDS TO COORDINATE WITH T' at Q405 (BAYSIDE HIGH SCHOOL - QUEENS)"
SCA0000075839|X041,physical,,,review: environmental hygiene testing at one school (work at a particular place),reviewed,"2xh6-psuq version 2026-08-04, SCA0000075839|X041: SCA IEH: 'PO18-AHERA P.S RESPONSE ACTION ABATEMENT ABATE 1 SFT OF CERAMIC TILE MASTIC FLOOR IN SPACE ID# 2045' at X041 (P.S. 41 - BRONX)"
SCA0000075840|K279,physical,,,review: environmental hygiene testing at one school (work at a particular place),reviewed,"2xh6-psuq version 2026-08-04, SCA0000075840|K279: SCA IEH: 'PO18-ABATE & REPAIR ACM FLOOR - GYM OFFICE (TEACHERS OFFICE) 9X9 FLOOR TILES LVL 2 LIGHT BROWN' at K279 (P.S. 279 - BROOKLYN)"
SCA0000075841|Q171,physical,,,review: environmental hygiene testing at one school (work at a particular place),reviewed,"2xh6-psuq version 2026-08-04, SCA0000075841|Q171: SCA IEH: 'PO18-ABATE & REMOVE APPROXIMATELY 612 SOUND PANELS. PANELS ARE ATTACHED TO THE ACOUSTICAL WALL AT TH' at Q171 (P.S. 171 - QUEENS)"
SCA0000075842|Q480,physical,,,review: environmental hygiene testing at one school (work at a particular place),reviewed,"2xh6-psuq version 2026-08-04, SCA0000075842|Q480: SCA IEH: 'PO18-ABATE AND REMOVE PIPE INSULATION IN METAL JACKET - 26LFT PIPE JOINTS WITH BROWN LAYERED PAPER I' at Q480 (JOHN ADAMS HS - QUEENS)"
SCA0000075843|K250,physical,,,review: environmental hygiene testing at one school (work at a particular place),reviewed,"2xh6-psuq version 2026-08-04, SCA0000075843|K250: SCA IEH: 'PO18-ABATE & DRILL 2 HOLES IN THE KITCHEN WALL TWO 1/2'' DIAMETER HOLES, 2' DEEP NO THROUGH HOLES NE' at K250 (P.S. 250 - BROOKLYN)"
SCA0000075844|M040,physical,,,review: environmental hygiene testing at one school (work at a particular place),reviewed,"2xh6-psuq version 2026-08-04, SCA0000075844|M040: SCA IEH: 'PO18-ABATEMENT OF THE ENTIRE FLOOR AND SUBSEQUENT FLOOR REPLACEMENT FOR ROOM 410' at M040 (P.S. 40 - MANHATTAN)"
SCA0000075845|K020,physical,,,review: environmental hygiene testing at one school (work at a particular place),reviewed,"2xh6-psuq version 2026-08-04, SCA0000075845|K020: SCA IEH: 'PO18-PLEASE ABATE APPROXIMATELY 6 LINEAR FEET OF PIPING IN CEILING OF ROOM B1 RUNNING TO EXTERIOR WA' at K020 (P.S. 20 - BROOKLYN)"
SCA0000075846|K014,physical,,,review: environmental hygiene testing at one school (work at a particular place),reviewed,"2xh6-psuq version 2026-08-04, SCA0000075846|K014: SCA IEH: 'PO18-ABATE AND REMOVE PIPE INSULATION APPROX 30-40 LFT IN CRAWL SPACE ABOVE AUDITORIUM 209E-SPACE ID' at K014 (I.S. 14 - BROOKLYN)"
SCA0000075847|K445,physical,,,review: environmental hygiene testing at one school (work at a particular place),reviewed,"2xh6-psuq version 2026-08-04, SCA0000075847|K445: SCA IEH: 'PO18-ABATE & REMOVE - PIPE INSULATION AUDITORIUM STAGE - SPACE ID 3141' at K445 (NEW UTRECHT HS - BROOKLYN)"
SCA0000075848|M167,physical,,,review: environmental hygiene testing at one school (work at a particular place),reviewed,"2xh6-psuq version 2026-08-04, SCA0000075848|M167: SCA IEH: 'PO18-ABATE/REPLACE DAMAGED 9X9 FLOOR TILES IN ROOM 329. (SPACE ID# 4329) THERE IS 6 SQFT OF 9X9 TILE' at M167 (I.S. 167 - MANHATTAN)"
SCA0000075849|Q095,physical,,,review: environmental hygiene testing at one school (work at a particular place),reviewed,"2xh6-psuq version 2026-08-04, SCA0000075849|Q095: SCA IEH: 'PO18-TEST LEAKING 2.5 ' CONDENSATE LINE LOCATED IN 1ST FL HALLWAY ABOVE GIRL'S BAT &IF POSITIVE AREA' at Q095 (P.S. 95 - QUEENS)"
SCA0000075850|M061,physical,,,review: environmental hygiene testing at one school (work at a particular place),reviewed,"2xh6-psuq version 2026-08-04, SCA0000075850|M061: SCA IEH: 'PO18-ABATE ACM PIPE TO REPAIR STEAM LEAK/ ENTIRE PIPE INSULATION ACM PIPE INSULATION LAYER 2, 3 IN M' at M061 (P.S. 361 - MANHATTAN)"
SCA0000075851|K137,physical,,,review: environmental hygiene testing at one school (work at a particular place),reviewed,"2xh6-psuq version 2026-08-04, SCA0000075851|K137: SCA IEH: 'PO18-AHERA P.S RESPONSE ACTION ABATEMENT ABATE AND REPAIR WALL BOARD MASTIC IN ROOM #201 ABATE AND R' at K137 (P.S. 137 - BROOKLYN)"
SCA0000075852|K430,physical,,,review: environmental hygiene testing at one school (work at a particular place),reviewed,"2xh6-psuq version 2026-08-04, SCA0000075852|K430: SCA IEH: 'PO18-ABATE AND REMOVE PIPE INSULATION INSIDE THE WALL IN THE KITCHEN PHOTOS OF MARKED INSULATION ARE' at K430 (BROOKLYN TECH HS - K)"
SCA0000075853|K265,physical,,,review: environmental hygiene testing at one school (work at a particular place),reviewed,"2xh6-psuq version 2026-08-04, SCA0000075853|K265: SCA IEH: 'PO18-ABATE AND REPLACE DAMAGED CEILING IN STUDENT CAFETERIA CEILING TILES ARE FALLING.' at K265 (I.S. 265 - BROOKLYN)"
SCA0000075854|Q157,physical,,,review: environmental hygiene testing at one school (work at a particular place),reviewed,"2xh6-psuq version 2026-08-04, SCA0000075854|Q157: SCA IEH: 'PO18-INSTALL A NEW SERVING LINE IN THE KITCHEN. ?LOCATIONS OF DRILLING HAVE BEEN MARKED. 5 OPENING I' at Q157 (J.H.S. 157 - QUEENS)"
SCA0000075855|K026,physical,,,review: environmental hygiene testing at one school (work at a particular place),reviewed,"2xh6-psuq version 2026-08-04, SCA0000075855|K026: SCA IEH: 'PO18-ABATE AND DRILL 6 HOLES - CORE DRILLING (LLW# 139598) 4 HOLES -  4', 2 HOLES - 1.5' CORE DRILL' at K026 (P.S. 26 - BROOKLYN)"
SCA0000075856|X600,physical,,,review: environmental hygiene testing at one school (work at a particular place),reviewed,"2xh6-psuq version 2026-08-04, SCA0000075856|X600: SCA IEH: 'PO18-SPACE ID#1005 ACM TEST ON PIPE ABATE MARKED PIPE INSULATION' at X600 (ALFRED E. SMITH HS - X)"
SCA0000075858|Q061,physical,,,review: environmental hygiene testing at one school (work at a particular place),reviewed,"2xh6-psuq version 2026-08-04, SCA0000075858|Q061: SCA IEH: 'PO18-MM26 ELECTRICAL OUTLETS- DRILLING 'INSTALL FLOOR OUTLET IN THE PRINCIPAL OFFICE. CORE DRILL- 1' at Q061 (I.S. 61 - QUEENS)"
SCA0000075859|R042,physical,,,review: environmental hygiene testing at one school (work at a particular place),reviewed,"2xh6-psuq version 2026-08-04, SCA0000075859|R042: SCA IEH: 'PO18-ABATE APPROX. 3250 SQFT OF ACM MASTIC ASSOCIATED WITH SUSPENDED CEILING TILE IN GYMNASIUM SPACE' at R042 (P.S. 42 - STATEN ISLAND)"
SCA0000075860|K127,physical,,,review: environmental hygiene testing at one school (work at a particular place),reviewed,"2xh6-psuq version 2026-08-04, SCA0000075860|K127: SCA IEH: 'PO18-ABATE & REPAIR ACM WALL PLASTER APPROX 8 SFT LOCATION: ROOM#108 - AHERA SPACE ID - 2108' at K127 (P.S. 127 - BROOKLYN)"
SCA0000075861|M446,physical,,,review: environmental hygiene testing at one school (work at a particular place),reviewed,"2xh6-psuq version 2026-08-04, SCA0000075861|M446: SCA IEH: 'PO18-ABATE WALL PLASTER IN THE BOYS BATHROOM 1ST FLOOR (SPACE ID# 2108) TO REHANG SINK THAT BROKE OF' at M446 (UNIVERSITY NEIGHBORHOOD HS - M)"
SCA0000075862|M480,physical,,,review: environmental hygiene testing at one school (work at a particular place),reviewed,"2xh6-psuq version 2026-08-04, SCA0000075862|M480: SCA IEH: 'PO18-ADDITIONAL ABATEMENT OF PIPE INSULATION LOCATED IN THE 6TH FL STAFF  BATHROOM BY EXIT J/K (SPAC' at M480 (P.S. 225 - MANHATTAN)"
SCA0000075863|M625,physical,,,review: environmental hygiene testing at one school (work at a particular place),reviewed,"2xh6-psuq version 2026-08-04, SCA0000075863|M625: SCA IEH: 'PO18-ABATE 10' OF PIPE INSULATION BEHIND SHEETROCK CEILING IN THE CAFTETERIA (SPACE ID# 2143) THIS I' at M625 (THE BUSINESS OF SPORTS SCHOOL)"
SCA0000075864|K001,physical,,,review: environmental hygiene testing at one school (work at a particular place),reviewed,"2xh6-psuq version 2026-08-04, SCA0000075864|K001: SCA IEH: 'PO18-REMOVE SINK ALONG WITH THE CABINETS. 2' X 3'. 2' HIGH ABATE AND REPLACE FLOORS 20 SQFT. ADDRESS' at K001 (P.S. 1 - BROOKLYN)"
SCA0000075865|K445,physical,,,review: environmental hygiene testing at one school (work at a particular place),reviewed,"2xh6-psuq version 2026-08-04, SCA0000075865|K445: SCA IEH: 'PO18-ABATE & REMOVE ACM PIPE INSULATION AEROBICS ROOM SPACEID 2014' at K445 (NEW UTRECHT HS - BROOKLYN)"
SCA0000075866|Q112,physical,,,review: environmental hygiene testing at one school (work at a particular place),reviewed,"2xh6-psuq version 2026-08-04, SCA0000075866|Q112: SCA IEH: 'PO18-IN ROOM 119 DEMOLISH EXISTING COUNTER DEMOLISH ACCESS DOOR ADJACENT TO THE COUNTER REMOVE ONE T' at Q112 (P.S. 112 - QUEENS)"
SCA0000075867|M435,physical,,,review: environmental hygiene testing at one school (work at a particular place),reviewed,"2xh6-psuq version 2026-08-04, SCA0000075867|M435: SCA IEH: 'PO18-OPEN THE WALL TO ACCESS THE PIPING AND ABATE ANY PIPE INSULATION, IF PRESENT. THIS IS FOR THE 3' at M435 (MANHTN CT FOR MATH & SCI. HS - M)"
SCA0000075868|Q079,physical,,,review: environmental hygiene testing at one school (work at a particular place),reviewed,"2xh6-psuq version 2026-08-04, SCA0000075868|Q079: SCA IEH: 'PO18-ABATE & REMOVE ACM PIPE INSULATION IN BATHROOM 202' at Q079 (P.S. 79 - QUEENS)"
SCA0000075869|K176,physical,,,review: environmental hygiene testing at one school (work at a particular place),reviewed,"2xh6-psuq version 2026-08-04, SCA0000075869|K176: SCA IEH: 'PO18-ABATE AND REPAIR PEELING PAINT IN THE FOLLOWING ROOMS: RMS #201, 202, 265A (GIRLS TOILET) AND 2' at K176 (P.S. 176 - BROOKLYN)"
SCA0000075870|R026,physical,,,review: environmental hygiene testing at one school (work at a particular place),reviewed,"2xh6-psuq version 2026-08-04, SCA0000075870|R026: SCA IEH: 'PO18-DRILL HOLES IN THE FOLLOWING AREAS: AUDITORIUM (30) WALL HOLES - DIAMETER 1/4' AUDITORIUM (1) H' at R026 (P.S./I.S. 26 - STATEN ISLAND)"
SCA0000075871|K415,physical,,,review: environmental hygiene testing at one school (work at a particular place),reviewed,"2xh6-psuq version 2026-08-04, SCA0000075871|K415: SCA IEH: 'PO18-ABATE & REPAIR ACM CEILING PLASTER AUDITORIUM CEILING AHERA SPACE ID - 2500' at K415 (IT TAKES A VILLAGE ACADEMY - K)"
SCA0000075873|Q076,physical,,,review: environmental hygiene testing at one school (work at a particular place),reviewed,"2xh6-psuq version 2026-08-04, SCA0000075873|Q076: SCA IEH: 'PO18-ABATE AND REPLACE DAMAGED 9X9 TILES IN ROOM 102, 209A, 209B, 303 AND SECOND FLOOR CORRIDOR' at Q076 (P.S. 76 - QUEENS)"
SCA0000075874|X126,physical,,,review: environmental hygiene testing at one school (work at a particular place),reviewed,"2xh6-psuq version 2026-08-04, SCA0000075874|X126: SCA IEH: 'PO18-AHERA P.S RESPONSE ACTION ABATEMENT 2170V, 3226, 2172F, 3228?- SOFT CONCRETE FILLER FLOORING MA' at X126 (P.S. 126 - BRONX)"
SCA0000075876|X007,physical,,,review: environmental hygiene testing at one school (work at a particular place),reviewed,"2xh6-psuq version 2026-08-04, SCA0000075876|X007: SCA IEH: 'PO18-REPAIR/REPLACE/ENCAPSULATE ALL DAMAGED ACM PIPE INSULATION CRAWL SPACE (2056): >1500 LINEAR FEE' at X007 (P.S. 7 - BRONX)"
SCA0000075877|X107,physical,,,review: environmental hygiene testing at one school (work at a particular place),reviewed,"2xh6-psuq version 2026-08-04, SCA0000075877|X107: SCA IEH: 'PO18-ACM TEST STEAM PIPE IN THE AUDITORIUM FAN ROOM SPACE ID - 1008 ABATE ACM PIPE' at X107 (P.S. 107 - BRONX)"
SCA0000075878|K207,physical,,,review: environmental hygiene testing at one school (work at a particular place),reviewed,"2xh6-psuq version 2026-08-04, SCA0000075878|K207: SCA IEH: 'PO18-ABATE AND REPLACE DAMAGED FLOOR TILES 1ST FLOOR HALLWAY - 1937 WING (SPACE ID: 2000) 9X9 FLOOR' at K207 (P.S. 207 - BROOKLYN)"
SCA0000075879|K278,physical,,,review: environmental hygiene testing at one school (work at a particular place),reviewed,"2xh6-psuq version 2026-08-04, SCA0000075879|K278: SCA IEH: 'PO18-ABATE DAMAGED FLOOR TILES. 792SF APPROX 5SF DISTRIBUTED DAMAGE AT ROOM 240 (SPACE ID: 3240) 9X9' at K278 (I.S. 278 - BROOKLYN)"
SCA0000075880|K073,physical,,,review: environmental hygiene testing at one school (work at a particular place),reviewed,"2xh6-psuq version 2026-08-04, SCA0000075880|K073: SCA IEH: 'PO18-ABATE LOCATIONS LOCATIONS: ELECTRIC ROOM, AUDITORIUM, CAFETERIA, STORAGE ROOM, 1ST FL HALLWAY B' at K073 (BROOKLYN LANDMARK ELEMENTARY SCHOOL)"
SCA0000075882|K176,physical,,,review: environmental hygiene testing at one school (work at a particular place),reviewed,"2xh6-psuq version 2026-08-04, SCA0000075882|K176: SCA IEH: 'PO18-AHERA P.S RESPONSE ACTION ABATEMENT ABATE AND REPLACE/REPAIR DAMAGED MATERIALS 9X9 FLOOR TILES' at K176 (P.S. 176 - BROOKLYN)"
SCA0000075884|K165,physical,,,review: environmental hygiene testing at one school (work at a particular place),reviewed,"2xh6-psuq version 2026-08-04, SCA0000075884|K165: SCA IEH: 'PO18-AHERA P.S RESPONSE ACTION ABATEMENT ABATE AND REPLACE/REPAIR DAMAGED MATERIALS FELT PAPER UNDER' at K165 (P.S. 165 - BROOKLYN)"
SCA0000075885|R008,physical,,,review: environmental hygiene testing at one school (work at a particular place),reviewed,"2xh6-psuq version 2026-08-04, SCA0000075885|R008: SCA IEH: 'PO18-AHERA P.S RESPONSE ACTION ABATEMENT ABATE AND REPLACE/REPAIR DAMAGED MATERIALS: FLOORING MATERI' at R008 (P.S. 8 - STATEN ISLAND)"
SCA0000075886|K186,physical,,,review: environmental hygiene testing at one school (work at a particular place),reviewed,"2xh6-psuq version 2026-08-04, SCA0000075886|K186: SCA IEH: 'PO18-AHERA P.S RESPONSE ACTION ABATEMENT ABATE AND REPLACE/REPAIR DAMAGED MATERIALS: CEILING AND WAL' at K186 (P.S. 186 - BROOKLYN)"
SCA0000075887|K183,physical,,,review: environmental hygiene testing at one school (work at a particular place),reviewed,"2xh6-psuq version 2026-08-04, SCA0000075887|K183: SCA IEH: 'PO18-AHERA P.S RESPONSE ACTION ABATEMENT WALL BOARD MASTIC AT 105 - CUSTODIAN'S OFFICE - 2015 WATERP' at K183 (P.S. 446 - BROOKLYN)"
SCA0000075888|K240,physical,,,review: environmental hygiene testing at one school (work at a particular place),reviewed,"2xh6-psuq version 2026-08-04, SCA0000075888|K240: SCA IEH: 'PO18-WASTE LINE LEAKING 1ST FLOOR ROOM 130 ABATE AND REPAIR/REMOVE PIPE INSULATION MARKED WHITE 2 BA' at K240 (I.S. 240 - BROOKLYN)"
SCA0000075889|K178,physical,,,review: environmental hygiene testing at one school (work at a particular place),reviewed,"2xh6-psuq version 2026-08-04, SCA0000075889|K178: SCA IEH: 'PO18-AHERA P.S RESPONSE ACTION ABATEMENT CEILING AND WALL PLASTER IN THE FOLLOWING LOCATIONS:  SPACE' at K178 (P.S. 178 - BROOKLYN)"
SCA0000075891|Q134,physical,,,review: environmental hygiene testing at one school (work at a particular place),reviewed,"2xh6-psuq version 2026-08-04, SCA0000075891|Q134: SCA IEH: 'PO18-AHERA P.S RESPONSE ACTION ABATEMENT 9*9 FLOOR TILES LVL4 BROWN - 4362 - 362 TEACHER'S LOUNGE RO' at Q134 (P.S. 134 - QUEENS)"
SCA0000075892|Q144,physical,,,review: environmental hygiene testing at one school (work at a particular place),reviewed,"2xh6-psuq version 2026-08-04, SCA0000075892|Q144: SCA IEH: 'PO18-AHERA P.S RESPONSE ACTION ABATEMENT SOFT CONCRETE FILLER FLOORING MATERIAL LVL5 - 5000 - 4TH FL' at Q144 (P.S. 144 - QUEENS)"
SCA0000075893|X098,physical,,,review: environmental hygiene testing at one school (work at a particular place),reviewed,"2xh6-psuq version 2026-08-04, SCA0000075893|X098: SCA IEH: 'PO18-ABATE AND REPLACE 9*9 FLOOR TILES UNDER FLOOR TILES IN ROOM 121 - PRINCIPAL'S OFFICE, 121A- CLO' at X098 (BRONX ENVISION ACADEMY - BRONX)"
SCA0000075894|Q135,physical,,,review: environmental hygiene testing at one school (work at a particular place),reviewed,"2xh6-psuq version 2026-08-04, SCA0000075894|Q135: SCA IEH: 'PO18-AHERA P.S RESPONSE ACTION ABATEMENT FELT PAPER UNDER WOOD FLOOR LVL4 - 4315 - 315 CLASSROOM' at Q135 (P.S. 135 - QUEENS)"
SCA0000075895|Q145,physical,,,review: environmental hygiene testing at one school (work at a particular place),reviewed,"2xh6-psuq version 2026-08-04, SCA0000075895|Q145: SCA IEH: 'PO18-AHERA P.S RESPONSE ACTION ABATEMENT ABATE AND REPLACE 9X9 FLOOR TILES IIN THE FOLLOWING ROOMS:' at Q145 (I.S. 145 - QUEENS)"
SCA0000075896|Q172,physical,,,review: environmental hygiene testing at one school (work at a particular place),reviewed,"2xh6-psuq version 2026-08-04, SCA0000075896|Q172: SCA IEH: 'PO18-AHERA P.S RESONSE ACTION ABATEMENT TERRAZZO LVL2 - 2018 - VESTIBULE/EXIT WALL PLASTER LVL2 ROOM' at Q172 (J.H.S. 172 - QUEENS)"
SCA0000075897|Q168,physical,,,review: environmental hygiene testing at one school (work at a particular place),reviewed,"2xh6-psuq version 2026-08-04, SCA0000075897|Q168: SCA IEH: 'PO18-AHERA P.S RESPONSE ACTION ABATEMENT 9*9 FLOOR TILES LVL1 BLACK/WHITE SPOTS - 1027A - STORAGE RO' at Q168 (THE QUEENS SCHOOL OF INQUIRY-Q)"
SCA0000075898|Q154,physical,,,review: environmental hygiene testing at one school (work at a particular place),reviewed,"2xh6-psuq version 2026-08-04, SCA0000075898|Q154: SCA IEH: 'PO18-AHERA P.S RESPONSE ACTION ABATEMENT ABATE AND REPAIR MATERIALS IN THE FOLLOWING LOCATIONS: SPAC' at Q154 (P.S. 154 - QUEENS)"
SCA0000075899|K058,physical,,,review: environmental hygiene testing at one school (work at a particular place),reviewed,"2xh6-psuq version 2026-08-04, SCA0000075899|K058: SCA IEH: 'PO18-REMOVE ASSUMED ACM INSULATION ON PIPE IN BASMENT FAN ROOM. PIPE HAS A STEAM LIVE STEAM LEAK BUT' at K058 (P.S. 58 - BROOKLYN)"
SCA0000075900|M044,physical,,,review: environmental hygiene testing at one school (work at a particular place),reviewed,"2xh6-psuq version 2026-08-04, SCA0000075900|M044: SCA IEH: 'PO18-ABATE MANWAY ON TOP OF THE BOILER # 1 IT'S APPROXIMATELY 4 SQUARE FEET OF ASBESTOS SURROUNDING' at M044 (P.S. 334 - MANHATTAN)"
SCA0000075901|M510,physical,,,review: environmental hygiene testing at one school (work at a particular place),reviewed,"2xh6-psuq version 2026-08-04, SCA0000075901|M510: SCA IEH: 'PO18-ABATE/REPLACE FLOOR TILES IN ROOM 201 (SPACE ID# 3201) DUE TO CRACK TILES' at M510 (CASCADES CTR FOR TCHING & LNG - M)"
SCA0000075902|R072,physical,,,review: environmental hygiene testing at one school (work at a particular place),reviewed,"2xh6-psuq version 2026-08-04, SCA0000075902|R072: SCA IEH: 'PO18-ABATE AND REPLACE APPROX. 8300 SFT OF12X12 BEIGE WITH WHITE DOTS VINYL FLOOR TILES OVER THE CON' at R072 (I.S. 72 - STATEN ISLAND)"
SCA0000075903|K193,physical,,,review: environmental hygiene testing at one school (work at a particular place),reviewed,"2xh6-psuq version 2026-08-04, SCA0000075903|K193: SCA IEH: 'PO18-AHERA P.S RESPONSE ACTION ABATEMENT CEILING PLASTER LVL 3 ROOMS - PRINCIPAL'S OFFICE - 3207' at K193 (P.S. 193 - BROOKLYN)"
SCA0000075904|K204,physical,,,review: environmental hygiene testing at one school (work at a particular place),reviewed,"2xh6-psuq version 2026-08-04, SCA0000075904|K204: SCA IEH: 'PO18-AHERA P.S RESPONSE ACTION ABATEMENT 9X9 FLOOR TILES LVL 6 GREEN - STAIRWELL C&D - 6000D 9X9 FLO' at K204 (P.S. 204 - BROOKLYN)"
SCA0000075905|K215,physical,,,review: environmental hygiene testing at one school (work at a particular place),reviewed,"2xh6-psuq version 2026-08-04, SCA0000075905|K215: SCA IEH: 'PO18-AHERA P.S RESPONSE ACTION ABATEMENT ABATE AND REPLACE FLOOR TILES IN RM #452 AND SOFT CONCRETE' at K215 (P.S. 215 - BROOKLYN)"
SCA0000075906|Q091,physical,,,review: environmental hygiene testing at one school (work at a particular place),reviewed,"2xh6-psuq version 2026-08-04, SCA0000075906|Q091: SCA IEH: 'PO18-CORE DRILLING UNDER ABATEMENT ALL LOCATIONS HAVE BEEN MARKED HALLWAY 5 FLOOR :1/2' X5 PCS, 1-1/' at Q091 (P.S. 91 - QUEENS)"
SCA0000075907|Q068,physical,,,review: environmental hygiene testing at one school (work at a particular place),reviewed,"2xh6-psuq version 2026-08-04, SCA0000075907|Q068: SCA IEH: 'PO18-ABATE AND REPAIR DAMAGED CEILING' at Q068 (P.S. 68 - QUEENS)"
SCA0000075908|Q194,physical,,,review: environmental hygiene testing at one school (work at a particular place),reviewed,"2xh6-psuq version 2026-08-04, SCA0000075908|Q194: SCA IEH: 'PO18-ABATE PIPE INSULATION IN BASEMENT. APPROX 15 LINEAR FEET SPRAYED RED' at Q194 (J.H.S. 194 - QUEENS)"
SCA0000075910|Q176,physical,,,review: environmental hygiene testing at one school (work at a particular place),reviewed,"2xh6-psuq version 2026-08-04, SCA0000075910|Q176: SCA IEH: 'PO18-AHERA P.S RESPONSE ACTION ABATEMENT ABATE AND REPLACE 9X9 FLOOR TILES IN ROOMS: 221,220, STAIRC' at Q176 (P.S. 176 - QUEENS)"
SCA0000075911|Q185,physical,,,review: environmental hygiene testing at one school (work at a particular place),reviewed,"2xh6-psuq version 2026-08-04, SCA0000075911|Q185: SCA IEH: 'PO18-AHERA P.S RESPONSE ACTION ABATEMENT DUCT VIBRATION CLOTH - B15 FAN ROOM - 1015' at Q185 (J.H.S. 185 - QUEENS)"
SCA0000075912|K163,physical,,,review: environmental hygiene testing at one school (work at a particular place),reviewed,"2xh6-psuq version 2026-08-04, SCA0000075912|K163: SCA IEH: 'PO18-ABATE & REPAIR ALL LAYERS OF WALL PLASTER & COLUMN PLASTER, CEILING PLASTER ABATE & REMOVE AIRC' at K163 (P.S. 748 - BROOKLYN)"
SCA0000075913|K226,physical,,,review: environmental hygiene testing at one school (work at a particular place),reviewed,"2xh6-psuq version 2026-08-04, SCA0000075913|K226: SCA IEH: 'PO18-AHERA P.S RESPONSE ACTION ABATEMENT ABATE AND REPAIR WALL AND CEILING PLASTER IN THE FOLLOWING' at K226 (P.S. 226 - BROOKLYN)"
SCA0000075914|M514,physical,,,review: environmental hygiene testing at one school (work at a particular place),reviewed,"2xh6-psuq version 2026-08-04, SCA0000075914|M514: SCA IEH: 'PO18-SAFE ACCESS ABATEMENT' at M514 (M226 SPED - MANHATTAN)"
SCA0000075915|X026,physical,,,review: environmental hygiene testing at one school (work at a particular place),reviewed,"2xh6-psuq version 2026-08-04, SCA0000075915|X026: SCA IEH: 'PO18-ABATEMENT OF ACM PIPE INSULATION - 13 LF ABATEMENT AND REPLACEMENT OF FLOOR TILES - 672 SF ABAT' at X026 (I.S. 390 - BRONX)"
SCA0000075916|Q086,physical,,,review: environmental hygiene testing at one school (work at a particular place),reviewed,"2xh6-psuq version 2026-08-04, SCA0000075916|Q086: SCA IEH: 'PO18-AHERA P.S RESPONSE ACTION ABATEMENT SOFT CONCRETE FILLER FLOORING MATERIAL LVL 1 - 1400 - B4 CU' at Q086 (P.S. 86 - QUEENS)"
SCA0000075917|Q210,physical,,,review: environmental hygiene testing at one school (work at a particular place),reviewed,"2xh6-psuq version 2026-08-04, SCA0000075917|Q210: SCA IEH: 'PO18-AHERA P.S RESPONSE ACTION ABATEMENT ABATE AND REPAIR FLOORING IN THE FOLLOWING LOCATIONS: 1ST F' at Q210 (I.S. 210 - QUEENS)"
SCA0000075918|Q205,physical,,,review: environmental hygiene testing at one school (work at a particular place),reviewed,"2xh6-psuq version 2026-08-04, SCA0000075918|Q205: SCA IEH: 'PO18-AHERA P.S RESPONSE ACTION ABATEMENT TERRAZZO LVL2 - 2020 - LOBBY WHITE AIRCELL PIPE INSULATION' at Q205 (P.S. 205 - QUEENS)"
SCA0000075919|K216,physical,,,review: environmental hygiene testing at one school (work at a particular place),reviewed,"2xh6-psuq version 2026-08-04, SCA0000075919|K216: SCA IEH: 'PO18-AHERA P.S RESPONSE ACTION ABATEMENT CEILING PLASTER STAIRCASES AT 7005 BULKHEAD OF STAIRWELL /' at K216 (P.S. 216 - BROOKLYN)"
SCA0000075920|K225,physical,,,review: environmental hygiene testing at one school (work at a particular place),reviewed,"2xh6-psuq version 2026-08-04, SCA0000075920|K225: SCA IEH: 'PO18-AHERA P.S RESPONSE ACTION ABATEMENT ABATE AND REPAIR CEILING AND WALL PLASTER IN THE FOLLOWING' at K225 (P.S. 225 - BROOKLYN)"
SCA0000075921|R450,physical,,,review: environmental hygiene testing at one school (work at a particular place),reviewed,"2xh6-psuq version 2026-08-04, SCA0000075921|R450: SCA IEH: 'PO18-AHERA P.S RESPONSE ACTION ABATEMENT ABATE AND REPAIR PIPE INSULATION IN THE FOLLOWING LOCATIONS' at R450 (CURTIS HS - STATEN ISLAND)"
SCA0000075922|Q194,physical,,,review: environmental hygiene testing at one school (work at a particular place),reviewed,"2xh6-psuq version 2026-08-04, SCA0000075922|Q194: SCA IEH: 'PO18-AHERA P.S RESPONSE ACTION ABATEMENT ABATE AND REPLACE FLOOR TILES IN THE FOLLOWING ROOMS: RM #' at Q194 (J.H.S. 194 - QUEENS)"
SCA0000075925|K217,physical,,,review: environmental hygiene testing at one school (work at a particular place),reviewed,"2xh6-psuq version 2026-08-04, SCA0000075925|K217: SCA IEH: 'PO18-AHERA P.S RESPONSE ACTION ABATEMENT ABATE AND REPAIR CEILING PLASTER IN THE FOLLOWING LOCATIONS' at K217 (P.S. 217 - BROOKLYN)"
SCA0000075926|M121,physical,,,review: environmental hygiene testing at one school (work at a particular place),reviewed,"2xh6-psuq version 2026-08-04, SCA0000075926|M121: SCA IEH: 'PO18-ABATE AND REPLACE  9X9 FLOOR TILE IN ROOM 158 (MEDICAL SUITE 1ST FLOOR) (SPACE ID# 2158)' at M121 (P.S. 38 - MANHATTAN)"
SCA0000075927|Q060,physical,,,review: environmental hygiene testing at one school (work at a particular place),reviewed,"2xh6-psuq version 2026-08-04, SCA0000075927|Q060: SCA IEH: 'PO18-AHERA P.S RESPONSE ACTION ABATE AND REPLACE FLOOR TILES IN THE FOLLOWING LOCATIONS:: ROOMS: 111' at Q060 (P.S. 60 - QUEENS)"
SCA0000075928|R044,physical,,,review: environmental hygiene testing at one school (work at a particular place),reviewed,"2xh6-psuq version 2026-08-04, SCA0000075928|R044: SCA IEH: 'PO18-CORE DRILL ONE HOLE (1' DIAMETER) IN THE AUDITORIUM , SPACE ID #2100 HOLE MARKED BY TAPE' at R044 (P.S. 44 - STATEN ISLAND)"
SCA0000075930|Q145,physical,,,review: environmental hygiene testing at one school (work at a particular place),reviewed,"2xh6-psuq version 2026-08-04, SCA0000075930|Q145: SCA IEH: 'PO18-ABATE PIPE INSULATION IN BSMT CRAWL SPACE. APPROX 4FT. SPRAYED RED' at Q145 (I.S. 145 - QUEENS)"
SCA0000075931|Q052,physical,,,review: environmental hygiene testing at one school (work at a particular place),reviewed,"2xh6-psuq version 2026-08-04, SCA0000075931|Q052: SCA IEH: 'PO18-AHERA P.S RESPONSE ACTION ABATEMENT ABATE AND REPAIR FLOORING IN THE FOLLOWING LOCATIONS: SPACE' at Q052 (P.S. 52 - QUEENS)"
SCA0000075932|Q415,physical,,,review: environmental hygiene testing at one school (work at a particular place),reviewed,"2xh6-psuq version 2026-08-04, SCA0000075932|Q415: SCA IEH: 'PO18-AHERA P.S RESPONSE ACTION ABATEMENT DETAILED SCOPER IS MENTIONED IN THE EMAIL' at Q415 (BENJAMIN N. CARDOZO HS - QUEENS)"
SCA0000075933|Q269,physical,,,review: environmental hygiene testing at one school (work at a particular place),reviewed,"2xh6-psuq version 2026-08-04, SCA0000075933|Q269: SCA IEH: 'PO18-AHERA P.S RESPONSE ACTION ABATEMENT ABATE AND REPAIR WALL AND CEILING PLASTER IN THE FOLLOWING' at Q269 (Q721 SPED - QUEENS)"
SCA0000075934|K268,physical,,,review: environmental hygiene testing at one school (work at a particular place),reviewed,"2xh6-psuq version 2026-08-04, SCA0000075934|K268: SCA IEH: 'PO18-ABATE & REMOVE WIRING IN ELECTRICAL BOX IN ELECTRICAL ROOM B11, SPACE ID 1011 SCOPE IS TO REPLA' at K268 (P.S. 268 - BROOKLYN)"
SCA0000075935|K031,physical,,,review: environmental hygiene testing at one school (work at a particular place),reviewed,"2xh6-psuq version 2026-08-04, SCA0000075935|K031: SCA IEH: 'PO18-ABATE AND REPAIR CEILING IN BATHROOM 107A MEN'S BATHROOM IS SHUT DOWN AND COLLASPED CEILING' at K031 (P.S. 31 - BROOKLYN)"
SCA0000075938|Q019,physical,,,review: environmental hygiene testing at one school (work at a particular place),reviewed,"2xh6-psuq version 2026-08-04, SCA0000075938|Q019: SCA IEH: 'PO18-ABATE & REPLACE DAMAGED 9 X 9 FLOOR TILES ON 2ND FLR STAIRCASE APPROX 16 SQ FT' at Q019 (P.S. 19 - QUEENS)"
SCA0000075939|Q457,physical,,,review: environmental hygiene testing at one school (work at a particular place),reviewed,"2xh6-psuq version 2026-08-04, SCA0000075939|Q457: SCA IEH: 'PO18-AHERA P.S RESPONSE ACTION ABATEMENT CEILING PLASTER LVL 2 ROOMS - 2006A - GIRL'S TOILET IN LOCK' at Q457 (NEWTOWN HS - QUEENS)"
SCA0000075940|Q425,physical,,,review: environmental hygiene testing at one school (work at a particular place),reviewed,"2xh6-psuq version 2026-08-04, SCA0000075940|Q425: SCA IEH: 'PO18-AHERA P.S RESPONSE ACTION ABATEMENT SOFT CONCRETE FILLER FLOORING MATERIAL LVL2 - 2130A - PIPE' at Q425 (JOHN BOWNE HS - QUEENS)"
SCA0000075941|K235,physical,,,review: environmental hygiene testing at one school (work at a particular place),reviewed,"2xh6-psuq version 2026-08-04, SCA0000075941|K235: SCA IEH: 'PO18-ABATE AND REPLACE FLOORS AT LOCATIONS SPACE ID 5411 CLASSROOM, 3255 MAIN OFFICE, 3262 STAFF LOU' at K235 (P.S. 235 - BROOKLYN)"
SCA0000075942|M911,physical,,,review: environmental hygiene testing at one school (work at a particular place),reviewed,"2xh6-psuq version 2026-08-04, SCA0000075942|M911: SCA IEH: 'PO18-ABATEMENT OF FLOOR TILES IN ROOM 403 ACM DISTURBED: FLOOR TILE/ MASTIC (AROUND 1,200 SQFT)' at M911 (HARLEM RENAISSANCE HS - M)"
SCA0000075943|M465,physical,,,review: environmental hygiene testing at one school (work at a particular place),reviewed,"2xh6-psuq version 2026-08-04, SCA0000075943|M465: SCA IEH: 'PO18-ABATEMENT OF PIPE INSULATION RM 421, 409 ACM DISTURBED: PIPE INSULATION (AROUND 150 LF FOR ALL' at M465 (HS FOR HEALTH CAREER & SCIENCE - M)"
SCA0000075944|R036,physical,,,review: environmental hygiene testing at one school (work at a particular place),reviewed,"2xh6-psuq version 2026-08-04, SCA0000075944|R036: SCA IEH: 'PO18-THROUGH THE FLOOR DRILLING REQUESTED FOR ONE (1) 4' HOLE IN CAFETERIA SPACE ID# 2166' at R036 (P.S. 36 - STATEN ISLAND)"
SCA0000075945|M480,physical,,,review: environmental hygiene testing at one school (work at a particular place),reviewed,"2xh6-psuq version 2026-08-04, SCA0000075945|M480: SCA IEH: 'PO18-ABATEMENT OF PIPE INSULATION ROOM 449, 549 ACM DISTURBED: PIPE INSULATION (AROUND 250 LF FOR AL' at M480 (P.S. 225 - MANHATTAN)"
SCA0000075946|M167,physical,,,review: environmental hygiene testing at one school (work at a particular place),reviewed,"2xh6-psuq version 2026-08-04, SCA0000075946|M167: SCA IEH: 'PO18-PIPE INSULATION FOR ROOMS 210, 216, 410, 416 ACM DISTURBED: PIPE INSULATION (AROUND 250 LF FOR' at M167 (I.S. 167 - MANHATTAN)"
SCA0000075947|X053,physical,,,review: environmental hygiene testing at one school (work at a particular place),reviewed,"2xh6-psuq version 2026-08-04, SCA0000075947|X053: SCA IEH: 'PO18-ABATE AND REPAIR BROWN AIRCELL PIPE INSULATION IN SLOP SINK FORTH FLOOR SPACE ID 5428' at X053 (P.S. 53 - BRONX)"
SCA0000075948|Q460,physical,,,review: environmental hygiene testing at one school (work at a particular place),reviewed,"2xh6-psuq version 2026-08-04, SCA0000075948|Q460: SCA IEH: 'PO18-AHERA P.S RESPONSE ACTION ABATEMENT ABATE AND REPAIR WALL AND CEILING PLASTER IN ROOM #B-01(CLO' at Q460 (FLUSHING HS - QUEENS)"
SCA0000075950|Q462,physical,,,review: environmental hygiene testing at one school (work at a particular place),reviewed,"2xh6-psuq version 2026-08-04, SCA0000075950|Q462: SCA IEH: 'PO18-AHERA P.S RESPONSE ACTION ABATEMENT DUCT VIBRATION CLOTH LVL 1 ADDN 1 OFF WHITE - 1001 - BOILER' at Q462 (FLUSHING HS - QUEENS)"
SCA0000075951|Q440,physical,,,review: environmental hygiene testing at one school (work at a particular place),reviewed,"2xh6-psuq version 2026-08-04, SCA0000075951|Q440: SCA IEH: 'PO18-AHERA P.S RESPONSE ACTION ABATEMENT ABATE AND REPAIR CEILING PLASTER AND FLOOR TILES IN THE FOL' at Q440 (FOREST HILLS HS - QUEENS)"
SCA0000075952|K131,physical,,,review: environmental hygiene testing at one school (work at a particular place),reviewed,"2xh6-psuq version 2026-08-04, SCA0000075952|K131: SCA IEH: 'PO18-ABATE AND REPAIR DAMAGED FLAKING PLASTER/PAINT FROM CEILING IN THE PRINCIPALS OFFICE' at K131 (P.S. 131 - BROOKLYN)"
SCA0000075954|K233,physical,,,review: environmental hygiene testing at one school (work at a particular place),reviewed,"2xh6-psuq version 2026-08-04, SCA0000075954|K233: SCA IEH: 'PO18-AHERA P.S RESPONSE ACTION ABATEMENT ABATE AND REPAIR FLOORING IN THE FOLLOWING LOCATIONS: SPACE' at K233 (P.S. 233 - BROOKLYN)"
SCA0000075955|K236,physical,,,review: environmental hygiene testing at one school (work at a particular place),reviewed,"2xh6-psuq version 2026-08-04, SCA0000075955|K236: SCA IEH: 'PO18-AHERA P.S RESPONSE ACTION ABATEMENT ABATE AND REPLACE FLOOR TILES IN ROOMS: 217, 225 AND 223' at K236 (P.S. 236 - BROOKLYN)"
SCA0000075957|K238,physical,,,review: environmental hygiene testing at one school (work at a particular place),reviewed,"2xh6-psuq version 2026-08-04, SCA0000075957|K238: SCA IEH: 'PO18-AHERA P.S RESPONSE ACTION ABATEMENT ABATE AND REPAIR WALL PAINT/ PRIMER INTHE FOLLOWING LOCATIO' at K238 (P.S. 238 - BROOKLYN)"
SCA0000075958|K176,physical,,,review: environmental hygiene testing at one school (work at a particular place),reviewed,"2xh6-psuq version 2026-08-04, SCA0000075958|K176: SCA IEH: 'PO18-ABATE & REPAIR ACM CEILING PAINT & PLASTER CLASSROOMS - AHERA 3212 ROOM 212 & AHERA 3216 ROOM 2' at K176 (P.S. 176 - BROOKLYN)"
SCA0000075960|Q450,physical,,,review: environmental hygiene testing at one school (work at a particular place),reviewed,"2xh6-psuq version 2026-08-04, SCA0000075960|Q450: SCA IEH: 'PO18-TEST BROKEN AND CRACKED ASBESTOS SHELL ON TOP OF BOILER #2 &IF POSITIVE AREA WILL BE MARKED OUT' at Q450 (NEWCOMERS HIGH SCHOOL - Q)"
SCA0000075961|Q450,physical,,,review: environmental hygiene testing at one school (work at a particular place),reviewed,"2xh6-psuq version 2026-08-04, SCA0000075961|Q450: SCA IEH: 'PO18-TEST INSULATION ON LEAKING CITY WATER LINE FOR BOILER #2 12FT HIGH &IF POSITIVE AREA WILL BE MA' at Q450 (NEWCOMERS HIGH SCHOOL - Q)"
SCA0000075962|Q146,physical,,,review: environmental hygiene testing at one school (work at a particular place),reviewed,"2xh6-psuq version 2026-08-04, SCA0000075962|Q146: SCA IEH: 'PO18-ABATE AND REMOVE/REPAIR PIPE INSULATION IN THE FIRST FLOOR SLOP SINK DAMAGED BY LEAKING IN A SM' at Q146 (P.S. 146 - QUEENS)"
SCA0000075963|K242,physical,,,review: environmental hygiene testing at one school (work at a particular place),reviewed,"2xh6-psuq version 2026-08-04, SCA0000075963|K242: SCA IEH: 'PO18-AHERA P.S RESPONSE ACTION ABATEMENT ABATE AND REPAIR FLOORING IN THE FOLLOWING LOCATIONS: SAPCE' at K242 (OLYMPUS ACADEMY - BROOKLYN)"
SCA0000075964|K252,physical,,,review: environmental hygiene testing at one school (work at a particular place),reviewed,"2xh6-psuq version 2026-08-04, SCA0000075964|K252: SCA IEH: 'PO18-AHERA P.S RESPONSE ACTION ABATEMENT 1006: FAN ROOM - MAGNESIA PIPE INSULATION 4319A:319A - OFFI' at K252 (MIDDLE SCHOOL FOR ART & PHILOS - K)"
SCA0000075965|K261,physical,,,review: environmental hygiene testing at one school (work at a particular place),reviewed,"2xh6-psuq version 2026-08-04, SCA0000075965|K261: SCA IEH: 'PO18-AHERA P.S RESPONSE ACTION ABATEMENT 1000A: BASEMENT HALLWAY SOUTH SIDE OF AUDITORIUM?- WALL PLA' at K261 (P.S. 261 - BROOKLYN)"
SCA0000075966|K250,physical,,,review: environmental hygiene testing at one school (work at a particular place),reviewed,"2xh6-psuq version 2026-08-04, SCA0000075966|K250: SCA IEH: 'PO18-AHERA P.S RESPONSE ACTION ABATEMENT ABATE AND REPAIR WALL PLASTER IN ROOMS: 129(WOMEN'S REST RO' at K250 (P.S. 250 - BROOKLYN)"
SCA0000075967|K278,physical,,,review: environmental hygiene testing at one school (work at a particular place),reviewed,"2xh6-psuq version 2026-08-04, SCA0000075967|K278: SCA IEH: 'PO18-AHERA P.S RESPONSE ACTION ABATEMENT WALL PLASTER LVL 1 ROOMS AT SPACES - 1126A & 1128. 9X9 FLOO' at K278 (I.S. 278 - BROOKLYN)"
SCA0000075968|Q801,physical,,,review: environmental hygiene testing at one school (work at a particular place),reviewed,"2xh6-psuq version 2026-08-04, SCA0000075968|Q801: SCA IEH: 'PO18-AHERA P.S RESPONSE ACTION ABATEMENT DETAILED SCOPE IS MENTIONED IN THE EMAIL' at Q801 (SCHOOL FOOD SERVICE - QUEENS)"
SCA0000075969|M115,physical,,,review: environmental hygiene testing at one school (work at a particular place),reviewed,"2xh6-psuq version 2026-08-04, SCA0000075969|M115: SCA IEH: 'PO18-ABATE AND REPLACE WALLS AND CEILING IN GYM (SPACE ID# 2011) LOCATION #1: BOY'S GYM (WALL)  SIZE' at M115 (P.S. 115 - MANHATTAN)"
SCA0000075970|M025,physical,,,review: environmental hygiene testing at one school (work at a particular place),reviewed,"2xh6-psuq version 2026-08-04, SCA0000075970|M025: SCA IEH: 'PO18-AHERA P.S RESPONSE ACTION ABATEMENT SOFT CONCRETE FILLER FLOORING MATERIAL - 2158, 5404P, 3244P' at M025 (LOWER EAST SIDE PREP HS - M)"
SCA0000075971|M188,physical,,,review: environmental hygiene testing at one school (work at a particular place),reviewed,"2xh6-psuq version 2026-08-04, SCA0000075971|M188: SCA IEH: 'PO18-AHERA P.S RESPONSE ACTION ABATEMENT 12*12 FLOOR TILES LVL 6 BEIGE - 6501A 12X12 FLOOR TILES LVL' at M188 (P.S. 188 - MANHATTAN)"
SCA0000075973|M022,physical,,,review: environmental hygiene testing at one school (work at a particular place),reviewed,"2xh6-psuq version 2026-08-04, SCA0000075973|M022: SCA IEH: 'PO18-AHERA P.S RESPONSE ACTION ABATEMENT PIPE JOINT TO FIBERGLASS PIPE INSULATION LVL 1 - 1700 - GIR' at M022 (NEW EXPLORATIONS - M)"
SCA0000075975|M030,physical,,,review: environmental hygiene testing at one school (work at a particular place),reviewed,"2xh6-psuq version 2026-08-04, SCA0000075975|M030: SCA IEH: 'PO18-AHERA P.S RESPONSE ACTION ABATEMENT 9X9 FLOOR TILES LVL 2 LIGHT GRAY - 2000, 2400 HORSEHAIR PIP' at M030 (P.S. 30 - MANHATTAN)"
SCA0000075976|K287,physical,,,review: environmental hygiene testing at one school (work at a particular place),reviewed,"2xh6-psuq version 2026-08-04, SCA0000075976|K287: SCA IEH: 'PO18-P.S RESPONSE ACTION ABATEMENT ABATE AND REPAIR CERAMIC TILE MASTIC IN THE FOLLOWING LOCATIONS:' at K287 (P.S. 287 - BROOKLYN)"
SCA0000075977|M034,physical,,,review: environmental hygiene testing at one school (work at a particular place),reviewed,"2xh6-psuq version 2026-08-04, SCA0000075977|M034: SCA IEH: 'PO18-/CONDUCT FLOOR CORE DIRLLING IN THE RESOURCE ROOM ASSIGNED TO SCA (PRIORITY 03) ON 05/14/26 COR' at M034 (P.S. 34 - MANHATTAN)"
SCA0000075978|K296,physical,,,review: environmental hygiene testing at one school (work at a particular place),reviewed,"2xh6-psuq version 2026-08-04, SCA0000075978|K296: SCA IEH: 'PO18-AHERA P.S RESPONSE ACTION ABATEMENT CERAMIC TILE MASTIC - WALL AT 1008 AND WALL PLASTER, 1006A' at K296 (I.S. 562 - BROOKLYN)"
SCA0000075979|K292,physical,,,review: environmental hygiene testing at one school (work at a particular place),reviewed,"2xh6-psuq version 2026-08-04, SCA0000075979|K292: SCA IEH: 'PO18-AHERA P.S RESPONSE ACTION ABATEMENT MORTAR LVL 2 CERAMIC FLOOR TILES AT 152 - MEN'S TOILET - 21' at K292 (I.S. 292 - BROOKLYN)"
SCA0000075980|KBME,physical,,,review: environmental hygiene testing at one school (work at a particular place),reviewed,"2xh6-psuq version 2026-08-04, SCA0000075980|KBME: SCA IEH: 'PO18-AHERA P.S RESPONSE ACTION ABATEMENT SOFT CONCRETE FILLER FLOORING MATERIAL LVL 1 AT CELLAR HALL' at KBME (BUSHWICK UNITED DEVELOPMENT FUND)"
SCA0000075981|M155,physical,,,review: environmental hygiene testing at one school (work at a particular place),reviewed,"2xh6-psuq version 2026-08-04, SCA0000075981|M155: SCA IEH: 'PO18-ABATE  PIPE INSULATION IN BOILER RM (SPACE ID# 1000) IT IS PAINTED RED AND IT IS OVER 10 LINEAR' at M155 (P.S. 155 - MANHATTAN)"
SCA0000075982|K902,physical,,,review: environmental hygiene testing at one school (work at a particular place),reviewed,"2xh6-psuq version 2026-08-04, SCA0000075982|K902: SCA IEH: 'PO18-AHERA P.S RESPONSE ACTION ABATEMENT SOFT CONCRETE FILLER FLOORING MATERIAL LVL 0 ADDN 2 AT 0062' at K902 (I.S. 266 - BROOKLYN)"
SCA0000075984|M072,physical,,,review: environmental hygiene testing at one school (work at a particular place),reviewed,"2xh6-psuq version 2026-08-04, SCA0000075984|M072: SCA IEH: 'PO18-ABATE/REPLACE FLOOR TILES IN THE 1ST FLOOR WEST SIDE HALLWAY APPROX 1092 SF; AS PER DSF LEADERS' at M072 (P.S. 72 - MANHATTAN)"
SCA0000075985|R435,physical,,,review: environmental hygiene testing at one school (work at a particular place),reviewed,"2xh6-psuq version 2026-08-04, SCA0000075985|R435: SCA IEH: 'PO18-TEST AND ABATE FLOOR CORRIDOR TILES.  PLEASE TEST AND REPLACE APPROX. 9,500 SQUARE FEET OF CORR' at R435 (NEW DORP HS - STATEN ISLAND)"
SCA0000075986|M043,physical,,,review: environmental hygiene testing at one school (work at a particular place),reviewed,"2xh6-psuq version 2026-08-04, SCA0000075986|M043: SCA IEH: 'PO18-AHERA P.S RESPONSE ACTION ABATEMENT 9X9 FLOOR TILES LVL 1 DARK BROWN - 1003 WHITE AIRCELL PIPE' at M043 (URBAN ASSEMBLY SCHOOL FOR THE PERFORMING ARTS)"
SCA0000075987|M036,physical,,,review: environmental hygiene testing at one school (work at a particular place),reviewed,"2xh6-psuq version 2026-08-04, SCA0000075987|M036: SCA IEH: 'PO18-AHERA P.S RESPONSE ACTION ABATEMENT WATERPROOFING MEMBRANR TAR LVL 5 CERAMIC FLOOR TILES - 5479' at M036 (P.S. 36 - MANHATTAN)"
SCA0000075988|M060,physical,,,review: environmental hygiene testing at one school (work at a particular place),reviewed,"2xh6-psuq version 2026-08-04, SCA0000075988|M060: SCA IEH: 'PO18-AHERA P.S RESPONSE ACTION ABATEMENT WATERPROOFING MEMBRANR TAR LVL 4 FLOOR - 4358 CERAMIC TILE' at M060 (EAST SIDE COMMUNITY SCHOOL)"
SCA0000075989|K210,physical,,,review: environmental hygiene testing at one school (work at a particular place),reviewed,"2xh6-psuq version 2026-08-04, SCA0000075989|K210: SCA IEH: 'PO18-ABATE AND REPLACE DAMAGED ACM FLOORING IN ROOM 414. APPROX 60 SQFT' at K210 (I.S. 394 - BROOKLYN)"
SCA0000075990|M102,physical,,,review: environmental hygiene testing at one school (work at a particular place),reviewed,"2xh6-psuq version 2026-08-04, SCA0000075990|M102: SCA IEH: 'PO18-AHERA P.S RESPONSE ACTION ABATEMENT FLOOR TILE BORDER LVL 2 ADDN 1 DARK BROWN - 2170 WHITE AIRC' at M102 (P.S. 102 - MANHATTAN)"
SCA0000075991|M066,physical,,,review: environmental hygiene testing at one school (work at a particular place),reviewed,"2xh6-psuq version 2026-08-04, SCA0000075991|M066: SCA IEH: 'PO18-AHERA P.S RESPONSE ACTION ABATEMENT CEILING PLASTER - 4309, 3209A, 3209B CERAMIC TILE MASTIC LV' at M066 (P.S. 151 - MANHATTAN)"
SCA0000075992|M140,physical,,,review: environmental hygiene testing at one school (work at a particular place),reviewed,"2xh6-psuq version 2026-08-04, SCA0000075992|M140: SCA IEH: 'PO18-AHERA P.S RESPONSE ACTION ABATEMENT PIPE JOINT TO BROWN LAYERED PAPER PIPE INSULATION - 1100 9X' at M140 (P.S. 140 - MANHATTAN)"
SCA0000075993|M063,physical,,,review: environmental hygiene testing at one school (work at a particular place),reviewed,"2xh6-psuq version 2026-08-04, SCA0000075993|M063: SCA IEH: 'PO18-AHERA P.S RESPONSE ACTION ABATEMENT TERRAZZO LVL 2 FLOOR - 2017A &  2023 CERAMIC TILE MASTIC LV' at M063 (P.S. 63 - MANHATTAN)"
SCA0000075994|M047,physical,,,review: environmental hygiene testing at one school (work at a particular place),reviewed,"2xh6-psuq version 2026-08-04, SCA0000075994|M047: SCA IEH: 'PO18-AHERA P.S RESPONSE ACTION ABATEMENT MAGNESIA PIPE INSULATION - 2300 9X9 FLOOR TILES - 7556, 500' at M047 (J.H.S. 47 (SCH FOR THE DEAF) - M)"
SCA0000075995|M143,physical,,,review: environmental hygiene testing at one school (work at a particular place),reviewed,"2xh6-psuq version 2026-08-04, SCA0000075995|M143: SCA IEH: 'PO18-AHERA P.S RESPONSE ACTION ABATEMENT 9X9 FLOOR TILES LVL 4 BLACK - 4347 9X9 FLOOR TILES LVL 1 LI' at M143 (I.S. 143 - MANHATTAN)"
SCA0000075996|M142,physical,,,review: environmental hygiene testing at one school (work at a particular place),reviewed,"2xh6-psuq version 2026-08-04, SCA0000075996|M142: SCA IEH: 'PO18-AHERA P.S RESPONSE ACTION ABATEMENT CERAMIC TILE MASTIC LVL 1 FLOOR, CERAMIC TILE MASTIC LVL 1' at M142 (P.S. 142 - MANHATTAN)"
SCA0000075997|M171,physical,,,review: environmental hygiene testing at one school (work at a particular place),reviewed,"2xh6-psuq version 2026-08-04, SCA0000075997|M171: SCA IEH: 'PO18-AHERA P.S RESPONSE ACTION ABATEMENT 9X9 FLOOR TILES LVL 5 BLACK/H SPOTS - 5413 SOFT CONCRETE FI' at M171 (P.S. 171 - MANHATTAN)"
SCA0000075998|M152,physical,,,review: environmental hygiene testing at one school (work at a particular place),reviewed,"2xh6-psuq version 2026-08-04, SCA0000075998|M152: SCA IEH: 'PO18-AHERA P.S RESPONSE ACTION ABATEMENT TERRAZZO LVL 2 ADDN 1 - 2124A 9X9 FLOOR TILES LVL 3 ADDN 1' at M152 (P.S. 152 - MANHATTAN)"
SCA0000075999|M153,physical,,,review: environmental hygiene testing at one school (work at a particular place),reviewed,"2xh6-psuq version 2026-08-04, SCA0000075999|M153: SCA IEH: 'PO18-AHERA P.S RESPONSE ACTION ABATEMENT CERAMIC TILE MASTIC LVL 4 WALL - 4328B, 4330A, 4349 CERAMIC' at M153 (P.S. 153 - MANHATTAN)"
SCA0000076000|M165,physical,,,review: environmental hygiene testing at one school (work at a particular place),reviewed,"2xh6-psuq version 2026-08-04, SCA0000076000|M165: SCA IEH: 'PO18-AHERA P.S RESPONSE ACTION ABATEMENT FLOOR TILES MASTIC LVL 5 9X9 RED - 5400 FLOOR TILE BORDER L' at M165 (P.S. 165 - MANHATTAN)"
SCA0000076001|M166,physical,,,review: environmental hygiene testing at one school (work at a particular place),reviewed,"2xh6-psuq version 2026-08-04, SCA0000076001|M166: SCA IEH: 'PO18-AHERA P.S RESPONSE ACTION ABATEMENT ABATE AND REPAIR WALL PLASTER  IN 1ST FLOOR STAIRCASE A' at M166 (P.S. 166 - MANHATTAN)"
SCA0000076002|M185,physical,,,review: environmental hygiene testing at one school (work at a particular place),reviewed,"2xh6-psuq version 2026-08-04, SCA0000076002|M185: SCA IEH: 'PO18-AHERA P.S RESPONSE ACTION ABATEMENT 9X9 FLOOR TILES LVL 3 LIGHT GREEN - 3000, 4000' at M185 (P.S. 185 - MANHATTAN)"
SCA0000076004|M154,physical,,,review: environmental hygiene testing at one school (work at a particular place),reviewed,"2xh6-psuq version 2026-08-04, SCA0000076004|M154: SCA IEH: 'PO18-AHERA P.S RESPONSE ACTION ABATEMENT 9X9 FLOOR TILES LVL 3 GREEN - 3215 - 215 - CLASSROOM' at M154 (P.S. 154 - MANHATTAN)"
SCA0000076005|M192,physical,,,review: environmental hygiene testing at one school (work at a particular place),reviewed,"2xh6-psuq version 2026-08-04, SCA0000076005|M192: SCA IEH: 'PO18-AHERA P.S RESPONSE ACTION ABATEMENT 9X9 FLOOR TILES LVL 2 ADDN 1 GRAY - 2145 9X9 FLOOR TILES LV' at M192 (P.S. 192 - MANHATTAN)"
SCA0000076006|M844,physical,,,review: environmental hygiene testing at one school (work at a particular place),reviewed,"2xh6-psuq version 2026-08-04, SCA0000076006|M844: SCA IEH: 'PO18-AHERA P.S RESPONSE ACTION ABATEMENT 9X9 FLOOR TILES LVL 6 LIGHT BROWN/WHITE LINES - 6558 - 558' at M844 (M721 SPED - MANHATTAN)"
SCA0000076007|M905,physical,,,review: environmental hygiene testing at one school (work at a particular place),reviewed,"2xh6-psuq version 2026-08-04, SCA0000076007|M905: SCA IEH: 'PO18-AHERA P.S RESPONSE ACTION ABATEMENT FELT PAPER UNDER WOOD FLOOR LVL 8 - 8716, 8702' at M905 (BALLET TECH/PUB. SCL FOR DANCE- M)"
SCA0000076008|M833,physical,,,review: environmental hygiene testing at one school (work at a particular place),reviewed,"2xh6-psuq version 2026-08-04, SCA0000076008|M833: SCA IEH: 'PO18-AHERA P.S RESPONSE ACTION ABATEMENT 9X9 FLOOR TILES LVL 2 TAN/WHITE LINES -2102B, 2500, 2103 SO' at M833 (HS FOR ECONOMICS & FINANCE - M)"
SCA0000076009|M807,physical,,,review: environmental hygiene testing at one school (work at a particular place),reviewed,"2xh6-psuq version 2026-08-04, SCA0000076009|M807: SCA IEH: 'PO18-AHERA P.S RESPONSE ACTION ABATEMENT SOFT CONCRETE FILLER FLOORING MATERIAL LVL 4 - 4000B' at M807 (HARVEY MILK SCHOOL - MANHATTAN)"
SCA0000076010|M894,physical,,,review: environmental hygiene testing at one school (work at a particular place),reviewed,"2xh6-psuq version 2026-08-04, SCA0000076010|M894: SCA IEH: 'PO18-AHERA P.S RESPONSE ACTION ABATEMENT CERAMIC TILE MASTIC LVL 1 WALL - 1019, 1019B' at M894 (HS FOR LEADERSHIP & PUBLIC SERV-M)"
SCA0000076011|M445,physical,,,review: environmental hygiene testing at one school (work at a particular place),reviewed,"2xh6-psuq version 2026-08-04, SCA0000076011|M445: SCA IEH: 'PO18-AHERA P.S RESPONSE ACTION ABATEMENT WALL PLASTER LVL 1 HALLWAY, CEILING PLASTER LVL 1 HALLWAY 1' at M445 (NEW DESIGN HS - MANHATTAN)"
SCA0000076012|M520,physical,,,review: environmental hygiene testing at one school (work at a particular place),reviewed,"2xh6-psuq version 2026-08-04, SCA0000076012|M520: SCA IEH: 'PO18-AHERA P.S RESPONSE ACTION ABATEMENT WATERPROOFING MEMBRANR TAR LVL 3 CERAMIC FLOOR TILES - 3226' at M520 (BERGTRAUM HS - MANHATTAN)"
SCA0000076013|M660,physical,,,review: environmental hygiene testing at one school (work at a particular place),reviewed,"2xh6-psuq version 2026-08-04, SCA0000076013|M660: SCA IEH: 'PO18-AHERA P.S RESPONSE ACTION ABATEMENT 9X9 FLOOR TILES LVL 9 BLACK/WHITE LINES - 9000' at M660 (SCHOOL OF THE FUTURE - MANHATTAN)"
SCA0000076014|M875,physical,,,review: environmental hygiene testing at one school (work at a particular place),reviewed,"2xh6-psuq version 2026-08-04, SCA0000076014|M875: SCA IEH: 'PO18-AHERA P.S RESPONSE ACTION ABATEMENT 9X9 FLOOR TILES LVL 7 BLACK - 7000B 9X9 FLOOR TILES LVL 6 W' at M875 (M226 SPED - MANHATTAN)"
SCA0000076015|M495,physical,,,review: environmental hygiene testing at one school (work at a particular place),reviewed,"2xh6-psuq version 2026-08-04, SCA0000076015|M495: SCA IEH: 'PO18-AHERA P.S RESPONSE ACTION ABATEMENT WATERPROOFING MEMBRANR TAR LVL 3 CERAMIC FLOOR TILES - 3203' at M495 (PARK EAST HS - MANHATTAN)"
SCA0000076016|M751,physical,,,review: environmental hygiene testing at one school (work at a particular place),reviewed,"2xh6-psuq version 2026-08-04, SCA0000076016|M751: SCA IEH: 'PO18-AHERA P.S RESPONSE ACTION ABATEMENT CEILING PLASTER LVL 6?ROOMS - 6507B WALL PLASTER LVL 5 ROOM' at M751 (M751 SPED - MANHATTAN)"
SCA0000076017|M535,physical,,,review: environmental hygiene testing at one school (work at a particular place),reviewed,"2xh6-psuq version 2026-08-04, SCA0000076017|M535: SCA IEH: 'PO18-AHERA P.S RESPONSE ACTION ABATEMENT SOFT CONCRETE FILLER FLOORING MATERIAL - 1008, 3000, 4354,' at M535 (MANHATTAN BRIDGES - MANHATTAN)"
SCA0000076018|M199,physical,,,review: environmental hygiene testing at one school (work at a particular place),reviewed,"2xh6-psuq version 2026-08-04, SCA0000076018|M199: SCA IEH: 'PO18-AHERA P.S RESPONSE ACTION ABATEMENT WHITE AIRCELL PIPE INSULATION - 1002, TERRAZZO LVL 2 - 2014' at M199 (P.S. 199 - MANHATTAN)"
SCA0000076020|X063,physical,,,review: environmental hygiene testing at one school (work at a particular place),reviewed,"2xh6-psuq version 2026-08-04, SCA0000076020|X063: SCA IEH: 'PO18-DRILL 3 HOLES INTO FLOOR TO INSTALL OUTLETS MAIN OFFICE 4' IN FLOOR DIAMETER 4' AND DEPTH 12'' at X063 (P.S. 63 - BRONX)"
SCA0000076023|K051,physical,,,review: environmental hygiene testing at one school (work at a particular place),reviewed,"2xh6-psuq version 2026-08-04, SCA0000076023|K051: SCA IEH: 'PO18-ABATE AND REPAIR DAMAGED CEILING LAYERS IN MUSIC ROOM B46 SPACE ID: 1046' at K051 (I.S. 51 - BROOKLYN)"
SCA0000076024|K169,physical,,,review: environmental hygiene testing at one school (work at a particular place),reviewed,"2xh6-psuq version 2026-08-04, SCA0000076024|K169: SCA IEH: 'PO18-ABATE AND REPLACE FLOORS AT LOCATIONS SPRINKLER CONTROL ROOM, ROOM 400, ROOM 412, ROOM 516 ROOM' at K169 (P.S. 169 - BROOKLYN)"
SCA0000076025|K126,physical,,,review: environmental hygiene testing at one school (work at a particular place),reviewed,"2xh6-psuq version 2026-08-04, SCA0000076025|K126: SCA IEH: 'PO18-ABATE WALL IN CLASSROOM 138, APPROX. 2X2 FT SECTION MARKED WITH YELLOW TAPE IN THE SAME AREA MA' at K126 (J.H.S. 126 - BROOKLYN)"
SCA0000076026|M173,physical,,,review: environmental hygiene testing at one school (work at a particular place),reviewed,"2xh6-psuq version 2026-08-04, SCA0000076026|M173: SCA IEH: 'PO18-ABATE/REPLACE 9X9 FLOOR TILES THAT ARE CRACKED THE LOCATION IS AT THE C&D STAIRWAY OFFICE/BATHR' at M173 (P.S./I.S. 173 - MANHATTAN)"
SCA0000076029|K281,physical,,,review: environmental hygiene testing at one school (work at a particular place),reviewed,"2xh6-psuq version 2026-08-04, SCA0000076029|K281: SCA IEH: 'PO18-AHERA P.S RESPONSE ACTION ABATEMENT SOFT CONCRETE FILLER FLOORING MATERIAL AT SPACES - 1020,110' at K281 (I.S. 281 - BROOKLYN)"
SCA0000076030|K405,physical,,,review: environmental hygiene testing at one school (work at a particular place),reviewed,"2xh6-psuq version 2026-08-04, SCA0000076030|K405: SCA IEH: 'PO18-AHERA P.S RESPONSE ACTION ABATEMENT PIPE JOINT TO WHITE AIRCELL PIPE INSULATION AT SPACES - 600' at K405 (MIDWOOD HS - BROOKLYN)"
SCA0000076035|K515,physical,,,review: environmental hygiene testing at one school (work at a particular place),reviewed,"2xh6-psuq version 2026-08-04, SCA0000076035|K515: SCA IEH: 'PO18-AHERA P.S RESPONSE ACTION ABATEMENT 9X9 FLOOR TILES OLIVE AT : 3037,3030,3024,5049,5068,3006,30' at K515 (BROOKLYN COMMUNITY HIGH SCHOOL FOR EXCELLENCE AND EQUITY - K)"
SCA0000076037|K415,physical,,,review: environmental hygiene testing at one school (work at a particular place),reviewed,"2xh6-psuq version 2026-08-04, SCA0000076037|K415: SCA IEH: 'PO18-AHERA P.S RESPONSE ACTION ABATEMENT SOFT CONCRETE FILLER FLOORING MATERIAL - 1012V,1012S,1013S' at K415 (IT TAKES A VILLAGE ACADEMY - K)"
SCA0000076040|K397,physical,,,review: environmental hygiene testing at one school (work at a particular place),reviewed,"2xh6-psuq version 2026-08-04, SCA0000076040|K397: SCA IEH: 'PO18-AHERA P.S RESPONSE ACTION ABATEMENT SOFT CONCRETE FILLER FLOORING MATERIAL AT SPACES: 2112,4306' at K397 (P.S. 397 - BROOKLYN)"
SCA0000076041|K318,physical,,,review: environmental hygiene testing at one school (work at a particular place),reviewed,"2xh6-psuq version 2026-08-04, SCA0000076041|K318: SCA IEH: 'PO18-AHERA P.S RESPONSE ACTION ABATEMENT TAR - LVL 4 - PIPES AT PIPE CHASE IN BOY'S TOILET - 4307A I' at K318 (I.S. 318 - BROOKLYN)"
SCA0000076042|K883,physical,,,review: environmental hygiene testing at one school (work at a particular place),reviewed,"2xh6-psuq version 2026-08-04, SCA0000076042|K883: SCA IEH: 'PO18-AHERA P.S RESPONSE ACTION ABATEMENT SOFT CONCRETE FILLER FLOORING MATERIAL LVL 3 - STAIRCASE A' at K883 (ALTERNATE LEARNING CENTER - BROOKLYN)"
SCA0000076043|K662,physical,,,review: environmental hygiene testing at one school (work at a particular place),reviewed,"2xh6-psuq version 2026-08-04, SCA0000076043|K662: SCA IEH: 'PO18-AHERA P.S RESPONSE ACTION ABATEMENT SOFT CONCRETE FILLER FLOORING MATERIAL LVL 3 -SLOP SINK - 3' at K662 (BROOKLYN DAILY DISCOVERY PRE-K CENTER)"
SCA0000076047|K011,physical,,,review: environmental hygiene testing at one school (work at a particular place),reviewed,"2xh6-psuq version 2026-08-04, SCA0000076047|K011: SCA IEH: 'PO18-AHERA P.S RESPONSE ACTION ABATEMENT CEILING PLASTER LVL 2 HALLWAY-GROUND FLOOR HALLWAY SOUTH OF' at K011 (P.S. 11 - BROOKLYN)"
SCA0000076048|K420,physical,,,review: environmental hygiene testing at one school (work at a particular place),reviewed,"2xh6-psuq version 2026-08-04, SCA0000076048|K420: SCA IEH: 'PO18-AHERA P.S RESPONSE ACTION ABATEMENT PLASTER SCRATCH COAT LVL 2 ROOM CEILINGS - 2400 AIRCELL DUC' at K420 (BROOKLYN LAB SCHOOL - BROOKLYN)"
SCA0000076049|K390,physical,,,review: environmental hygiene testing at one school (work at a particular place),reviewed,"2xh6-psuq version 2026-08-04, SCA0000076049|K390: SCA IEH: 'PO18-AHERA P.S RESPONSE ACTION ABATEMENT WALL PLASTER LVL 3 ROOMS AT 3222 - 222 - SCIENCE LAB / CLAS' at K390 (M.S. 354 - BROOKLYN)"
SCA0000076050|K435,physical,,,review: environmental hygiene testing at one school (work at a particular place),reviewed,"2xh6-psuq version 2026-08-04, SCA0000076050|K435: SCA IEH: 'PO18-AHERA P.S RESPONSE ACTION ABATEMENT TERRAZZO LVL 2 - 1ST FLOOR HALLWAY:2000 TERRAZZO LVL 3 - 2N' at K435 (PERFORMING ARTS AND TECH. HS - K)"
SCA0000076051|X092,physical,,,review: environmental hygiene testing at one school (work at a particular place),reviewed,"2xh6-psuq version 2026-08-04, SCA0000076051|X092: SCA IEH: 'PO18-ABATE AND REPAIR BROWN AIRCELL PIPE INSULATION AND PIPE JOINT INSULATION SPACE ID # 3258 & 4356' at X092 (X352 SPED - BRONX)"
SCA0000076052|K329,physical,,,review: environmental hygiene testing at one school (work at a particular place),reviewed,"2xh6-psuq version 2026-08-04, SCA0000076052|K329: SCA IEH: 'PO18-AHERA P.S RESPONSE ACTION ABATEMENT WALL PLASTER ROOMS - 2144,2144D. TAR/TIN BEHIND RADIATORS -' at K329 (P.S. 329 - BROOKLYN)"
SCA0000076054|K197,physical,,,review: environmental hygiene testing at one school (work at a particular place),reviewed,"2xh6-psuq version 2026-08-04, SCA0000076054|K197: SCA IEH: 'PO18-AHERA P.S RESPONSE ACTION ABATEMENT SOFT CONCRETE FILLER FLOORING MATERIAL AT SPACES - 7010,700' at K197 (P.S. 197 - BROOKLYN)"
SCA0000076055|X111,physical,,,review: environmental hygiene testing at one school (work at a particular place),reviewed,"2xh6-psuq version 2026-08-04, SCA0000076055|X111: SCA IEH: 'PO18-ABATE AND REPAIR PIPE CHASE INSULATION IN BOYS TOILET #B16 SPACE ID 1016A' at X111 (P.S. 111 - BRONX)"
SCA0000076056|K505,physical,,,review: environmental hygiene testing at one school (work at a particular place),reviewed,"2xh6-psuq version 2026-08-04, SCA0000076056|K505: SCA IEH: 'PO18-ABATE AND REPAIR METAL SINK UNDERCOATING WITHIN EXISTING CABINETRY IN SERVING AREA TO TEACHER'S' at K505 (FRANKLIN D. ROOSEVELT HS - K)"
SCA0000076057|K268,physical,,,review: environmental hygiene testing at one school (work at a particular place),reviewed,"2xh6-psuq version 2026-08-04, SCA0000076057|K268: SCA IEH: 'PO18-ABATE AND REPLACE DAMAGED FLOORS 3RD FLOOR EXIT 'E' GYM LANDING -SPACE 4005 CE: FRANK LOSSMANN' at K268 (P.S. 268 - BROOKLYN)"
SCA0000076058|Q094,physical,,,review: environmental hygiene testing at one school (work at a particular place),reviewed,"2xh6-psuq version 2026-08-04, SCA0000076058|Q094: SCA IEH: 'PO18-07/26Q094/INSTAL AC  IN AUDITORIUM WITH ELECTRIC' at Q094 (P.S. 94 - QUEENS)"
SCA0000076060|M041,physical,,,review: environmental hygiene testing at one school (work at a particular place),reviewed,"2xh6-psuq version 2026-08-04, SCA0000076060|M041: SCA IEH: 'PO18-ABATE/REPLACE ACM FLOOR TILES 1ST FLOOR HALLWAY 1056 SQFT SPACE ID# 2001 -REPLACE ACM FLOOR TIL' at M041 (P.S. 41 - MANHATTAN)"
SCA0000076061|M171,physical,,,review: environmental hygiene testing at one school (work at a particular place),reviewed,"2xh6-psuq version 2026-08-04, SCA0000076061|M171: SCA IEH: 'PO18-ABATE BASEBOARD MOLDING IN ROOM 512 (SPACE ID 6512) TOTALING APPROXIMATELY 21SF' at M171 (P.S. 171 - MANHATTAN)"
SCA0000076062|K104,physical,,,review: environmental hygiene testing at one school (work at a particular place),reviewed,"2xh6-psuq version 2026-08-04, SCA0000076062|K104: SCA IEH: 'PO18-ABATE AND REPAIR LOCATIONS -ROOM 120: APPROXIMATELY 22 SF OF WALL PLASTER 18 SF OF CEILING PLAS' at K104 (P.S. 104 - BROOKLYN)"
SCA0000076063|M017,physical,,,review: environmental hygiene testing at one school (work at a particular place),reviewed,"2xh6-psuq version 2026-08-04, SCA0000076063|M017: SCA IEH: 'PO18-/ABATE WALL PLASTER RM 470A (TEACHERS BATHROOM) (SPACE ID# 5470A)' at M017 (P.S. 212 - MANHATTAN)"
SCA0000076064|M070,physical,,,review: environmental hygiene testing at one school (work at a particular place),reviewed,"2xh6-psuq version 2026-08-04, SCA0000076064|M070: SCA IEH: 'PO18-FLOOR CORE DRILLING AT STAIRCASE B 1ST, 2ND AND 3RD FLOOR NEED 3 CORE DRILLS (3 AND 1/2-INCH DI' at M070 (NYC LAB HS - MANHATTAN)"
SCA0000076066|M057,physical,,,review: environmental hygiene testing at one school (work at a particular place),reviewed,"2xh6-psuq version 2026-08-04, SCA0000076066|M057: SCA IEH: 'PO18-CORE DRILLING LOCATED IN THE CAFATERIA - THE PANEL WALL BEHIND THE FRIDGE- 4' CORE DRILL TO THE' at M057 (P.S. 57 - MANHATTAN)"
SCA0000076067|M187,physical,,,review: environmental hygiene testing at one school (work at a particular place),reviewed,"2xh6-psuq version 2026-08-04, SCA0000076067|M187: SCA IEH: 'PO18-/ABATE PIPE INSULATION IN ROOM 352A/ 36 LF DUE TO LEAKING COLD WATER LINE. SPACE ID# 4352A' at M187 (P.S. 187 - MANHATTAN)"
SCA0000076068|M070,physical,,,review: environmental hygiene testing at one school (work at a particular place),reviewed,"2xh6-psuq version 2026-08-04, SCA0000076068|M070: SCA IEH: 'PO18-ACM FLOOR ABATEMENT IN CLASSROOM 406 (SPACE ID #5406), APPROXIMATELY 924 SF' at M070 (NYC LAB HS - MANHATTAN)"
SCA0000076069|K495,physical,,,review: environmental hygiene testing at one school (work at a particular place),reviewed,"2xh6-psuq version 2026-08-04, SCA0000076069|K495: SCA IEH: 'PO18-ABATEMENT OF WALL TILES AND MASTIC IN THE FOLLOWING BATHROOMS: 4372A (3RD FLOOR MEN'S TOILET) 4' at K495 (PROFESSIONAL PATHWAYS HIGH SCHOOL)"
SCA0000076071|X058,physical,,,review: environmental hygiene testing at one school (work at a particular place),reviewed,"2xh6-psuq version 2026-08-04, SCA0000076071|X058: SCA IEH: 'PO18-ABATE AND REPLACE FLOOR TILES IN ROOM 409' at X058 (P.S. 58 - BRONX)"
SCA0000076073|K268,physical,,,review: environmental hygiene testing at one school (work at a particular place),reviewed,"2xh6-psuq version 2026-08-04, SCA0000076073|K268: SCA IEH: 'PO18-PERFORM ACM ABATE/REPLACE DAMAGED FLOOR TILES AT LOCATIONS CLASSROOM FLOORS 315,321,208, 204 FL' at K268 (P.S. 268 - BROOKLYN)"
SCA0000076074|M514,physical,,,review: environmental hygiene testing at one school (work at a particular place),reviewed,"2xh6-psuq version 2026-08-04, SCA0000076074|M514: SCA IEH: 'PO18-SAFE ACCESS ABATEMENT' at M514 (M226 SPED - MANHATTAN)"
SCA0000076076|K207,physical,,,review: environmental hygiene testing at one school (work at a particular place),reviewed,"2xh6-psuq version 2026-08-04, SCA0000076076|K207: SCA IEH: 'PO18-ABATE BULLETIN BOARD AT LOCATION 2ND FL HALLWAY (SPACE ID 2000)' at K207 (P.S. 207 - BROOKLYN)"
SCA0000076078|Q231,physical,,,review: environmental hygiene testing at one school (work at a particular place),reviewed,"2xh6-psuq version 2026-08-04, SCA0000076078|Q231: SCA IEH: 'PO18-CORE DRIILING AS PER VENDOR REQUEST CORE DRILLING NEEDED FOR DATA CONDUIT' at Q231 (COLLABORATIVE ARTS MIDDLE SCHOOL - QUEENS)"
SCA0000076079|Q430,physical,,,review: environmental hygiene testing at one school (work at a particular place),reviewed,"2xh6-psuq version 2026-08-04, SCA0000076079|Q430: SCA IEH: 'PO18-ABATEMENT OF PIPE INSULATION IN BASEMENT LOCKER ROOM APPROX. 90LF' at Q430 (FRANCIS LEWIS HS - QUEENS)"
SCA0000076080|K127,physical,,,review: environmental hygiene testing at one school (work at a particular place),reviewed,"2xh6-psuq version 2026-08-04, SCA0000076080|K127: SCA IEH: 'PO18-ABATE AND REPAIR DAMAGED WALL AND CEILNG PLASTERS AT LOCATIONS ROOM 105, 108, 207, 209' at K127 (P.S. 127 - BROOKLYN)"
SCA0000076084|X049,physical,,,review: environmental hygiene testing at one school (work at a particular place),reviewed,"2xh6-psuq version 2026-08-04, SCA0000076084|X049: SCA IEH: 'PO18-ABATE AND REPAIR 2ND FLOOR, ROOM#200: APPROXIMATELY 96 LF OF BASEBOARD/MASTIC APPROXIMATELY 17' at X049 (P.S. 49 - BRONX)"
SCA0000076086|X174,physical,,,review: environmental hygiene testing at one school (work at a particular place),reviewed,"2xh6-psuq version 2026-08-04, SCA0000076086|X174: SCA IEH: 'PO18-REMOVAL MONLY 12X12 FLOOR TILES TILES IN ROOM 114' at X174 (WOMEN'S ACADEMY OF EXCELLENCE - BRONX)"
SCA0000076087|X046,physical,,,review: environmental hygiene testing at one school (work at a particular place),reviewed,"2xh6-psuq version 2026-08-04, SCA0000076087|X046: SCA IEH: 'PO18-SPACE ID: 6450 - BATHROOM 534 ABATE PIPE COVERING INCLUDING THE PIPE BEHIND THE METAL JACKET, M' at X046 (P.S. 46 - BRONX)"
SCA0000076092|K600,physical,,,review: environmental hygiene testing at one school (work at a particular place),reviewed,"2xh6-psuq version 2026-08-04, SCA0000076092|K600: SCA IEH: 'PO18-ABATE AND REPLACE 9X9 FLOOR TILES IN CLASSROOM B50. LOCATED IN THE BASEMENT, SPACE ID 10050A' at K600 (CLARA BARTON HS - K)"
SCA0000076095|M625,physical,,,review: environmental hygiene testing at one school (work at a particular place),reviewed,"2xh6-psuq version 2026-08-04, SCA0000076095|M625: SCA IEH: 'PO18-ABATE PIPE INSULATION IN THE MIAN  LOBBY (SPACE ID# 2000L) IT IS ABOUT 4 LINEAR FEET THAT NEED' at M625 (THE BUSINESS OF SPORTS SCHOOL)"
SCA0000076096|K515,physical,,,review: environmental hygiene testing at one school (work at a particular place),reviewed,"2xh6-psuq version 2026-08-04, SCA0000076096|K515: SCA IEH: 'PO18-ABATE MARKED PIPE INSULATION VALVE LOCATED IN BOILER ROOM -ABOVE THE STEAM HEADER' at K515 (BROOKLYN COMMUNITY HIGH SCHOOL FOR EXCELLENCE AND EQUITY - K)"
SCA0000076102|M110,physical,,,review: environmental hygiene testing at one school (work at a particular place),reviewed,"2xh6-psuq version 2026-08-04, SCA0000076102|M110: SCA IEH: 'PO18-EMERGENCY CLEANUP SERVICES FOR ROOM 506' at M110 (P.S. 110 - MANHATTAN)"
